myownaccuracy,respcorrs,minNrPractice,considerNrTrials,Instruction_loop.thisRepN,Instruction_loop.thisTrialN,Instruction_loop.thisN,Instruction_loop.thisIndex,Instruction_loop.ran,slides,participant,date,expName,psychopyVersion,OS,frameRate,pract_resp.keys,pract_resp.corr,myownaccuracyCORR,pract_loop.thisRepN,pract_loop.thisTrialN,pract_loop.thisN,pract_loop.thisIndex,pract_loop.ran,trialN,first_butterfly,second_butterfly,Cue,left_flower,top_flower,bottom_flower,right_flower,corr_ans,obj_file,trial_cond,switch_cond,cuedButter,pract_resp.rt,repeat_pract.thisRepN,repeat_pract.thisTrialN,repeat_pract.thisN,repeat_pract.thisIndex,repeat_pract.ran,task_resp.keys,task_resp.corr,task_resp.rt,task_loop.thisRepN,task_loop.thisTrialN,task_loop.thisN,task_loop.thisIndex,task_loop.ran,trial_type,rep_resp_2.keys,rep_resp_2.rt,repeat_task.thisRepN,repeat_task.thisTrialN,repeat_task.thisN,repeat_task.thisIndex,repeat_task.ran,task_resp_2.keys,task_resp_2.corr,task_resp_2.rt,cont_check.thisRepN,cont_check.thisTrialN,cont_check.thisN,cont_check.thisIndex,cont_check.ran,butterfly,finalmess_resp_3.keys,finalmess_resp_3.rt
[],[],10,10,0,0,0,0,1,stimuli/slide1.png,4,2020-12-17_10h53.05.742,premce3DEU_ses-01_part-01_label-phase1,2020.1.2,Win32,60,,,,,,,,,,,,,,,,,,,,,,,,,,,,,,,,,,,,,,,,,,,,,,,,,,,,,,
,,,,0,1,1,1,1,stimuli/slide2.png,4,2020-12-17_10h53.05.742,premce3DEU_ses-01_part-01_label-phase1,2020.1.2,Win32,60,,,,,,,,,,,,,,,,,,,,,,,,,,,,,,,,,,,,,,,,,,,,,,,,,,,,,,
,,,,0,2,2,2,1,stimuli/slide3.png,4,2020-12-17_10h53.05.742,premce3DEU_ses-01_part-01_label-phase1,2020.1.2,Win32,60,,,,,,,,,,,,,,,,,,,,,,,,,,,,,,,,,,,,,,,,,,,,,,,,,,,,,,
,,,,0,3,3,3,1,stimuli/slide4.png,4,2020-12-17_10h53.05.742,premce3DEU_ses-01_part-01_label-phase1,2020.1.2,Win32,60,,,,,,,,,,,,,,,,,,,,,,,,,,,,,,,,,,,,,,,,,,,,,,,,,,,,,,
,,,,0,4,4,4,1,stimuli/slide5.png,4,2020-12-17_10h53.05.742,premce3DEU_ses-01_part-01_label-phase1,2020.1.2,Win32,60,,,,,,,,,,,,,,,,,,,,,,,,,,,,,,,,,,,,,,,,,,,,,,,,,,,,,,
,,,,0,5,5,5,1,stimuli/slide6.png,4,2020-12-17_10h53.05.742,premce3DEU_ses-01_part-01_label-phase1,2020.1.2,Win32,60,,,,,,,,,,,,,,,,,,,,,,,,,,,,,,,,,,,,,,,,,,,,,,,,,,,,,,
0,[],,,,,,,,,4,2020-12-17_10h53.05.742,premce3DEU_ses-01_part-01_label-phase1,2020.1.2,Win32,60,,0,0,0,0,0,0,1,1,stimuli/yellow_butterfly.png,stimuli/red_butterfly.png,1,stimuli/white_flower.png,stimuli/grey_flower.png,stimuli/acqua_flower.png,stimuli/brown_flower.png,right,stimuli/objects/smokedetector02.jpg,1,0,stimuli/yellow_butterfly.png,,,,,,,,,,,,,,,,,,,,,,,,,,,,,,,,,
0,[0],,,,,,,,,4,2020-12-17_10h53.05.742,premce3DEU_ses-01_part-01_label-phase1,2020.1.2,Win32,60,left,0,0,0,1,1,1,1,2,stimuli/red_butterfly.png,stimuli/yellow_butterfly.png,2,stimuli/acqua_flower.png,stimuli/brown_flower.png,stimuli/grey_flower.png,stimuli/white_flower.png,down,stimuli/objects/suitofarmor.jpg,0,0,stimuli/yellow_butterfly.png,0.351965,,,,,,,,,,,,,,,,,,,,,,,,,,,,,,,,
0,[0],,,,,,,,,4,2020-12-17_10h53.05.742,premce3DEU_ses-01_part-01_label-phase1,2020.1.2,Win32,60,up,0,0,0,2,2,2,1,3,stimuli/yellow_butterfly.png,stimuli/red_butterfly.png,2,stimuli/acqua_flower.png,stimuli/white_flower.png,stimuli/grey_flower.png,stimuli/brown_flower.png,left,stimuli/objects/christmaswreath.jpg,1,0,stimuli/red_butterfly.png,0.522605,,,,,,,,,,,,,,,,,,,,,,,,,,,,,,,,
1,"[0,0]",,,,,,,,,4,2020-12-17_10h53.05.742,premce3DEU_ses-01_part-01_label-phase1,2020.1.2,Win32,60,up,1,1,0,3,3,3,1,4,stimuli/red_butterfly.png,stimuli/yellow_butterfly.png,1,stimuli/brown_flower.png,stimuli/acqua_flower.png,stimuli/grey_flower.png,stimuli/white_flower.png,up,stimuli/objects/rhinoceros02.jpg,1,0,stimuli/red_butterfly.png,0.449555,,,,,,,,,,,,,,,,,,,,,,,,,,,,,,,,
1,"[0,0,1]",,,,,,,,,4,2020-12-17_10h53.05.742,premce3DEU_ses-01_part-01_label-phase1,2020.1.2,Win32,60,left,1,1,0,4,4,4,1,5,stimuli/red_butterfly.png,stimuli/yellow_butterfly.png,1,stimuli/acqua_flower.png,stimuli/brown_flower.png,stimuli/grey_flower.png,stimuli/white_flower.png,left,stimuli/objects/jackhammer.jpg,1,0,stimuli/red_butterfly.png,0.43405,,,,,,,,,,,,,,,,,,,,,,,,,,,,,,,,
0,"[0,0,1,1]",,,,,,,,,4,2020-12-17_10h53.05.742,premce3DEU_ses-01_part-01_label-phase1,2020.1.2,Win32,60,down,0,0,0,5,5,5,1,6,stimuli/red_butterfly.png,stimuli/yellow_butterfly.png,2,stimuli/grey_flower.png,stimuli/brown_flower.png,stimuli/white_flower.png,stimuli/acqua_flower.png,up,stimuli/objects/mathcompass.jpg,1,0,stimuli/yellow_butterfly.png,1.041985,,,,,,,,,,,,,,,,,,,,,,,,,,,,,,,,
1,"[0,0,1,1,0]",,,,,,,,,4,2020-12-17_10h53.05.742,premce3DEU_ses-01_part-01_label-phase1,2020.1.2,Win32,60,up,1,1,0,6,6,6,1,7,stimuli/yellow_butterfly.png,stimuli/red_butterfly.png,1,stimuli/white_flower.png,stimuli/brown_flower.png,stimuli/acqua_flower.png,stimuli/grey_flower.png,up,stimuli/objects/towelrack.jpg,1,0,stimuli/yellow_butterfly.png,0.38849,,,,,,,,,,,,,,,,,,,,,,,,,,,,,,,,
1,"[0,0,1,1,0,1]",,,,,,,,,4,2020-12-17_10h53.05.742,premce3DEU_ses-01_part-01_label-phase1,2020.1.2,Win32,60,down,1,1,0,7,7,7,1,8,stimuli/red_butterfly.png,stimuli/yellow_butterfly.png,1,stimuli/brown_flower.png,stimuli/white_flower.png,stimuli/acqua_flower.png,stimuli/grey_flower.png,down,stimuli/objects/chainlinkfence.jpg,1,0,stimuli/red_butterfly.png,0.65964,,,,,,,,,,,,,,,,,,,,,,,,,,,,,,,,
1,"[0,0,1,1,0,1,1]",,,,,,,,,4,2020-12-17_10h53.05.742,premce3DEU_ses-01_part-01_label-phase1,2020.1.2,Win32,60,down,1,1,0,8,8,8,1,9,stimuli/yellow_butterfly.png,stimuli/red_butterfly.png,1,stimuli/white_flower.png,stimuli/grey_flower.png,stimuli/brown_flower.png,stimuli/acqua_flower.png,down,stimuli/objects/curlingiron01a.jpg,1,0,stimuli/yellow_butterfly.png,0.566235,,,,,,,,,,,,,,,,,,,,,,,,,,,,,,,,
0,"[0,0,1,1,0,1,1,1]",,,,,,,,,4,2020-12-17_10h53.05.742,premce3DEU_ses-01_part-01_label-phase1,2020.1.2,Win32,60,up,0,0,0,9,9,9,1,10,stimuli/red_butterfly.png,stimuli/yellow_butterfly.png,2,stimuli/white_flower.png,stimuli/acqua_flower.png,stimuli/grey_flower.png,stimuli/brown_flower.png,right,stimuli/objects/fingernail02.jpg,1,0,stimuli/yellow_butterfly.png,0.577215,,,,,,,,,,,,,,,,,,,,,,,,,,,,,,,,
1,"[0,0,1,1,0,1,1,1,0]",,,,,,,,,4,2020-12-17_10h53.05.742,premce3DEU_ses-01_part-01_label-phase1,2020.1.2,Win32,60,down,1,1,0,10,10,10,1,11,stimuli/yellow_butterfly.png,stimuli/red_butterfly.png,2,stimuli/white_flower.png,stimuli/brown_flower.png,stimuli/acqua_flower.png,stimuli/grey_flower.png,down,stimuli/objects/barbecuelighter.jpg,1,0,stimuli/red_butterfly.png,1.308345,,,,,,,,,,,,,,,,,,,,,,,,,,,,,,,,
0,"[0,0,1,1,0,1,1,1,0,1]",,,,,,,,,4,2020-12-17_10h53.05.742,premce3DEU_ses-01_part-01_label-phase1,2020.1.2,Win32,60,right,0,1,0,11,11,11,1,12,stimuli/yellow_butterfly.png,stimuli/red_butterfly.png,1,stimuli/grey_flower.png,stimuli/white_flower.png,stimuli/acqua_flower.png,stimuli/brown_flower.png,left,stimuli/objects/coatrack.jpg,0,0,stimuli/yellow_butterfly.png,1.648435,,,,,,,,,,,,,,,,,,,,,,,,,,,,,,,,
0,"[0,0,1,1,0,1,1,1,0,1]",,,,,,,,,4,2020-12-17_10h53.05.742,premce3DEU_ses-01_part-01_label-phase1,2020.1.2,Win32,60,left,0,1,0,12,12,12,1,13,stimuli/yellow_butterfly.png,stimuli/red_butterfly.png,2,stimuli/acqua_flower.png,stimuli/grey_flower.png,stimuli/brown_flower.png,stimuli/white_flower.png,down,stimuli/objects/bulletbelt.jpg,0,0,stimuli/red_butterfly.png,0.93496,,,,,,,,,,,,,,,,,,,,,,,,,,,,,,,,
0,"[0,0,1,1,0,1,1,1,0,1]",,,,,,,,,4,2020-12-17_10h53.05.742,premce3DEU_ses-01_part-01_label-phase1,2020.1.2,Win32,60,left,0,0,0,13,13,13,1,14,stimuli/yellow_butterfly.png,stimuli/red_butterfly.png,2,stimuli/brown_flower.png,stimuli/grey_flower.png,stimuli/acqua_flower.png,stimuli/white_flower.png,down,stimuli/objects/skippingrope.jpg,1,0,stimuli/red_butterfly.png,1.221055,,,,,,,,,,,,,,,,,,,,,,,,,,,,,,,,
1,"[0,0,1,1,0,1,1,1,0,1,0]",,,,,,,,,4,2020-12-17_10h53.05.742,premce3DEU_ses-01_part-01_label-phase1,2020.1.2,Win32,60,right,1,1,0,14,14,14,1,15,stimuli/red_butterfly.png,stimuli/yellow_butterfly.png,1,stimuli/grey_flower.png,stimuli/brown_flower.png,stimuli/white_flower.png,stimuli/acqua_flower.png,right,stimuli/objects/rowboat.jpg,1,0,stimuli/red_butterfly.png,1.107255,,,,,,,,,,,,,,,,,,,,,,,,,,,,,,,,
1,"[0,0,1,1,0,1,1,1,0,1,0,1]",,,,,,,,,4,2020-12-17_10h53.05.742,premce3DEU_ses-01_part-01_label-phase1,2020.1.2,Win32,60,down,1,1,0,15,15,15,1,16,stimuli/red_butterfly.png,stimuli/yellow_butterfly.png,1,stimuli/grey_flower.png,stimuli/white_flower.png,stimuli/acqua_flower.png,stimuli/brown_flower.png,down,stimuli/objects/pipewrench.jpg,1,0,stimuli/red_butterfly.png,0.521325,,,,,,,,,,,,,,,,,,,,,,,,,,,,,,,,
1,"[0,0,1,1,0,1,1,1,0,1,0,1,1]",,,,,,,,,4,2020-12-17_10h53.05.742,premce3DEU_ses-01_part-01_label-phase1,2020.1.2,Win32,60,up,1,1,0,16,16,16,1,17,stimuli/red_butterfly.png,stimuli/yellow_butterfly.png,1,stimuli/white_flower.png,stimuli/acqua_flower.png,stimuli/grey_flower.png,stimuli/brown_flower.png,up,stimuli/objects/toyfiretruck.jpg,1,0,stimuli/red_butterfly.png,0.54236,,,,,,,,,,,,,,,,,,,,,,,,,,,,,,,,
1,"[0,0,1,1,0,1,1,1,0,1,0,1,1,1]",,,,,,,,,4,2020-12-17_10h53.05.742,premce3DEU_ses-01_part-01_label-phase1,2020.1.2,Win32,60,left,1,1,0,17,17,17,1,18,stimuli/red_butterfly.png,stimuli/yellow_butterfly.png,2,stimuli/brown_flower.png,stimuli/acqua_flower.png,stimuli/grey_flower.png,stimuli/white_flower.png,left,stimuli/objects/butterfly4.jpg,1,0,stimuli/yellow_butterfly.png,0.94605,,,,,,,,,,,,,,,,,,,,,,,,,,,,,,,,
,[],,,,,,,,,4,2020-12-17_10h53.05.742,premce3DEU_ses-01_part-01_label-phase1,2020.1.2,Win32,60,,,,,,,,,,,,,,,,,,,,,,,0,0,0,0,1,,,,,,,,,,,,,,,,,,,,,,,,,,,
1,[],,,,,,,,,4,2020-12-17_10h53.05.742,premce3DEU_ses-01_part-01_label-phase1,2020.1.2,Win32,60,,,1,,,,,,,stimuli/white_butterfly.png,stimuli/grey_butterfly.png,2,stimuli/yellow_flower.png,stimuli/green_flower.png,stimuli/red_flower.png,stimuli/blue_flower.png,down,stimuli/objects/bowtie.jpg,1,1,stimuli/grey_butterfly.png,,,,,,,down,1,0.74187,0,0,0,0,1,0,,,,,,,,,,,,,,,,,,
1,[1],,,,,,,,,4,2020-12-17_10h53.05.742,premce3DEU_ses-01_part-01_label-phase1,2020.1.2,Win32,60,,,1,,,,,,,stimuli/white_butterfly.png,stimuli/grey_butterfly.png,2,stimuli/red_flower.png,stimuli/yellow_flower.png,stimuli/green_flower.png,stimuli/blue_flower.png,left,stimuli/objects/sheep.jpg,1,1,stimuli/grey_butterfly.png,,,,,,,left,1,0.55497,0,1,1,1,1,0,,,,,,,,,,,,,,,,,,
1,"[1,1]",,,,,,,,,4,2020-12-17_10h53.05.742,premce3DEU_ses-01_part-01_label-phase1,2020.1.2,Win32,60,,,1,,,,,,,stimuli/grey_butterfly.png,stimuli/white_butterfly.png,1,stimuli/red_flower.png,stimuli/blue_flower.png,stimuli/green_flower.png,stimuli/yellow_flower.png,left,stimuli/objects/christmastree.jpg,1,1,stimuli/grey_butterfly.png,,,,,,,left,1,0.47071,0,2,2,2,1,0,,,,,,,,,,,,,,,,,,
1,"[1,1,1]",,,,,,,,,4,2020-12-17_10h53.05.742,premce3DEU_ses-01_part-01_label-phase1,2020.1.2,Win32,60,,,1,,,,,,,stimuli/white_butterfly.png,stimuli/grey_butterfly.png,1,stimuli/green_flower.png,stimuli/yellow_flower.png,stimuli/red_flower.png,stimuli/blue_flower.png,right,stimuli/objects/corn02.jpg,1,1,stimuli/white_butterfly.png,,,,,,,right,1,0.439065,0,3,3,3,1,0,,,,,,,,,,,,,,,,,,
1,"[1,1,1,1]",,,,,,,,,4,2020-12-17_10h53.05.742,premce3DEU_ses-01_part-01_label-phase1,2020.1.2,Win32,60,,,1,,,,,,,stimuli/grey_butterfly.png,stimuli/white_butterfly.png,1,stimuli/blue_flower.png,stimuli/yellow_flower.png,stimuli/green_flower.png,stimuli/red_flower.png,right,stimuli/objects/well.jpg,1,1,stimuli/grey_butterfly.png,,,,,,,right,1,0.592505,0,4,4,4,1,0,,,,,,,,,,,,,,,,,,
1,"[1,1,1,1,1]",,,,,,,,,4,2020-12-17_10h53.05.742,premce3DEU_ses-01_part-01_label-phase1,2020.1.2,Win32,60,,,1,,,,,,,stimuli/grey_butterfly.png,stimuli/white_butterfly.png,2,stimuli/red_flower.png,stimuli/yellow_flower.png,stimuli/blue_flower.png,stimuli/green_flower.png,down,stimuli/objects/trampoline.jpg,1,1,stimuli/white_butterfly.png,,,,,,,down,1,0.678895,0,5,5,5,1,0,,,,,,,,,,,,,,,,,,
1,"[1,1,1,1,1,1]",,,,,,,,,4,2020-12-17_10h53.05.742,premce3DEU_ses-01_part-01_label-phase1,2020.1.2,Win32,60,,,1,,,,,,,stimuli/grey_butterfly.png,stimuli/white_butterfly.png,1,stimuli/red_flower.png,stimuli/blue_flower.png,stimuli/yellow_flower.png,stimuli/green_flower.png,left,stimuli/objects/ceilingfan01.jpg,1,1,stimuli/grey_butterfly.png,,,,,,,left,1,0.980515,0,6,6,6,1,0,,,,,,,,,,,,,,,,,,
0,"[1,1,1,1,1,1,1]",,,,,,,,,4,2020-12-17_10h53.05.742,premce3DEU_ses-01_part-01_label-phase1,2020.1.2,Win32,60,,,0,,,,,,,stimuli/white_butterfly.png,stimuli/grey_butterfly.png,2,stimuli/green_flower.png,stimuli/yellow_flower.png,stimuli/blue_flower.png,stimuli/red_flower.png,right,stimuli/objects/blackolive.jpg,1,1,stimuli/grey_butterfly.png,,,,,,,down,0,1.74206,0,7,7,7,1,0,,,,,,,,,,,,,,,,,,
1,"[1,1,1,1,1,1,1,0]",,,,,,,,,4,2020-12-17_10h53.05.742,premce3DEU_ses-01_part-01_label-phase1,2020.1.2,Win32,60,,,1,,,,,,,stimuli/white_butterfly.png,stimuli/grey_butterfly.png,2,stimuli/yellow_flower.png,stimuli/green_flower.png,stimuli/blue_flower.png,stimuli/red_flower.png,right,stimuli/objects/birdnest.jpg,1,1,stimuli/grey_butterfly.png,,,,,,,right,1,0.388125,0,8,8,8,1,0,,,,,,,,,,,,,,,,,,
1,"[1,1,1,1,1,1,1,0,1]",,,,,,,,,4,2020-12-17_10h53.05.742,premce3DEU_ses-01_part-01_label-phase1,2020.1.2,Win32,60,,,1,,,,,,,stimuli/white_butterfly.png,stimuli/grey_butterfly.png,2,stimuli/yellow_flower.png,stimuli/red_flower.png,stimuli/green_flower.png,stimuli/blue_flower.png,up,stimuli/objects/flamingo.jpg,1,1,stimuli/grey_butterfly.png,,,,,,,up,1,0.59234,0,9,9,9,1,0,,,,,,,,,,,,,,,,,,
1,"[1,1,1,1,1,1,1,0,1,1]",,,,,,,,,4,2020-12-17_10h53.05.742,premce3DEU_ses-01_part-01_label-phase1,2020.1.2,Win32,60,,,1,,,,,,,stimuli/grey_butterfly.png,stimuli/white_butterfly.png,2,stimuli/red_flower.png,stimuli/blue_flower.png,stimuli/yellow_flower.png,stimuli/green_flower.png,up,stimuli/objects/bison.jpg,1,1,stimuli/white_butterfly.png,,,,,,,up,1,0.504585,0,10,10,10,1,0,,,,,,,,,,,,,,,,,,
1,"[1,1,1,1,1,1,1,0,1,1,1]",,,,,,,,,4,2020-12-17_10h53.05.742,premce3DEU_ses-01_part-01_label-phase1,2020.1.2,Win32,60,,,1,,,,,,,stimuli/white_butterfly.png,stimuli/grey_butterfly.png,1,stimuli/yellow_flower.png,stimuli/green_flower.png,stimuli/blue_flower.png,stimuli/red_flower.png,down,stimuli/objects/lilypad.jpg,1,1,stimuli/white_butterfly.png,,,,,,,down,1,0.99101,0,11,11,11,1,0,,,,,,,,,,,,,,,,,,
1,"[1,1,1,1,1,1,1,0,1,1,1,1]",,,,,,,,,4,2020-12-17_10h53.05.742,premce3DEU_ses-01_part-01_label-phase1,2020.1.2,Win32,60,,,1,,,,,,,stimuli/white_butterfly.png,stimuli/grey_butterfly.png,1,stimuli/red_flower.png,stimuli/yellow_flower.png,stimuli/green_flower.png,stimuli/blue_flower.png,right,stimuli/objects/athleticsock.jpg,1,1,stimuli/white_butterfly.png,,,,,,,right,1,0.82348,0,12,12,12,1,0,,,,,,,,,,,,,,,,,,
1,"[1,1,1,1,1,1,1,0,1,1,1,1,1]",,,,,,,,,4,2020-12-17_10h53.05.742,premce3DEU_ses-01_part-01_label-phase1,2020.1.2,Win32,60,,,1,,,,,,,stimuli/white_butterfly.png,stimuli/grey_butterfly.png,1,stimuli/blue_flower.png,stimuli/red_flower.png,stimuli/green_flower.png,stimuli/yellow_flower.png,left,stimuli/objects/dormer.jpg,1,1,stimuli/white_butterfly.png,,,,,,,left,1,0.52369,0,13,13,13,1,0,,,,,,,,,,,,,,,,,,
1,"[1,1,1,1,1,1,1,0,1,1,1,1,1,1]",,,,,,,,,4,2020-12-17_10h53.05.742,premce3DEU_ses-01_part-01_label-phase1,2020.1.2,Win32,60,,,1,,,,,,,stimuli/grey_butterfly.png,stimuli/white_butterfly.png,1,stimuli/green_flower.png,stimuli/yellow_flower.png,stimuli/red_flower.png,stimuli/blue_flower.png,down,stimuli/objects/butterfly1.jpg,1,1,stimuli/grey_butterfly.png,,,,,,,down,1,0.610785,0,14,14,14,1,0,,,,,,,,,,,,,,,,,,
1,"[1,1,1,1,1,1,1,0,1,1,1,1,1,1,1]",,,,,,,,,4,2020-12-17_10h53.05.742,premce3DEU_ses-01_part-01_label-phase1,2020.1.2,Win32,60,,,1,,,,,,,stimuli/grey_butterfly.png,stimuli/white_butterfly.png,1,stimuli/green_flower.png,stimuli/red_flower.png,stimuli/blue_flower.png,stimuli/yellow_flower.png,up,stimuli/objects/smartboard.jpg,1,1,stimuli/grey_butterfly.png,,,,,,,up,1,0.832485,0,15,15,15,1,0,,,,,,,,,,,,,,,,,,
1,"[1,1,1,1,1,1,1,0,1,1,1,1,1,1,1,1]",,,,,,,,,4,2020-12-17_10h53.05.742,premce3DEU_ses-01_part-01_label-phase1,2020.1.2,Win32,60,,,1,,,,,,,stimuli/grey_butterfly.png,stimuli/white_butterfly.png,1,stimuli/red_flower.png,stimuli/yellow_flower.png,stimuli/green_flower.png,stimuli/blue_flower.png,left,stimuli/objects/chainsaw.jpg,1,1,stimuli/grey_butterfly.png,,,,,,,left,1,0.55145,0,16,16,16,1,0,,,,,,,,,,,,,,,,,,
1,"[1,1,1,1,1,1,1,0,1,1,1,1,1,1,1,1,1]",,,,,,,,,4,2020-12-17_10h53.05.742,premce3DEU_ses-01_part-01_label-phase1,2020.1.2,Win32,60,,,1,,,,,,,stimuli/grey_butterfly.png,stimuli/white_butterfly.png,2,stimuli/yellow_flower.png,stimuli/red_flower.png,stimuli/blue_flower.png,stimuli/green_flower.png,down,stimuli/objects/baseballbat.jpg,1,1,stimuli/white_butterfly.png,,,,,,,down,1,0.57953,0,17,17,17,1,0,,,,,,,,,,,,,,,,,,
1,"[1,1,1,1,1,1,1,0,1,1,1,1,1,1,1,1,1,1]",,,,,,,,,4,2020-12-17_10h53.05.742,premce3DEU_ses-01_part-01_label-phase1,2020.1.2,Win32,60,,,1,,,,,,,stimuli/white_butterfly.png,stimuli/grey_butterfly.png,1,stimuli/yellow_flower.png,stimuli/blue_flower.png,stimuli/green_flower.png,stimuli/red_flower.png,up,stimuli/objects/jeep.jpg,1,1,stimuli/white_butterfly.png,,,,,,,up,1,1.098215,0,18,18,18,1,0,,,,,,,,,,,,,,,,,,
1,"[1,1,1,1,1,1,1,0,1,1,1,1,1,1,1,1,1,1,1]",,,,,,,,,4,2020-12-17_10h53.05.742,premce3DEU_ses-01_part-01_label-phase1,2020.1.2,Win32,60,,,1,,,,,,,stimuli/grey_butterfly.png,stimuli/white_butterfly.png,2,stimuli/yellow_flower.png,stimuli/blue_flower.png,stimuli/green_flower.png,stimuli/red_flower.png,up,stimuli/objects/mattress.jpg,1,1,stimuli/white_butterfly.png,,,,,,,up,1,0.8257,0,19,19,19,1,0,,,,,,,,,,,,,,,,,,
1,"[1,1,1,1,1,1,1,0,1,1,1,1,1,1,1,1,1,1,1,1]",,,,,,,,,4,2020-12-17_10h53.05.742,premce3DEU_ses-01_part-01_label-phase1,2020.1.2,Win32,60,,,1,,,,,,,stimuli/grey_butterfly.png,stimuli/white_butterfly.png,2,stimuli/green_flower.png,stimuli/red_flower.png,stimuli/yellow_flower.png,stimuli/blue_flower.png,right,stimuli/objects/pokerchips.jpg,1,1,stimuli/white_butterfly.png,,,,,,,right,1,1.318585,0,20,20,20,1,0,,,,,,,,,,,,,,,,,,
1,"[1,1,1,1,1,1,1,0,1,1,1,1,1,1,1,1,1,1,1,1,1]",,,,,,,,,4,2020-12-17_10h53.05.742,premce3DEU_ses-01_part-01_label-phase1,2020.1.2,Win32,60,,,1,,,,,,,stimuli/white_butterfly.png,stimuli/grey_butterfly.png,2,stimuli/yellow_flower.png,stimuli/red_flower.png,stimuli/blue_flower.png,stimuli/green_flower.png,up,stimuli/objects/parkfountain.jpg,1,1,stimuli/grey_butterfly.png,,,,,,,up,1,0.756215,0,21,21,21,1,1,,,,,,,,,,,,,,,,,,
1,"[1,1,1,1,1,1,1,0,1,1,1,1,1,1,1,1,1,1,1,1,1,1]",,,,,,,,,4,2020-12-17_10h53.05.742,premce3DEU_ses-01_part-01_label-phase1,2020.1.2,Win32,60,,,1,,,,,,,stimuli/white_butterfly.png,stimuli/grey_butterfly.png,2,stimuli/blue_flower.png,stimuli/red_flower.png,stimuli/yellow_flower.png,stimuli/green_flower.png,up,stimuli/objects/americanwhitepelican.jpg,1,1,stimuli/grey_butterfly.png,,,,,,,up,1,0.42521,0,22,22,22,1,1,,,,,,,,,,,,,,,,,,
0,"[1,1,1,1,1,1,1,0,1,1,1,1,1,1,1,1,1,1,1,1,1,1,1]",,,,,,,,,4,2020-12-17_10h53.05.742,premce3DEU_ses-01_part-01_label-phase1,2020.1.2,Win32,60,,,1,,,,,,,stimuli/white_butterfly.png,stimuli/grey_butterfly.png,2,stimuli/green_flower.png,stimuli/blue_flower.png,stimuli/red_flower.png,stimuli/yellow_flower.png,left,stimuli/objects/snowboard.jpg,0,1,stimuli/grey_butterfly.png,,,,,,,down,0,0.586605,0,23,23,23,1,1,,,,,,,,,,,,,,,,,,
1,"[1,1,1,1,1,1,1,0,1,1,1,1,1,1,1,1,1,1,1,1,1,1,1]",,,,,,,,,4,2020-12-17_10h53.05.742,premce3DEU_ses-01_part-01_label-phase1,2020.1.2,Win32,60,,,1,,,,,,,stimuli/white_butterfly.png,stimuli/grey_butterfly.png,1,stimuli/green_flower.png,stimuli/red_flower.png,stimuli/yellow_flower.png,stimuli/blue_flower.png,right,stimuli/objects/diploma02.jpg,1,1,stimuli/white_butterfly.png,,,,,,,right,1,0.60794,0,24,24,24,1,1,,,,,,,,,,,,,,,,,,
1,"[1,1,1,1,1,1,1,0,1,1,1,1,1,1,1,1,1,1,1,1,1,1,1,1]",,,,,,,,,4,2020-12-17_10h53.05.742,premce3DEU_ses-01_part-01_label-phase1,2020.1.2,Win32,60,,,1,,,,,,,stimuli/white_butterfly.png,stimuli/grey_butterfly.png,1,stimuli/green_flower.png,stimuli/red_flower.png,stimuli/blue_flower.png,stimuli/yellow_flower.png,down,stimuli/objects/swordfish.jpg,1,1,stimuli/white_butterfly.png,,,,,,,down,1,0.592535,0,25,25,25,1,1,,,,,,,,,,,,,,,,,,
1,"[1,1,1,1,1,1,1,0,1,1,1,1,1,1,1,1,1,1,1,1,1,1,1,1,1]",,,,,,,,,4,2020-12-17_10h53.05.742,premce3DEU_ses-01_part-01_label-phase1,2020.1.2,Win32,60,,,1,,,,,,,stimuli/grey_butterfly.png,stimuli/white_butterfly.png,1,stimuli/green_flower.png,stimuli/yellow_flower.png,stimuli/blue_flower.png,stimuli/red_flower.png,right,stimuli/objects/vulture.jpg,1,1,stimuli/grey_butterfly.png,,,,,,,right,1,0.55139,0,26,26,26,1,1,,,,,,,,,,,,,,,,,,
1,"[1,1,1,1,1,1,1,0,1,1,1,1,1,1,1,1,1,1,1,1,1,1,1,1,1,1]",,,,,,,,,4,2020-12-17_10h53.05.742,premce3DEU_ses-01_part-01_label-phase1,2020.1.2,Win32,60,,,1,,,,,,,stimuli/grey_butterfly.png,stimuli/white_butterfly.png,2,stimuli/red_flower.png,stimuli/green_flower.png,stimuli/blue_flower.png,stimuli/yellow_flower.png,down,stimuli/objects/wheelbarrow01.jpg,1,1,stimuli/white_butterfly.png,,,,,,,down,1,0.757855,0,27,27,27,1,1,,,,,,,,,,,,,,,,,,
1,"[1,1,1,1,1,1,1,0,1,1,1,1,1,1,1,1,1,1,1,1,1,1,1,1,1,1,1]",,,,,,,,,4,2020-12-17_10h53.05.742,premce3DEU_ses-01_part-01_label-phase1,2020.1.2,Win32,60,,,1,,,,,,,stimuli/white_butterfly.png,stimuli/grey_butterfly.png,2,stimuli/red_flower.png,stimuli/blue_flower.png,stimuli/green_flower.png,stimuli/yellow_flower.png,left,stimuli/objects/locker.jpg,1,1,stimuli/grey_butterfly.png,,,,,,,left,1,0.998535,0,28,28,28,1,1,,,,,,,,,,,,,,,,,,
1,"[1,1,1,1,1,1,1,0,1,1,1,1,1,1,1,1,1,1,1,1,1,1,1,1,1,1,1,1]",,,,,,,,,4,2020-12-17_10h53.05.742,premce3DEU_ses-01_part-01_label-phase1,2020.1.2,Win32,60,,,1,,,,,,,stimuli/white_butterfly.png,stimuli/grey_butterfly.png,1,stimuli/blue_flower.png,stimuli/red_flower.png,stimuli/yellow_flower.png,stimuli/green_flower.png,left,stimuli/objects/masquerademask01.jpg,1,1,stimuli/white_butterfly.png,,,,,,,left,1,0.422075,0,29,29,29,1,1,,,,,,,,,,,,,,,,,,
0,"[1,1,1,1,1,1,1,0,1,1,1,1,1,1,1,1,1,1,1,1,1,1,1,1,1,1,1,1,1]",,,,,,,,,4,2020-12-17_10h53.05.742,premce3DEU_ses-01_part-01_label-phase1,2020.1.2,Win32,60,,,1,,,,,,,stimuli/white_butterfly.png,stimuli/grey_butterfly.png,1,stimuli/green_flower.png,stimuli/yellow_flower.png,stimuli/blue_flower.png,stimuli/red_flower.png,left,stimuli/objects/saxophone.jpg,0,1,stimuli/white_butterfly.png,,,,,,,down,0,1.583755,0,30,30,30,1,1,,,,,,,,,,,,,,,,,,
0,"[1,1,1,1,1,1,1,0,1,1,1,1,1,1,1,1,1,1,1,1,1,1,1,1,1,1,1,1,1]",,,,,,,,,4,2020-12-17_10h53.05.742,premce3DEU_ses-01_part-01_label-phase1,2020.1.2,Win32,60,,,1,,,,,,,stimuli/white_butterfly.png,stimuli/grey_butterfly.png,2,stimuli/blue_flower.png,stimuli/green_flower.png,stimuli/yellow_flower.png,stimuli/red_flower.png,left,stimuli/objects/swimsuit.jpg,0,1,stimuli/grey_butterfly.png,,,,,,,right,0,0.39948,0,31,31,31,1,1,,,,,,,,,,,,,,,,,,
1,"[1,1,1,1,1,1,1,0,1,1,1,1,1,1,1,1,1,1,1,1,1,1,1,1,1,1,1,1,1]",,,,,,,,,4,2020-12-17_10h53.05.742,premce3DEU_ses-01_part-01_label-phase1,2020.1.2,Win32,60,,,1,,,,,,,stimuli/white_butterfly.png,stimuli/grey_butterfly.png,1,stimuli/yellow_flower.png,stimuli/red_flower.png,stimuli/blue_flower.png,stimuli/green_flower.png,down,stimuli/objects/chefshat.jpg,1,1,stimuli/white_butterfly.png,,,,,,,down,1,0.748665,0,32,32,32,1,1,,,,,,,,,,,,,,,,,,
0,"[1,1,1,1,1,1,1,0,1,1,1,1,1,1,1,1,1,1,1,1,1,1,1,1,1,1,1,1,1,1]",,,,,,,,,4,2020-12-17_10h53.05.742,premce3DEU_ses-01_part-01_label-phase1,2020.1.2,Win32,60,,,1,,,,,,,stimuli/grey_butterfly.png,stimuli/white_butterfly.png,2,stimuli/blue_flower.png,stimuli/red_flower.png,stimuli/yellow_flower.png,stimuli/green_flower.png,up,stimuli/objects/sheriffhat.jpg,0,1,stimuli/white_butterfly.png,,,,,,,left,0,0.395985,0,33,33,33,1,1,,,,,,,,,,,,,,,,,,
1,"[1,1,1,1,1,1,1,0,1,1,1,1,1,1,1,1,1,1,1,1,1,1,1,1,1,1,1,1,1,1]",,,,,,,,,4,2020-12-17_10h53.05.742,premce3DEU_ses-01_part-01_label-phase1,2020.1.2,Win32,60,,,1,,,,,,,stimuli/grey_butterfly.png,stimuli/white_butterfly.png,1,stimuli/blue_flower.png,stimuli/red_flower.png,stimuli/yellow_flower.png,stimuli/green_flower.png,up,stimuli/objects/floortile02.jpg,1,1,stimuli/grey_butterfly.png,,,,,,,up,1,0.36215,0,34,34,34,1,1,,,,,,,,,,,,,,,,,,
1,"[1,1,1,1,1,1,1,0,1,1,1,1,1,1,1,1,1,1,1,1,1,1,1,1,1,1,1,1,1,1,1]",,,,,,,,,4,2020-12-17_10h53.05.742,premce3DEU_ses-01_part-01_label-phase1,2020.1.2,Win32,60,,,1,,,,,,,stimuli/grey_butterfly.png,stimuli/white_butterfly.png,1,stimuli/red_flower.png,stimuli/yellow_flower.png,stimuli/blue_flower.png,stimuli/green_flower.png,left,stimuli/objects/licenseplate.jpg,1,1,stimuli/grey_butterfly.png,,,,,,,left,1,0.53288,0,35,35,35,1,1,,,,,,,,,,,,,,,,,,
1,"[1,1,1,1,1,1,1,0,1,1,1,1,1,1,1,1,1,1,1,1,1,1,1,1,1,1,1,1,1,1,1,1]",,,,,,,,,4,2020-12-17_10h53.05.742,premce3DEU_ses-01_part-01_label-phase1,2020.1.2,Win32,60,,,1,,,,,,,stimuli/grey_butterfly.png,stimuli/white_butterfly.png,2,stimuli/red_flower.png,stimuli/yellow_flower.png,stimuli/green_flower.png,stimuli/blue_flower.png,right,stimuli/objects/gavel.jpg,1,1,stimuli/white_butterfly.png,,,,,,,right,1,0.585695,0,36,36,36,1,1,,,,,,,,,,,,,,,,,,
0,"[1,1,1,1,1,1,1,0,1,1,1,1,1,1,1,1,1,1,1,1,1,1,1,1,1,1,1,1,1,1,1,1,1]",,,,,,,,,4,2020-12-17_10h53.05.742,premce3DEU_ses-01_part-01_label-phase1,2020.1.2,Win32,60,,,1,,,,,,,stimuli/grey_butterfly.png,stimuli/white_butterfly.png,1,stimuli/red_flower.png,stimuli/green_flower.png,stimuli/yellow_flower.png,stimuli/blue_flower.png,down,stimuli/objects/butterfly4.jpg,0,1,stimuli/grey_butterfly.png,,,,,,,left,0,1.948655,0,37,37,37,1,1,,,,,,,,,,,,,,,,,,
0,"[1,1,1,1,1,1,1,0,1,1,1,1,1,1,1,1,1,1,1,1,1,1,1,1,1,1,1,1,1,1,1,1,1]",,,,,,,,,4,2020-12-17_10h53.05.742,premce3DEU_ses-01_part-01_label-phase1,2020.1.2,Win32,60,,,1,,,,,,,stimuli/grey_butterfly.png,stimuli/white_butterfly.png,2,stimuli/blue_flower.png,stimuli/yellow_flower.png,stimuli/green_flower.png,stimuli/red_flower.png,up,stimuli/objects/pickaxe02.jpg,0,1,stimuli/white_butterfly.png,,,,,,,left,0,1.301415,0,38,38,38,1,1,,,,,,,,,,,,,,,,,,
1,"[1,1,1,1,1,1,1,0,1,1,1,1,1,1,1,1,1,1,1,1,1,1,1,1,1,1,1,1,1,1,1,1,1]",,,,,,,,,4,2020-12-17_10h53.05.742,premce3DEU_ses-01_part-01_label-phase1,2020.1.2,Win32,60,,,1,,,,,,,stimuli/grey_butterfly.png,stimuli/white_butterfly.png,2,stimuli/yellow_flower.png,stimuli/blue_flower.png,stimuli/red_flower.png,stimuli/green_flower.png,up,stimuli/objects/ducttape.jpg,1,1,stimuli/white_butterfly.png,,,,,,,up,1,0.657285,0,39,39,39,1,1,,,,,,,,,,,,,,,,,,
1,"[1,1,1,1,1,1,1,0,1,1,1,1,1,1,1,1,1,1,1,1,1,1,1,1,1,1,1,1,1,1,1,1,1,1]",,,,,,,,,4,2020-12-17_10h53.05.742,premce3DEU_ses-01_part-01_label-phase1,2020.1.2,Win32,60,,,1,,,,,,,stimuli/white_butterfly.png,stimuli/grey_butterfly.png,2,stimuli/green_flower.png,stimuli/blue_flower.png,stimuli/yellow_flower.png,stimuli/red_flower.png,right,stimuli/objects/bow.jpg,1,1,stimuli/grey_butterfly.png,,,,,,,right,1,0.42261,0,40,40,40,1,1,,,,,,,,,,,,,,,,,,
1,"[1,1,1,1,1,1,1,0,1,1,1,1,1,1,1,1,1,1,1,1,1,1,1,1,1,1,1,1,1,1,1,1,1,1,1]",,,,,,,,,4,2020-12-17_10h53.05.742,premce3DEU_ses-01_part-01_label-phase1,2020.1.2,Win32,60,,,1,,,,,,,stimuli/white_butterfly.png,stimuli/grey_butterfly.png,1,stimuli/blue_flower.png,stimuli/yellow_flower.png,stimuli/green_flower.png,stimuli/red_flower.png,left,stimuli/objects/pitchfork.jpg,1,1,stimuli/white_butterfly.png,,,,,,,left,1,0.416135,0,41,41,41,1,1,,,,,,,,,,,,,,,,,,
,,,,,,,,,,4,2020-12-17_10h53.05.742,premce3DEU_ses-01_part-01_label-phase1,2020.1.2,Win32,60,,,,,,,,,,,,,,,,,,,,,,,,,,,,,,,,,,,,,n,36.5962,0,0,0,0,1,,,,,,,,,,,
,,,,,,,,,,4,2020-12-17_10h53.05.742,premce3DEU_ses-01_part-01_label-phase1,2020.1.2,Win32,60,,,,,,,,,,,,,,,,,1,,,,,,,,,,,,,,,,,,,,,,,,,,,1,1,5.14158,0,0,0,1,1,stimuli/grey_butterfly.png,,
,,,,,,,,,,4,2020-12-17_10h53.05.742,premce3DEU_ses-01_part-01_label-phase1,2020.1.2,Win32,60,,,,,,,,,,,,,,,,,3,,,,,,,,,,,,,,,,,,,,,,,,,,,3,1,3.1814,0,1,1,0,1,stimuli/white_butterfly.png,,
,,,,,,,,,,4,2020-12-17_10h53.05.742,premce3DEU_ses-01_part-01_label-phase1,2020.1.2,Win32,60,,,,,,,,,,,,,,,,,,,,,,,,,,,,,,,,,,,,,,,,,,,,,,,,,,,,,space,4.332685
