instructions_loop.thisRepN,instructions_loop.thisTrialN,instructions_loop.thisN,instructions_loop.thisIndex,instructions_loop.ran,text1,text2,text3,participant,date,expName,psychopyVersion,OS,frameRate,recog_resp.keys,recog_resp.rt,conf_resp.keys,conf_resp.rt,recog_loop.thisRepN,recog_loop.thisTrialN,recog_loop.thisN,recog_loop.thisIndex,recog_loop.ran,images,corr_ans,type,order,key_resp_break.keys,key_resp_break.rt,list_loop.thisRepN,list_loop.thisTrialN,list_loop.thisN,list_loop.thisIndex,list_loop.ran,recog_list
0,0,0,0,1,Welcome to the last phase of this experiment!,,Please press the space bar to continue,10,2020-10-28_18h12.24.342,premce_ses-02_part-02_label-phase2,2020.1.2,Win32,60,,,,,,,,,,,,,,,,,,,,,
0,1,1,1,1,,"In this phase, you will see some objects. 

For each object, you should indicate whether you have seen it before during the experiment.

Press LEFT ARROW for YES
Press RIGHT ARROW for NO

",Please press the space bar to continue ,10,2020-10-28_18h12.24.342,premce_ses-02_part-02_label-phase2,2020.1.2,Win32,60,,,,,,,,,,,,,,,,,,,,,
0,2,2,2,1,,"After that, you will be asked how confident you are of your choice.

Please rate the confidence in your choce with the numbers from 1 to 4 of your keyboard. 

The numbers correspond to:

1 = Very unsure
2 = Unsure
3 = Sure
4 = Very Sure",Please press the space bar to continue,10,2020-10-28_18h12.24.342,premce_ses-02_part-02_label-phase2,2020.1.2,Win32,60,,,,,,,,,,,,,,,,,,,,,
,,,,,,,,10,2020-10-28_18h12.24.342,premce_ses-02_part-02_label-phase2,2020.1.2,Win32,60,right,1.331265,4,1.757695,0,0,0,103,1,stimuli/objects/skiboot01a.jpg,right,new,104,,,,,,,,
,,,,,,,,10,2020-10-28_18h12.24.342,premce_ses-02_part-02_label-phase2,2020.1.2,Win32,60,right,1.42989,4,1.04011,0,1,1,151,1,stimuli/objects/bolt01a.jpg,right,new,152,,,,,,,,
,,,,,,,,10,2020-10-28_18h12.24.342,premce_ses-02_part-02_label-phase2,2020.1.2,Win32,60,right,0.66851,4,0.64249,0,2,2,61,1,stimuli/objects/birdnest.jpg,left,old,62,,,,,,,,
,,,,,,,,10,2020-10-28_18h12.24.342,premce_ses-02_part-02_label-phase2,2020.1.2,Win32,60,right,0.76753,4,0.501075,0,3,3,84,1,stimuli/objects/diploma02.jpg,left,old,85,,,,,,,,
,,,,,,,,10,2020-10-28_18h12.24.342,premce_ses-02_part-02_label-phase2,2020.1.2,Win32,60,left,6.228305,4,0.85032,0,4,4,68,1,stimuli/objects/ipad02.jpg,right,new,69,,,,,,,,
,,,,,,,,10,2020-10-28_18h12.24.342,premce_ses-02_part-02_label-phase2,2020.1.2,Win32,60,left,0.96613,4,1.32122,0,5,5,79,1,stimuli/objects/jellybean.jpg,left,old,80,,,,,,,,
,,,,,,,,10,2020-10-28_18h12.24.342,premce_ses-02_part-02_label-phase2,2020.1.2,Win32,60,right,1.306205,2,0.21257,0,6,6,147,1,stimuli/objects/panda.jpg,left,old,148,,,,,,,,
,,,,,,,,10,2020-10-28_18h12.24.342,premce_ses-02_part-02_label-phase2,2020.1.2,Win32,60,right,1.03262,4,0.54929,0,7,7,145,1,stimuli/objects/ironingboard01.jpg,right,new,146,,,,,,,,
,,,,,,,,10,2020-10-28_18h12.24.342,premce_ses-02_part-02_label-phase2,2020.1.2,Win32,60,right,0.846205,4,0.46819,0,8,8,39,1,stimuli/objects/fridge.jpg,left,old,40,,,,,,,,
,,,,,,,,10,2020-10-28_18h12.24.342,premce_ses-02_part-02_label-phase2,2020.1.2,Win32,60,right,0.8367,4,0.40414,0,9,9,64,1,stimuli/objects/baseballglove.jpg,right,new,65,,,,,,,,
,,,,,,,,10,2020-10-28_18h12.24.342,premce_ses-02_part-02_label-phase2,2020.1.2,Win32,60,right,1.42111,4,0.59017,0,10,10,4,1,stimuli/objects/zipper.jpg,right,new,5,,,,,,,,
,,,,,,,,10,2020-10-28_18h12.24.342,premce_ses-02_part-02_label-phase2,2020.1.2,Win32,60,right,0.66788,4,0.3633,0,11,11,112,1,stimuli/objects/webcam.jpg,right,new,113,,,,,,,,
,,,,,,,,10,2020-10-28_18h12.24.342,premce_ses-02_part-02_label-phase2,2020.1.2,Win32,60,right,0.686125,4,0.31513,0,12,12,110,1,stimuli/objects/leafblower01.jpg,left,old,111,,,,,,,,
,,,,,,,,10,2020-10-28_18h12.24.342,premce_ses-02_part-02_label-phase2,2020.1.2,Win32,60,right,0.796115,4,0.45393,0,13,13,7,1,stimuli/objects/whiteout.jpg,right,new,8,,,,,,,,
,,,,,,,,10,2020-10-28_18h12.24.342,premce_ses-02_part-02_label-phase2,2020.1.2,Win32,60,right,0.57783,4,0.293405,0,14,14,53,1,stimuli/objects/rooster.jpg,right,new,54,,,,,,,,
,,,,,,,,10,2020-10-28_18h12.24.342,premce_ses-02_part-02_label-phase2,2020.1.2,Win32,60,right,0.6738,4,0.588025,0,15,15,93,1,stimuli/objects/pirateflag.jpg,right,new,94,,,,,,,,
,,,,,,,,10,2020-10-28_18h12.24.342,premce_ses-02_part-02_label-phase2,2020.1.2,Win32,60,right,0.491095,4,0.40346,0,16,16,49,1,stimuli/objects/microphone01.jpg,right,new,50,,,,,,,,
,,,,,,,,10,2020-10-28_18h12.24.342,premce_ses-02_part-02_label-phase2,2020.1.2,Win32,60,right,0.50564,4,0.392065,0,17,17,129,1,stimuli/objects/walkietalkie.jpg,left,old,130,,,,,,,,
,,,,,,,,10,2020-10-28_18h12.24.342,premce_ses-02_part-02_label-phase2,2020.1.2,Win32,60,right,0.463435,4,0.327815,0,18,18,106,1,stimuli/objects/brownsugar.jpg,left,old,107,,,,,,,,
,,,,,,,,10,2020-10-28_18h12.24.342,premce_ses-02_part-02_label-phase2,2020.1.2,Win32,60,right,0.53002,4,0.213865,0,19,19,2,1,stimuli/objects/accordion01.jpg,right,new,3,,,,,,,,
,,,,,,,,10,2020-10-28_18h12.24.342,premce_ses-02_part-02_label-phase2,2020.1.2,Win32,60,right,0.422485,4,0.34151,0,20,20,122,1,stimuli/objects/pickaxe02.jpg,left,old,123,,,,,,,,
,,,,,,,,10,2020-10-28_18h12.24.342,premce_ses-02_part-02_label-phase2,2020.1.2,Win32,60,right,0.41506,4,0.259995,0,21,21,152,1,stimuli/objects/xylophone.jpg,left,old,153,,,,,,,,
,,,,,,,,10,2020-10-28_18h12.24.342,premce_ses-02_part-02_label-phase2,2020.1.2,Win32,60,right,2.372725,4,0.513535,0,22,22,117,1,stimuli/objects/lollipop04.jpg,right,new,118,,,,,,,,
,,,,,,,,10,2020-10-28_18h12.24.342,premce_ses-02_part-02_label-phase2,2020.1.2,Win32,60,right,2.599325,4,0.37902,0,23,23,60,1,stimuli/objects/worldmap.jpg,left,old,61,,,,,,,,
,,,,,,,,10,2020-10-28_18h12.24.342,premce_ses-02_part-02_label-phase2,2020.1.2,Win32,60,right,0.49233,4,0.671795,0,24,24,154,1,stimuli/objects/dartboard.jpg,left,old,155,,,,,,,,
,,,,,,,,10,2020-10-28_18h12.24.342,premce_ses-02_part-02_label-phase2,2020.1.2,Win32,60,right,1.398255,4,0.318535,0,25,25,96,1,stimuli/objects/pin.jpg,right,new,97,,,,,,,,
,,,,,,,,10,2020-10-28_18h12.24.342,premce_ses-02_part-02_label-phase2,2020.1.2,Win32,60,right,0.63108,4,0.266575,0,26,26,10,1,stimuli/objects/americanwhitepelican.jpg,left,old,11,,,,,,,,
,,,,,,,,10,2020-10-28_18h12.24.342,premce_ses-02_part-02_label-phase2,2020.1.2,Win32,60,right,0.5428,4,0.933735,0,27,27,31,1,stimuli/objects/faucet.jpg,right,new,32,,,,,,,,
,,,,,,,,10,2020-10-28_18h12.24.342,premce_ses-02_part-02_label-phase2,2020.1.2,Win32,60,right,0.99049,4,0.50827,0,28,28,46,1,stimuli/objects/coffeemachine.jpg,right,new,47,,,,,,,,
,,,,,,,,10,2020-10-28_18h12.24.342,premce_ses-02_part-02_label-phase2,2020.1.2,Win32,60,right,0.552105,4,0.596705,0,29,29,28,1,stimuli/objects/seaturtle.jpg,left,old,29,,,,,,,,
,,,,,,,,10,2020-10-28_18h12.24.342,premce_ses-02_part-02_label-phase2,2020.1.2,Win32,60,right,0.663295,4,0.22884,0,30,30,88,1,stimuli/objects/bison.jpg,left,old,89,,,,,,,,
,,,,,,,,10,2020-10-28_18h12.24.342,premce_ses-02_part-02_label-phase2,2020.1.2,Win32,60,right,0.65656,4,0.294435,0,31,31,34,1,stimuli/objects/ceilingfan01.jpg,right,new,35,,,,,,,,
,,,,,,,,10,2020-10-28_18h12.24.342,premce_ses-02_part-02_label-phase2,2020.1.2,Win32,60,right,0.672755,4,0.405195,0,32,32,73,1,stimuli/objects/ladybug03.jpg,right,new,74,,,,,,,,
,,,,,,,,10,2020-10-28_18h12.24.342,premce_ses-02_part-02_label-phase2,2020.1.2,Win32,60,right,0.64823,4,0.22018,0,33,33,50,1,stimuli/objects/windshieldwiper02.jpg,right,new,51,,,,,,,,
,,,,,,,,10,2020-10-28_18h12.24.342,premce_ses-02_part-02_label-phase2,2020.1.2,Win32,60,right,0.572275,4,0.236325,0,34,34,6,1,stimuli/objects/trojanhorse.jpg,right,new,7,,,,,,,,
,,,,,,,,10,2020-10-28_18h12.24.342,premce_ses-02_part-02_label-phase2,2020.1.2,Win32,60,right,0.840105,4,0.435905,0,35,35,15,1,stimuli/objects/lantern03.jpg,right,new,16,,,,,,,,
,,,,,,,,10,2020-10-28_18h12.24.342,premce_ses-02_part-02_label-phase2,2020.1.2,Win32,60,right,0.705915,4,0.524385,0,36,36,32,1,stimuli/objects/paperairplane.jpg,right,new,33,,,,,,,,
,,,,,,,,10,2020-10-28_18h12.24.342,premce_ses-02_part-02_label-phase2,2020.1.2,Win32,60,right,0.602895,4,0.603835,0,37,37,66,1,stimuli/objects/desktopcomputer.jpg,left,old,67,,,,,,,,
,,,,,,,,10,2020-10-28_18h12.24.342,premce_ses-02_part-02_label-phase2,2020.1.2,Win32,60,right,2.11236,4,0.355285,0,38,38,156,1,stimuli/objects/battleaxe.jpg,right,new,157,,,,,,,,
,,,,,,,,10,2020-10-28_18h12.24.342,premce_ses-02_part-02_label-phase2,2020.1.2,Win32,60,right,3.13278,4,0.471735,0,39,39,128,1,stimuli/objects/toilet.jpg,right,new,129,,,,,,,,
,,,,,,,,10,2020-10-28_18h12.24.342,premce_ses-02_part-02_label-phase2,2020.1.2,Win32,60,right,1.217235,4,0.362885,0,40,40,14,1,stimuli/objects/riverotter.jpg,right,new,15,,,,,,,,
,,,,,,,,10,2020-10-28_18h12.24.342,premce_ses-02_part-02_label-phase2,2020.1.2,Win32,60,left,1.738005,3,0.731475,0,41,41,74,1,stimuli/objects/road02.jpg,right,new,75,,,,,,,,
,,,,,,,,10,2020-10-28_18h12.24.342,premce_ses-02_part-02_label-phase2,2020.1.2,Win32,60,left,3.29629,3,0.39684,0,42,42,69,1,stimuli/objects/lightswitch01.jpg,left,old,70,,,,,,,,
,,,,,,,,10,2020-10-28_18h12.24.342,premce_ses-02_part-02_label-phase2,2020.1.2,Win32,60,left,1.193985,2,0.273465,0,43,43,59,1,stimuli/objects/forklift.jpg,left,old,60,,,,,,,,
,,,,,,,,10,2020-10-28_18h12.24.342,premce_ses-02_part-02_label-phase2,2020.1.2,Win32,60,left,0.83005,2,0.23418,0,44,44,12,1,stimuli/objects/pingpongtable.jpg,right,new,13,,,,,,,,
,,,,,,,,10,2020-10-28_18h12.24.342,premce_ses-02_part-02_label-phase2,2020.1.2,Win32,60,right,0.376305,4,0.28787,0,45,45,83,1,stimuli/objects/crab01.jpg,left,old,84,,,,,,,,
,,,,,,,,10,2020-10-28_18h12.24.342,premce_ses-02_part-02_label-phase2,2020.1.2,Win32,60,right,0.35617,4,0.373,0,46,46,78,1,stimuli/objects/exitsign.jpg,left,old,79,,,,,,,,
,,,,,,,,10,2020-10-28_18h12.24.342,premce_ses-02_part-02_label-phase2,2020.1.2,Win32,60,right,0.51188,4,0.81813,0,47,47,111,1,stimuli/objects/honeycomb.jpg,right,new,112,,,,,,,,
,,,,,,,,10,2020-10-28_18h12.24.342,premce_ses-02_part-02_label-phase2,2020.1.2,Win32,60,right,0.858425,4,0.205795,0,48,48,26,1,stimuli/objects/snowglobe.jpg,right,new,27,,,,,,,,
,,,,,,,,10,2020-10-28_18h12.24.342,premce_ses-02_part-02_label-phase2,2020.1.2,Win32,60,right,0.43361,4,0.20864,0,49,49,51,1,stimuli/objects/cork02.jpg,right,new,52,,,,,,,,
,,,,,,,,10,2020-10-28_18h12.24.342,premce_ses-02_part-02_label-phase2,2020.1.2,Win32,60,right,0.36121,4,0.23979,0,50,50,11,1,stimuli/objects/footballhelmet.jpg,left,old,12,,,,,,,,
,,,,,,,,10,2020-10-28_18h12.24.342,premce_ses-02_part-02_label-phase2,2020.1.2,Win32,60,right,0.39918,4,0.24531,0,51,51,153,1,stimuli/objects/harmonica.jpg,right,new,154,,,,,,,,
,,,,,,,,10,2020-10-28_18h12.24.342,premce_ses-02_part-02_label-phase2,2020.1.2,Win32,60,right,0.401095,4,0.289085,0,52,52,3,1,stimuli/objects/sealion.jpg,left,old,4,,,,,,,,
,,,,,,,,10,2020-10-28_18h12.24.342,premce_ses-02_part-02_label-phase2,2020.1.2,Win32,60,right,0.41115,4,0.207265,0,53,53,62,1,stimuli/objects/icecube02.jpg,left,old,63,,,,,,,,
,,,,,,,,10,2020-10-28_18h12.24.342,premce_ses-02_part-02_label-phase2,2020.1.2,Win32,60,right,0.57711,4,1.088855,0,54,54,99,1,stimuli/objects/cactus.jpg,left,old,100,,,,,,,,
,,,,,,,,10,2020-10-28_18h12.24.342,premce_ses-02_part-02_label-phase2,2020.1.2,Win32,60,right,0.53444,4,0.66819,0,55,55,105,1,stimuli/objects/penguin.jpg,right,new,106,,,,,,,,
,,,,,,,,10,2020-10-28_18h12.24.342,premce_ses-02_part-02_label-phase2,2020.1.2,Win32,60,right,0.51181,4,1.115095,0,56,56,16,1,stimuli/objects/cashregister01.jpg,left,old,17,,,,,,,,
,,,,,,,,10,2020-10-28_18h12.24.342,premce_ses-02_part-02_label-phase2,2020.1.2,Win32,60,right,0.503635,4,0.27135,0,57,57,101,1,stimuli/objects/wheelchair.jpg,left,old,102,,,,,,,,
,,,,,,,,10,2020-10-28_18h12.24.342,premce_ses-02_part-02_label-phase2,2020.1.2,Win32,60,right,0.667295,4,0.38321,0,58,58,67,1,stimuli/objects/steeringwheel.jpg,right,new,68,,,,,,,,
,,,,,,,,10,2020-10-28_18h12.24.342,premce_ses-02_part-02_label-phase2,2020.1.2,Win32,60,right,0.91173,4,0.4135,0,59,59,113,1,stimuli/objects/fortunecookie.jpg,right,new,114,,,,,,,,
,,,,,,,,10,2020-10-28_18h12.24.342,premce_ses-02_part-02_label-phase2,2020.1.2,Win32,60,right,0.4996,4,0.242845,0,60,60,30,1,stimuli/objects/siamesecat.jpg,right,new,31,,,,,,,,
,,,,,,,,10,2020-10-28_18h12.24.342,premce_ses-02_part-02_label-phase2,2020.1.2,Win32,60,right,0.532235,4,0.286335,0,61,61,158,1,stimuli/objects/vulture.jpg,right,new,159,,,,,,,,
,,,,,,,,10,2020-10-28_18h12.24.342,premce_ses-02_part-02_label-phase2,2020.1.2,Win32,60,right,0.396715,4,0.28466,0,62,62,21,1,stimuli/objects/hockeypuck.jpg,left,old,22,,,,,,,,
,,,,,,,,10,2020-10-28_18h12.24.342,premce_ses-02_part-02_label-phase2,2020.1.2,Win32,60,right,0.53302,4,0.423415,0,63,63,41,1,stimuli/objects/spiderweb.jpg,right,new,42,,,,,,,,
,,,,,,,,10,2020-10-28_18h12.24.342,premce_ses-02_part-02_label-phase2,2020.1.2,Win32,60,right,0.552125,4,0.32934,0,64,64,25,1,stimuli/objects/kiwi03.jpg,left,old,26,,,,,,,,
,,,,,,,,10,2020-10-28_18h12.24.342,premce_ses-02_part-02_label-phase2,2020.1.2,Win32,60,right,0.460665,4,0.262125,0,65,65,65,1,stimuli/objects/blender.jpg,left,old,66,,,,,,,,
,,,,,,,,10,2020-10-28_18h12.24.342,premce_ses-02_part-02_label-phase2,2020.1.2,Win32,60,right,0.384725,4,0.26829,0,66,66,76,1,stimuli/objects/dromedary.jpg,left,old,77,,,,,,,,
,,,,,,,,10,2020-10-28_18h12.24.342,premce_ses-02_part-02_label-phase2,2020.1.2,Win32,60,right,0.48085,4,0.30519,0,67,67,81,1,stimuli/objects/artichoke01b.jpg,right,new,82,,,,,,,,
,,,,,,,,10,2020-10-28_18h12.24.342,premce_ses-02_part-02_label-phase2,2020.1.2,Win32,60,right,0.58285,4,0.701965,0,68,68,137,1,stimuli/objects/handheldtelescope.jpg,right,new,138,,,,,,,,
,,,,,,,,10,2020-10-28_18h12.24.342,premce_ses-02_part-02_label-phase2,2020.1.2,Win32,60,right,0.363685,4,0.37868,0,69,69,118,1,stimuli/objects/cruiseship.jpg,left,old,119,,,,,,,,
,,,,,,,,10,2020-10-28_18h12.24.342,premce_ses-02_part-02_label-phase2,2020.1.2,Win32,60,right,0.341365,4,0.27542,0,70,70,19,1,stimuli/objects/peacock.jpg,right,new,20,,,,,,,,
,,,,,,,,10,2020-10-28_18h12.24.342,premce_ses-02_part-02_label-phase2,2020.1.2,Win32,60,left,2.0647,2,0.109865,0,71,71,35,1,stimuli/objects/flag.jpg,left,old,36,,,,,,,,
,,,,,,,,10,2020-10-28_18h12.24.342,premce_ses-02_part-02_label-phase2,2020.1.2,Win32,60,left,0.633985,2,0.228095,0,72,72,36,1,stimuli/objects/cutlass.jpg,left,old,37,,,,,,,,
,,,,,,,,10,2020-10-28_18h12.24.342,premce_ses-02_part-02_label-phase2,2020.1.2,Win32,60,left,0.281915,3,0.117145,0,73,73,123,1,stimuli/objects/scooter.jpg,right,new,124,,,,,,,,
,,,,,,,,10,2020-10-28_18h12.24.342,premce_ses-02_part-02_label-phase2,2020.1.2,Win32,60,left,1.00507,3,0.301975,0,74,74,100,1,stimuli/objects/baseballbat.jpg,left,old,101,,,,,,,,
,,,,,,,,10,2020-10-28_18h12.24.342,premce_ses-02_part-02_label-phase2,2020.1.2,Win32,60,right,0.41413,4,0.286445,0,75,75,92,1,stimuli/objects/athleticsock.jpg,left,old,93,,,,,,,,
,,,,,,,,10,2020-10-28_18h12.24.342,premce_ses-02_part-02_label-phase2,2020.1.2,Win32,60,right,0.279945,1,2.10561,0,76,76,9,1,stimuli/objects/granolabar01.jpg,left,old,10,,,,,,,,
,,,,,,,,10,2020-10-28_18h12.24.342,premce_ses-02_part-02_label-phase2,2020.1.2,Win32,60,right,0.648035,4,3.45571,0,77,77,1,1,stimuli/objects/key07.jpg,right,new,2,,,,,,,,
,,,,,,,,10,2020-10-28_18h12.24.342,premce_ses-02_part-02_label-phase2,2020.1.2,Win32,60,right,15.428125,4,18.17867,0,78,78,104,1,stimuli/objects/sledgehammer.jpg,right,new,105,,,,,,,,
,,,,,,,,10,2020-10-28_18h12.24.342,premce_ses-02_part-02_label-phase2,2020.1.2,Win32,60,right,0.67781,4,0.277995,0,79,79,108,1,stimuli/objects/brassknuckle.jpg,left,old,109,,,,,,,,
,,,,,,,,10,2020-10-28_18h12.24.342,premce_ses-02_part-02_label-phase2,2020.1.2,Win32,60,right,0.633115,4,0.228845,0,80,80,135,1,stimuli/objects/dalmatian.jpg,left,old,136,,,,,,,,
,,,,,,,,10,2020-10-28_18h12.24.342,premce_ses-02_part-02_label-phase2,2020.1.2,Win32,60,right,0.53353,4,1.308395,0,81,81,47,1,stimuli/objects/ant.jpg,right,new,48,,,,,,,,
,,,,,,,,10,2020-10-28_18h12.24.342,premce_ses-02_part-02_label-phase2,2020.1.2,Win32,60,right,1.071105,4,0.31162,0,82,82,98,1,stimuli/objects/well.jpg,left,old,99,,,,,,,,
,,,,,,,,10,2020-10-28_18h12.24.342,premce_ses-02_part-02_label-phase2,2020.1.2,Win32,60,right,0.561055,4,0.29416,0,83,83,17,1,stimuli/objects/car.jpg,right,new,18,,,,,,,,
,,,,,,,,10,2020-10-28_18h12.24.342,premce_ses-02_part-02_label-phase2,2020.1.2,Win32,60,right,0.58963,4,0.304865,0,84,84,142,1,stimuli/objects/cow.jpg,right,new,143,,,,,,,,
,,,,,,,,10,2020-10-28_18h12.24.342,premce_ses-02_part-02_label-phase2,2020.1.2,Win32,60,right,0.52325,4,0.17182,0,85,85,23,1,stimuli/objects/bat.jpg,right,new,24,,,,,,,,
,,,,,,,,10,2020-10-28_18h12.24.342,premce_ses-02_part-02_label-phase2,2020.1.2,Win32,60,right,0.343455,4,0.260175,0,86,86,8,1,stimuli/objects/treadmill.jpg,left,old,9,,,,,,,,
,,,,,,,,10,2020-10-28_18h12.24.342,premce_ses-02_part-02_label-phase2,2020.1.2,Win32,60,right,0.479805,4,0.28715,0,87,87,139,1,stimuli/objects/callbell.jpg,right,new,140,,,,,,,,
,,,,,,,,10,2020-10-28_18h12.24.342,premce_ses-02_part-02_label-phase2,2020.1.2,Win32,60,right,0.51161,4,0.276305,0,88,88,54,1,stimuli/objects/floorlamp.jpg,right,new,55,,,,,,,,
,,,,,,,,10,2020-10-28_18h12.24.342,premce_ses-02_part-02_label-phase2,2020.1.2,Win32,60,right,0.654305,4,0.282095,0,89,89,138,1,stimuli/objects/raccoon.jpg,right,new,139,,,,,,,,
,,,,,,,,10,2020-10-28_18h12.24.342,premce_ses-02_part-02_label-phase2,2020.1.2,Win32,60,right,0.60029,4,0.48897,0,90,90,91,1,stimuli/objects/airhockeytable.jpg,right,new,92,,,,,,,,
,,,,,,,,10,2020-10-28_18h12.24.342,premce_ses-02_part-02_label-phase2,2020.1.2,Win32,60,right,0.59613,2,1.674425,0,91,91,132,1,stimuli/objects/trafficlight.jpg,left,old,133,,,,,,,,
,,,,,,,,10,2020-10-28_18h12.24.342,premce_ses-02_part-02_label-phase2,2020.1.2,Win32,60,right,1.599275,4,0.32231,0,92,92,90,1,stimuli/objects/ducttape.jpg,right,new,91,,,,,,,,
,,,,,,,,10,2020-10-28_18h12.24.342,premce_ses-02_part-02_label-phase2,2020.1.2,Win32,60,right,0.7301,4,0.139635,0,93,93,144,1,stimuli/objects/eyepatch.jpg,left,old,145,,,,,,,,
,,,,,,,,10,2020-10-28_18h12.24.342,premce_ses-02_part-02_label-phase2,2020.1.2,Win32,60,right,0.417475,4,0.186775,0,94,94,149,1,stimuli/objects/electrictoothbrush01c.jpg,right,new,150,,,,,,,,
,,,,,,,,10,2020-10-28_18h12.24.342,premce_ses-02_part-02_label-phase2,2020.1.2,Win32,60,right,0.4998,4,0.052265,0,95,95,86,1,stimuli/objects/gorilla.jpg,right,new,87,,,,,,,,
,,,,,,,,10,2020-10-28_18h12.24.342,premce_ses-02_part-02_label-phase2,2020.1.2,Win32,60,right,0.34532,4,0.07353,0,96,96,58,1,stimuli/objects/file.jpg,right,new,59,,,,,,,,
,,,,,,,,10,2020-10-28_18h12.24.342,premce_ses-02_part-02_label-phase2,2020.1.2,Win32,60,right,0.66886,4,0.181125,0,97,97,24,1,stimuli/objects/christmaslights.jpg,left,old,25,,,,,,,,
,,,,,,,,10,2020-10-28_18h12.24.342,premce_ses-02_part-02_label-phase2,2020.1.2,Win32,60,right,0.519565,4,0.228945,0,98,98,27,1,stimuli/objects/fingerprint.jpg,left,old,28,,,,,,,,
,,,,,,,,10,2020-10-28_18h12.24.342,premce_ses-02_part-02_label-phase2,2020.1.2,Win32,60,right,0.42339,4,0.249895,0,99,99,29,1,stimuli/objects/tombstone.jpg,left,old,30,,,,,,,,
,,,,,,,,10,2020-10-28_18h12.24.342,premce_ses-02_part-02_label-phase2,2020.1.2,Win32,60,right,0.43383,4,0.30563,0,100,100,20,1,stimuli/objects/escalator.jpg,left,old,21,,,,,,,,
,,,,,,,,10,2020-10-28_18h12.24.342,premce_ses-02_part-02_label-phase2,2020.1.2,Win32,60,right,0.518505,4,0.4313,0,101,101,159,1,stimuli/objects/parrot01.jpg,left,old,160,,,,,,,,
,,,,,,,,10,2020-10-28_18h12.24.342,premce_ses-02_part-02_label-phase2,2020.1.2,Win32,60,right,0.555955,4,0.42342,0,102,102,55,1,stimuli/objects/cremebrulee.jpg,right,new,56,,,,,,,,
,,,,,,,,10,2020-10-28_18h12.24.342,premce_ses-02_part-02_label-phase2,2020.1.2,Win32,60,right,0.473185,4,0.34802,0,103,103,107,1,stimuli/objects/candycane01a.jpg,left,old,108,,,,,,,,
,,,,,,,,10,2020-10-28_18h12.24.342,premce_ses-02_part-02_label-phase2,2020.1.2,Win32,60,right,0.65056,4,0.681215,0,104,104,45,1,stimuli/objects/horseshoe.jpg,right,new,46,,,,,,,,
,,,,,,,,10,2020-10-28_18h12.24.342,premce_ses-02_part-02_label-phase2,2020.1.2,Win32,60,right,0.608635,4,0.58485,0,105,105,0,1,stimuli/objects/fishingrod.jpg,right,new,1,,,,,,,,
,,,,,,,,10,2020-10-28_18h12.24.342,premce_ses-02_part-02_label-phase2,2020.1.2,Win32,60,right,0.415245,4,0.369485,0,106,106,22,1,stimuli/objects/toasteroven.jpg,right,new,23,,,,,,,,
,,,,,,,,10,2020-10-28_18h12.24.342,premce_ses-02_part-02_label-phase2,2020.1.2,Win32,60,left,1.792085,1,0.299785,0,107,107,150,1,stimuli/objects/asianelephant.jpg,left,old,151,,,,,,,,
,,,,,,,,10,2020-10-28_18h12.24.342,premce_ses-02_part-02_label-phase2,2020.1.2,Win32,60,right,0.73567,4,0.32258,0,108,108,143,1,stimuli/objects/turnstile.jpg,left,old,144,,,,,,,,
,,,,,,,,10,2020-10-28_18h12.24.342,premce_ses-02_part-02_label-phase2,2020.1.2,Win32,60,right,0.55283,4,0.286325,0,109,109,127,1,stimuli/objects/macaroni01.jpg,right,new,128,,,,,,,,
,,,,,,,,10,2020-10-28_18h12.24.342,premce_ses-02_part-02_label-phase2,2020.1.2,Win32,60,right,0.499705,4,0.368195,0,110,110,148,1,stimuli/objects/skihelmet01.jpg,left,old,149,,,,,,,,
,,,,,,,,10,2020-10-28_18h12.24.342,premce_ses-02_part-02_label-phase2,2020.1.2,Win32,60,right,0.45336,4,0.35403,0,111,111,63,1,stimuli/objects/rose.jpg,right,new,64,,,,,,,,
,,,,,,,,10,2020-10-28_18h12.24.342,premce_ses-02_part-02_label-phase2,2020.1.2,Win32,60,right,0.600585,4,0.334845,0,112,112,116,1,stimuli/objects/gavel.jpg,left,old,117,,,,,,,,
,,,,,,,,10,2020-10-28_18h12.24.342,premce_ses-02_part-02_label-phase2,2020.1.2,Win32,60,right,0.43546,4,0.28175,0,113,113,71,1,stimuli/objects/bikelock.jpg,left,old,72,,,,,,,,
,,,,,,,,10,2020-10-28_18h12.24.342,premce_ses-02_part-02_label-phase2,2020.1.2,Win32,60,left,0.819835,2,0.34292,0,114,114,157,1,stimuli/objects/volleyball.jpg,left,old,158,,,,,,,,
,,,,,,,,10,2020-10-28_18h12.24.342,premce_ses-02_part-02_label-phase2,2020.1.2,Win32,60,right,0.49445,4,0.73636,0,115,115,141,1,stimuli/objects/lintroller.jpg,left,old,142,,,,,,,,
,,,,,,,,10,2020-10-28_18h12.24.342,premce_ses-02_part-02_label-phase2,2020.1.2,Win32,60,right,0.92291,4,0.432665,0,116,116,42,1,stimuli/objects/bowlingball.jpg,right,new,43,,,,,,,,
,,,,,,,,10,2020-10-28_18h12.24.342,premce_ses-02_part-02_label-phase2,2020.1.2,Win32,60,right,1.400245,4,0.260495,0,117,117,13,1,stimuli/objects/lighthouse.jpg,right,new,14,,,,,,,,
,,,,,,,,10,2020-10-28_18h12.24.342,premce_ses-02_part-02_label-phase2,2020.1.2,Win32,60,right,0.471245,4,0.230825,0,118,118,119,1,stimuli/objects/polarbear.jpg,left,old,120,,,,,,,,
,,,,,,,,10,2020-10-28_18h12.24.342,premce_ses-02_part-02_label-phase2,2020.1.2,Win32,60,right,0.44313,4,0.227715,0,119,119,38,1,stimuli/objects/coffeemaker.jpg,right,new,39,,,,,,,,
,,,,,,,,10,2020-10-28_18h12.24.342,premce_ses-02_part-02_label-phase2,2020.1.2,Win32,60,right,0.586795,4,0.2683,0,120,120,44,1,stimuli/objects/calendar.jpg,right,new,45,,,,,,,,
,,,,,,,,10,2020-10-28_18h12.24.342,premce_ses-02_part-02_label-phase2,2020.1.2,Win32,60,right,0.451485,4,0.273545,0,121,121,97,1,stimuli/objects/watercooler.jpg,left,old,98,,,,,,,,
,,,,,,,,10,2020-10-28_18h12.24.342,premce_ses-02_part-02_label-phase2,2020.1.2,Win32,60,right,0.33705,4,0.216775,0,122,122,130,1,stimuli/objects/toyanimal05.jpg,left,old,131,,,,,,,,
,,,,,,,,10,2020-10-28_18h12.24.342,premce_ses-02_part-02_label-phase2,2020.1.2,Win32,60,right,0.43406,4,0.72239,0,123,123,121,1,stimuli/objects/triangle.jpg,left,old,122,,,,,,,,
,,,,,,,,10,2020-10-28_18h12.24.342,premce_ses-02_part-02_label-phase2,2020.1.2,Win32,60,right,2.28011,4,0.607545,0,124,124,5,1,stimuli/objects/winniethepooh.jpg,left,old,6,,,,,,,,
,,,,,,,,10,2020-10-28_18h12.24.342,premce_ses-02_part-02_label-phase2,2020.1.2,Win32,60,right,0.51956,4,0.25816,0,125,125,72,1,stimuli/objects/crown.jpg,left,old,73,,,,,,,,
,,,,,,,,10,2020-10-28_18h12.24.342,premce_ses-02_part-02_label-phase2,2020.1.2,Win32,60,right,0.549925,4,0.276815,0,126,126,115,1,stimuli/objects/bleachers.jpg,left,old,116,,,,,,,,
,,,,,,,,10,2020-10-28_18h12.24.342,premce_ses-02_part-02_label-phase2,2020.1.2,Win32,60,right,0.42821,4,0.505005,0,127,127,18,1,stimuli/objects/snowman.jpg,left,old,19,,,,,,,,
,,,,,,,,10,2020-10-28_18h12.24.342,premce_ses-02_part-02_label-phase2,2020.1.2,Win32,60,right,0.330735,4,0.23904,0,128,128,124,1,stimuli/objects/birdhouse.jpg,right,new,125,,,,,,,,
,,,,,,,,10,2020-10-28_18h12.24.342,premce_ses-02_part-02_label-phase2,2020.1.2,Win32,60,right,0.39042,4,0.277905,0,129,129,43,1,stimuli/objects/slushiemachine.jpg,right,new,44,,,,,,,,
,,,,,,,,10,2020-10-28_18h12.24.342,premce_ses-02_part-02_label-phase2,2020.1.2,Win32,60,right,0.256325,4,0.26973,0,130,130,136,1,stimuli/objects/dreamcatcher.jpg,left,old,137,,,,,,,,
,,,,,,,,10,2020-10-28_18h12.24.342,premce_ses-02_part-02_label-phase2,2020.1.2,Win32,60,right,0.322065,4,0.263145,0,131,131,133,1,stimuli/objects/skateboard.jpg,left,old,134,,,,,,,,
,,,,,,,,10,2020-10-28_18h12.24.342,premce_ses-02_part-02_label-phase2,2020.1.2,Win32,60,right,0.459285,4,0.23006,0,132,132,85,1,stimuli/objects/frisbee.jpg,left,old,86,,,,,,,,
,,,,,,,,10,2020-10-28_18h12.24.342,premce_ses-02_part-02_label-phase2,2020.1.2,Win32,60,right,0.321855,4,0.281265,0,133,133,94,1,stimuli/objects/statue.jpg,right,new,95,,,,,,,,
,,,,,,,,10,2020-10-28_18h12.24.342,premce_ses-02_part-02_label-phase2,2020.1.2,Win32,60,right,0.266955,1,0.971675,0,134,134,89,1,stimuli/objects/carbattery.jpg,left,old,90,,,,,,,,
,,,,,,,,10,2020-10-28_18h12.24.342,premce_ses-02_part-02_label-phase2,2020.1.2,Win32,60,right,0.60504,4,0.094635,0,135,135,52,1,stimuli/objects/tree.jpg,right,new,53,,,,,,,,
,,,,,,,,10,2020-10-28_18h12.24.342,premce_ses-02_part-02_label-phase2,2020.1.2,Win32,60,right,0.554905,4,0.249545,0,136,136,102,1,stimuli/objects/sheriffhat.jpg,left,old,103,,,,,,,,
,,,,,,,,10,2020-10-28_18h12.24.342,premce_ses-02_part-02_label-phase2,2020.1.2,Win32,60,right,0.588685,4,0.277265,0,137,137,140,1,stimuli/objects/pooltable.jpg,right,new,141,,,,,,,,
,,,,,,,,10,2020-10-28_18h12.24.342,premce_ses-02_part-02_label-phase2,2020.1.2,Win32,60,right,0.5237,4,0.32513,0,138,138,87,1,stimuli/objects/parkingmeter.jpg,left,old,88,,,,,,,,
,,,,,,,,10,2020-10-28_18h12.24.342,premce_ses-02_part-02_label-phase2,2020.1.2,Win32,60,right,0.48302,4,0.24481,0,139,139,40,1,stimuli/objects/bread.jpg,left,old,41,,,,,,,,
,,,,,,,,10,2020-10-28_18h12.24.342,premce_ses-02_part-02_label-phase2,2020.1.2,Win32,60,right,0.667995,4,0.222795,0,140,140,114,1,stimuli/objects/tie02.jpg,left,old,115,,,,,,,,
,,,,,,,,10,2020-10-28_18h12.24.342,premce_ses-02_part-02_label-phase2,2020.1.2,Win32,60,right,0.65939,4,0.181505,0,141,141,126,1,stimuli/objects/toynutcracker.jpg,right,new,127,,,,,,,,
,,,,,,,,10,2020-10-28_18h12.24.342,premce_ses-02_part-02_label-phase2,2020.1.2,Win32,60,right,0.239245,4,0.28673,0,142,142,120,1,stimuli/objects/mortarandpestle.jpg,left,old,121,,,,,,,,
,,,,,,,,10,2020-10-28_18h12.24.342,premce_ses-02_part-02_label-phase2,2020.1.2,Win32,60,right,0.363225,4,0.37046,0,143,143,57,1,stimuli/objects/weddingcake.jpg,left,old,58,,,,,,,,
,,,,,,,,10,2020-10-28_18h12.24.342,premce_ses-02_part-02_label-phase2,2020.1.2,Win32,60,right,0.391665,4,1.100525,0,144,144,75,1,stimuli/objects/castle.jpg,right,new,76,,,,,,,,
,,,,,,,,10,2020-10-28_18h12.24.342,premce_ses-02_part-02_label-phase2,2020.1.2,Win32,60,right,0.758295,4,0.330235,0,145,145,131,1,stimuli/objects/funnel.jpg,right,new,132,,,,,,,,
,,,,,,,,10,2020-10-28_18h12.24.342,premce_ses-02_part-02_label-phase2,2020.1.2,Win32,60,right,0.59039,4,0.486435,0,146,146,80,1,stimuli/objects/church.jpg,left,old,81,,,,,,,,
,,,,,,,,10,2020-10-28_18h12.24.342,premce_ses-02_part-02_label-phase2,2020.1.2,Win32,60,right,0.74747,4,0.367785,0,147,147,77,1,stimuli/objects/aquarium.jpg,right,new,78,,,,,,,,
,,,,,,,,10,2020-10-28_18h12.24.342,premce_ses-02_part-02_label-phase2,2020.1.2,Win32,60,right,0.49422,4,0.47351,0,148,148,146,1,stimuli/objects/martiniglass01b.jpg,left,old,147,,,,,,,,
,,,,,,,,10,2020-10-28_18h12.24.342,premce_ses-02_part-02_label-phase2,2020.1.2,Win32,60,right,0.418615,4,0.39939,0,149,149,33,1,stimuli/objects/helicopter.jpg,right,new,34,,,,,,,,
,,,,,,,,10,2020-10-28_18h12.24.342,premce_ses-02_part-02_label-phase2,2020.1.2,Win32,60,right,0.55617,4,0.36163,0,150,150,134,1,stimuli/objects/rubikcube.jpg,right,new,135,,,,,,,,
,,,,,,,,10,2020-10-28_18h12.24.342,premce_ses-02_part-02_label-phase2,2020.1.2,Win32,60,right,0.469995,4,1.14684,0,151,151,155,1,stimuli/objects/trombone.jpg,right,new,156,,,,,,,,
,,,,,,,,10,2020-10-28_18h12.24.342,premce_ses-02_part-02_label-phase2,2020.1.2,Win32,60,right,0.46098,4,0.289635,0,152,152,109,1,stimuli/objects/bathtub.jpg,right,new,110,,,,,,,,
,,,,,,,,10,2020-10-28_18h12.24.342,premce_ses-02_part-02_label-phase2,2020.1.2,Win32,60,right,1.0587,4,0.72367,0,153,153,70,1,stimuli/objects/apron.jpg,left,old,71,,,,,,,,
,,,,,,,,10,2020-10-28_18h12.24.342,premce_ses-02_part-02_label-phase2,2020.1.2,Win32,60,right,0.75933,4,0.37421,0,154,154,125,1,stimuli/objects/horse.jpg,left,old,126,,,,,,,,
,,,,,,,,10,2020-10-28_18h12.24.342,premce_ses-02_part-02_label-phase2,2020.1.2,Win32,60,right,2.207845,4,0.35257,0,155,155,48,1,stimuli/objects/taxisign.jpg,left,old,49,,,,,,,,
,,,,,,,,10,2020-10-28_18h12.24.342,premce_ses-02_part-02_label-phase2,2020.1.2,Win32,60,right,0.62019,4,0.238375,0,156,156,95,1,stimuli/objects/spicerack.jpg,left,old,96,,,,,,,,
,,,,,,,,10,2020-10-28_18h12.24.342,premce_ses-02_part-02_label-phase2,2020.1.2,Win32,60,right,0.52027,4,0.25964,0,157,157,37,1,stimuli/objects/donut.jpg,left,old,38,,,,,,,,
,,,,,,,,10,2020-10-28_18h12.24.342,premce_ses-02_part-02_label-phase2,2020.1.2,Win32,60,right,1.021535,4,0.363375,0,158,158,56,1,stimuli/objects/cannon.jpg,left,old,57,,,,,,,,
,,,,,,,,10,2020-10-28_18h12.24.342,premce_ses-02_part-02_label-phase2,2020.1.2,Win32,60,right,0.44751,4,0.35599,0,159,159,82,1,stimuli/objects/giraffe.jpg,left,old,83,,,,,,,,
,,,,,,,,10,2020-10-28_18h12.24.342,premce_ses-02_part-02_label-phase2,2020.1.2,Win32,60,,,,,,,,,,,,,,space,4.08692,0,0,0,0,1,ImagesforRecog1.csv
,,,,,,,,10,2020-10-28_18h12.24.342,premce_ses-02_part-02_label-phase2,2020.1.2,Win32,60,right,0.697625,4,0.31908,0,0,0,49,1,stimuli/objects/moon.jpg,right,new,210,,,,,,,,
,,,,,,,,10,2020-10-28_18h12.24.342,premce_ses-02_part-02_label-phase2,2020.1.2,Win32,60,right,0.35866,2,0.541575,0,1,1,23,1,stimuli/objects/flugglehorn.jpg,left,old,184,,,,,,,,
,,,,,,,,10,2020-10-28_18h12.24.342,premce_ses-02_part-02_label-phase2,2020.1.2,Win32,60,right,0.59119,4,0.602035,0,2,2,79,1,stimuli/objects/beerbottle.jpg,left,old,240,,,,,,,,
,,,,,,,,10,2020-10-28_18h12.24.342,premce_ses-02_part-02_label-phase2,2020.1.2,Win32,60,right,0.599125,4,0.25664,0,3,3,13,1,stimuli/objects/monarchbutterfly.jpg,left,old,174,,,,,,,,
,,,,,,,,10,2020-10-28_18h12.24.342,premce_ses-02_part-02_label-phase2,2020.1.2,Win32,60,right,0.47187,4,0.48773,0,4,4,102,1,stimuli/objects/englishcucumber.jpg,right,new,263,,,,,,,,
,,,,,,,,10,2020-10-28_18h12.24.342,premce_ses-02_part-02_label-phase2,2020.1.2,Win32,60,right,0.573205,4,0.349885,0,5,5,15,1,stimuli/objects/tent.jpg,left,old,176,,,,,,,,
,,,,,,,,10,2020-10-28_18h12.24.342,premce_ses-02_part-02_label-phase2,2020.1.2,Win32,60,right,0.465935,4,0.957335,0,6,6,67,1,stimuli/objects/golfball.jpg,left,old,228,,,,,,,,
,,,,,,,,10,2020-10-28_18h12.24.342,premce_ses-02_part-02_label-phase2,2020.1.2,Win32,60,right,1.561725,4,0.377795,0,7,7,96,1,stimuli/objects/jeans01.jpg,left,old,257,,,,,,,,
,,,,,,,,10,2020-10-28_18h12.24.342,premce_ses-02_part-02_label-phase2,2020.1.2,Win32,60,right,4.971825,4,0.403385,0,8,8,6,1,stimuli/objects/rollerblade.jpg,right,new,167,,,,,,,,
,,,,,,,,10,2020-10-28_18h12.24.342,premce_ses-02_part-02_label-phase2,2020.1.2,Win32,60,right,0.450145,4,0.492275,0,9,9,146,1,stimuli/objects/chainsaw.jpg,left,old,307,,,,,,,,
,,,,,,,,10,2020-10-28_18h12.24.342,premce_ses-02_part-02_label-phase2,2020.1.2,Win32,60,right,0.690975,4,0.40422,0,10,10,151,1,stimuli/objects/gecko.jpg,left,old,312,,,,,,,,
,,,,,,,,10,2020-10-28_18h12.24.342,premce_ses-02_part-02_label-phase2,2020.1.2,Win32,60,right,0.479085,4,0.56275,0,11,11,106,1,stimuli/objects/nosmokingsign.jpg,right,new,267,,,,,,,,
,,,,,,,,10,2020-10-28_18h12.24.342,premce_ses-02_part-02_label-phase2,2020.1.2,Win32,60,right,0.910725,4,0.56768,0,12,12,81,1,stimuli/objects/painting.jpg,right,new,242,,,,,,,,
,,,,,,,,10,2020-10-28_18h12.24.342,premce_ses-02_part-02_label-phase2,2020.1.2,Win32,60,right,0.64598,4,0.304735,0,13,13,155,1,stimuli/objects/popcorn.jpg,left,old,316,,,,,,,,
,,,,,,,,10,2020-10-28_18h12.24.342,premce_ses-02_part-02_label-phase2,2020.1.2,Win32,60,right,0.52493,4,0.42201,0,14,14,0,1,stimuli/objects/ostrich.jpg,right,new,161,,,,,,,,
,,,,,,,,10,2020-10-28_18h12.24.342,premce_ses-02_part-02_label-phase2,2020.1.2,Win32,60,right,0.61059,4,0.538655,0,15,15,11,1,stimuli/objects/nunchuk.jpg,right,new,172,,,,,,,,
,,,,,,,,10,2020-10-28_18h12.24.342,premce_ses-02_part-02_label-phase2,2020.1.2,Win32,60,right,1.51198,4,0.44986,0,16,16,69,1,stimuli/objects/banjo.jpg,right,new,230,,,,,,,,
,,,,,,,,10,2020-10-28_18h12.24.342,premce_ses-02_part-02_label-phase2,2020.1.2,Win32,60,right,0.45839,4,0.55317,0,17,17,92,1,stimuli/objects/buoy.jpg,left,old,253,,,,,,,,
,,,,,,,,10,2020-10-28_18h12.24.342,premce_ses-02_part-02_label-phase2,2020.1.2,Win32,60,right,0.453895,4,0.321465,0,18,18,9,1,stimuli/objects/dolphin01.jpg,left,old,170,,,,,,,,
,,,,,,,,10,2020-10-28_18h12.24.342,premce_ses-02_part-02_label-phase2,2020.1.2,Win32,60,right,0.53266,4,0.457195,0,19,19,61,1,stimuli/objects/graduationcap.jpg,left,old,222,,,,,,,,
,,,,,,,,10,2020-10-28_18h12.24.342,premce_ses-02_part-02_label-phase2,2020.1.2,Win32,60,right,0.46795,1,0.640785,0,20,20,97,1,stimuli/objects/blackolive.jpg,left,old,258,,,,,,,,
,,,,,,,,10,2020-10-28_18h12.24.342,premce_ses-02_part-02_label-phase2,2020.1.2,Win32,60,right,0.57436,4,0.35412,0,21,21,152,1,stimuli/objects/waterfall.jpg,right,new,313,,,,,,,,
,,,,,,,,10,2020-10-28_18h12.24.342,premce_ses-02_part-02_label-phase2,2020.1.2,Win32,60,right,0.68636,4,0.339405,0,22,22,39,1,stimuli/objects/stroller.jpg,left,old,200,,,,,,,,
,,,,,,,,10,2020-10-28_18h12.24.342,premce_ses-02_part-02_label-phase2,2020.1.2,Win32,60,right,0.515555,4,0.260825,0,23,23,22,1,stimuli/objects/schoolbus.jpg,right,new,183,,,,,,,,
,,,,,,,,10,2020-10-28_18h12.24.342,premce_ses-02_part-02_label-phase2,2020.1.2,Win32,60,right,0.496235,4,0.329105,0,24,24,128,1,stimuli/objects/tricornhat.jpg,right,new,289,,,,,,,,
,,,,,,,,10,2020-10-28_18h12.24.342,premce_ses-02_part-02_label-phase2,2020.1.2,Win32,60,right,0.301405,4,0.244625,0,25,25,90,1,stimuli/objects/vacuumcleaner01.jpg,right,new,251,,,,,,,,
,,,,,,,,10,2020-10-28_18h12.24.342,premce_ses-02_part-02_label-phase2,2020.1.2,Win32,60,right,0.681115,4,0.36697,0,26,26,98,1,stimuli/objects/pig.jpg,right,new,259,,,,,,,,
,,,,,,,,10,2020-10-28_18h12.24.342,premce_ses-02_part-02_label-phase2,2020.1.2,Win32,60,right,0.544615,4,0.31052,0,27,27,80,1,stimuli/objects/parkfountain.jpg,left,old,241,,,,,,,,
,,,,,,,,10,2020-10-28_18h12.24.342,premce_ses-02_part-02_label-phase2,2020.1.2,Win32,60,right,0.290155,4,0.22993,0,28,28,136,1,stimuli/objects/platypus.jpg,right,new,297,,,,,,,,
,,,,,,,,10,2020-10-28_18h12.24.342,premce_ses-02_part-02_label-phase2,2020.1.2,Win32,60,right,0.375065,4,0.26168,0,29,29,31,1,stimuli/objects/swing.jpg,right,new,192,,,,,,,,
,,,,,,,,10,2020-10-28_18h12.24.342,premce_ses-02_part-02_label-phase2,2020.1.2,Win32,60,right,1.149145,4,0.53767,0,30,30,19,1,stimuli/objects/chimney.jpg,right,new,180,,,,,,,,
,,,,,,,,10,2020-10-28_18h12.24.342,premce_ses-02_part-02_label-phase2,2020.1.2,Win32,60,right,0.00092,4,0.78923,0,31,31,2,1,stimuli/objects/shelves.jpg,left,old,163,,,,,,,,
,,,,,,,,10,2020-10-28_18h12.24.342,premce_ses-02_part-02_label-phase2,2020.1.2,Win32,60,right,0.63025,4,0.49323,0,32,32,154,1,stimuli/objects/guitarcase.jpg,right,new,315,,,,,,,,
,,,,,,,,10,2020-10-28_18h12.24.342,premce_ses-02_part-02_label-phase2,2020.1.2,Win32,60,right,0.57989,4,0.324255,0,33,33,41,1,stimuli/objects/salmon.jpg,right,new,202,,,,,,,,
,,,,,,,,10,2020-10-28_18h12.24.342,premce_ses-02_part-02_label-phase2,2020.1.2,Win32,60,right,0.365105,4,0.20253,0,34,34,25,1,stimuli/objects/beehive.jpg,left,old,186,,,,,,,,
,,,,,,,,10,2020-10-28_18h12.24.342,premce_ses-02_part-02_label-phase2,2020.1.2,Win32,60,right,0.344275,4,0.209395,0,35,35,103,1,stimuli/objects/beaver.jpg,left,old,264,,,,,,,,
,,,,,,,,10,2020-10-28_18h12.24.342,premce_ses-02_part-02_label-phase2,2020.1.2,Win32,60,right,0.349045,4,0.291265,0,36,36,88,1,stimuli/objects/handbrush02.jpg,left,old,249,,,,,,,,
,,,,,,,,10,2020-10-28_18h12.24.342,premce_ses-02_part-02_label-phase2,2020.1.2,Win32,60,right,0.370605,4,0.319025,0,37,37,129,1,stimuli/objects/treestump.jpg,right,new,290,,,,,,,,
,,,,,,,,10,2020-10-28_18h12.24.342,premce_ses-02_part-02_label-phase2,2020.1.2,Win32,60,right,0.451645,4,0.77358,0,38,38,58,1,stimuli/objects/shipinabottle.jpg,right,new,219,,,,,,,,
,,,,,,,,10,2020-10-28_18h12.24.342,premce_ses-02_part-02_label-phase2,2020.1.2,Win32,60,right,0.671365,4,1.157475,0,39,39,134,1,stimuli/objects/windturbine.jpg,left,old,295,,,,,,,,
,,,,,,,,10,2020-10-28_18h12.24.342,premce_ses-02_part-02_label-phase2,2020.1.2,Win32,60,right,0.42382,4,0.40768,0,40,40,75,1,stimuli/objects/snowshoe.jpg,right,new,236,,,,,,,,
,,,,,,,,10,2020-10-28_18h12.24.342,premce_ses-02_part-02_label-phase2,2020.1.2,Win32,60,right,0.44626,4,0.319295,0,41,41,116,1,stimuli/objects/greywolf.jpg,left,old,277,,,,,,,,
,,,,,,,,10,2020-10-28_18h12.24.342,premce_ses-02_part-02_label-phase2,2020.1.2,Win32,60,right,0.395545,4,0.289715,0,42,42,26,1,stimuli/objects/cookingpot.jpg,right,new,187,,,,,,,,
,,,,,,,,10,2020-10-28_18h12.24.342,premce_ses-02_part-02_label-phase2,2020.1.2,Win32,60,right,1.173505,4,0.573215,0,43,43,131,1,stimuli/objects/tablesaw.jpg,left,old,292,,,,,,,,
,,,,,,,,10,2020-10-28_18h12.24.342,premce_ses-02_part-02_label-phase2,2020.1.2,Win32,60,right,0.26451,4,0.50621,0,44,44,14,1,stimuli/objects/hockeystick.jpg,left,old,175,,,,,,,,
,,,,,,,,10,2020-10-28_18h12.24.342,premce_ses-02_part-02_label-phase2,2020.1.2,Win32,60,right,0.84286,4,0.37362,0,45,45,107,1,stimuli/objects/skipole.jpg,left,old,268,,,,,,,,
,,,,,,,,10,2020-10-28_18h12.24.342,premce_ses-02_part-02_label-phase2,2020.1.2,Win32,60,right,0.403975,4,0.20189,0,46,46,117,1,stimuli/objects/cloud.jpg,left,old,278,,,,,,,,
,,,,,,,,10,2020-10-28_18h12.24.342,premce_ses-02_part-02_label-phase2,2020.1.2,Win32,60,right,0.65912,4,0.32309,0,47,47,35,1,stimuli/objects/eiffeltower.jpg,right,new,196,,,,,,,,
,,,,,,,,10,2020-10-28_18h12.24.342,premce_ses-02_part-02_label-phase2,2020.1.2,Win32,60,right,0.696755,4,0.72088,0,48,48,47,1,stimuli/objects/jellyfish.jpg,left,old,208,,,,,,,,
,,,,,,,,10,2020-10-28_18h12.24.342,premce_ses-02_part-02_label-phase2,2020.1.2,Win32,60,right,0.50506,4,0.311225,0,49,49,68,1,stimuli/objects/sailboat.jpg,right,new,229,,,,,,,,
,,,,,,,,10,2020-10-28_18h12.24.342,premce_ses-02_part-02_label-phase2,2020.1.2,Win32,60,right,0.416485,4,0.415825,0,50,50,65,1,stimuli/objects/armchair02.jpg,right,new,226,,,,,,,,
,,,,,,,,10,2020-10-28_18h12.24.342,premce_ses-02_part-02_label-phase2,2020.1.2,Win32,60,right,0.496765,4,0.35334,0,51,51,95,1,stimuli/objects/mouse.jpg,right,new,256,,,,,,,,
,,,,,,,,10,2020-10-28_18h12.24.342,premce_ses-02_part-02_label-phase2,2020.1.2,Win32,60,right,0.435075,4,0.515615,0,52,52,139,1,stimuli/objects/floortile02.jpg,right,new,300,,,,,,,,
,,,,,,,,10,2020-10-28_18h12.24.342,premce_ses-02_part-02_label-phase2,2020.1.2,Win32,60,right,0.990195,4,0.29445,0,53,53,59,1,stimuli/objects/saltshaker03a.jpg,right,new,220,,,,,,,,
,,,,,,,,10,2020-10-28_18h12.24.342,premce_ses-02_part-02_label-phase2,2020.1.2,Win32,60,right,0.57394,4,0.31879,0,54,54,52,1,stimuli/objects/drumstick.jpg,right,new,213,,,,,,,,
,,,,,,,,10,2020-10-28_18h12.24.342,premce_ses-02_part-02_label-phase2,2020.1.2,Win32,60,right,0.66558,4,0.535795,0,55,55,37,1,stimuli/objects/pigeon.jpg,left,old,198,,,,,,,,
,,,,,,,,10,2020-10-28_18h12.24.342,premce_ses-02_part-02_label-phase2,2020.1.2,Win32,60,right,0.513785,4,0.33749,0,56,56,12,1,stimuli/objects/safe.jpg,right,new,173,,,,,,,,
,,,,,,,,10,2020-10-28_18h12.24.342,premce_ses-02_part-02_label-phase2,2020.1.2,Win32,60,right,0.481065,4,0.423125,0,57,57,132,1,stimuli/objects/duck01.jpg,right,new,293,,,,,,,,
,,,,,,,,10,2020-10-28_18h12.24.342,premce_ses-02_part-02_label-phase2,2020.1.2,Win32,60,right,0.366245,4,0.26371,0,58,58,17,1,stimuli/objects/mrpotatohead.jpg,right,new,178,,,,,,,,
,,,,,,,,10,2020-10-28_18h12.24.342,premce_ses-02_part-02_label-phase2,2020.1.2,Win32,60,right,0.383205,4,0.95835,0,59,59,124,1,stimuli/objects/kangaroo01.jpg,right,new,285,,,,,,,,
,,,,,,,,10,2020-10-28_18h12.24.342,premce_ses-02_part-02_label-phase2,2020.1.2,Win32,60,right,0.72879,4,0.25526,0,60,60,122,1,stimuli/objects/crosscountryski.jpg,left,old,283,,,,,,,,
,,,,,,,,10,2020-10-28_18h12.24.342,premce_ses-02_part-02_label-phase2,2020.1.2,Win32,60,right,0.62195,4,0.39023,0,61,61,45,1,stimuli/objects/dolly01.jpg,right,new,206,,,,,,,,
,,,,,,,,10,2020-10-28_18h12.24.342,premce_ses-02_part-02_label-phase2,2020.1.2,Win32,60,right,0.43162,4,0.44148,0,62,62,62,1,stimuli/objects/sandbarshark.jpg,right,new,223,,,,,,,,
,,,,,,,,10,2020-10-28_18h12.24.342,premce_ses-02_part-02_label-phase2,2020.1.2,Win32,60,right,0.65679,4,0.841395,0,63,63,74,1,stimuli/objects/noparkingsign.jpg,right,new,235,,,,,,,,
,,,,,,,,10,2020-10-28_18h12.24.342,premce_ses-02_part-02_label-phase2,2020.1.2,Win32,60,right,0.95795,4,0.501885,0,64,64,159,1,stimuli/objects/shovel01.jpg,left,old,320,,,,,,,,
,,,,,,,,10,2020-10-28_18h12.24.342,premce_ses-02_part-02_label-phase2,2020.1.2,Win32,60,right,0.5002,4,0.27911,0,65,65,84,1,stimuli/objects/musicstand.jpg,left,old,245,,,,,,,,
,,,,,,,,10,2020-10-28_18h12.24.342,premce_ses-02_part-02_label-phase2,2020.1.2,Win32,60,right,0.48144,4,0.788535,0,66,66,50,1,stimuli/objects/honeybee.jpg,left,old,211,,,,,,,,
,,,,,,,,10,2020-10-28_18h12.24.342,premce_ses-02_part-02_label-phase2,2020.1.2,Win32,60,right,0.640555,4,0.30165,0,67,67,156,1,stimuli/objects/faxmachine.jpg,right,new,317,,,,,,,,
,,,,,,,,10,2020-10-28_18h12.24.342,premce_ses-02_part-02_label-phase2,2020.1.2,Win32,60,right,0.619905,4,29.31499,0,68,68,153,1,stimuli/objects/toysoldier01b.jpg,left,old,314,,,,,,,,
,,,,,,,,10,2020-10-28_18h12.24.342,premce_ses-02_part-02_label-phase2,2020.1.2,Win32,60,right,0.874465,4,0.86954,0,69,69,18,1,stimuli/objects/discoball.jpg,right,new,179,,,,,,,,
,,,,,,,,10,2020-10-28_18h12.24.342,premce_ses-02_part-02_label-phase2,2020.1.2,Win32,60,right,0.42028,4,0.49803,0,70,70,89,1,stimuli/objects/bowlingpin.jpg,left,old,250,,,,,,,,
,,,,,,,,10,2020-10-28_18h12.24.342,premce_ses-02_part-02_label-phase2,2020.1.2,Win32,60,right,0.23142,4,0.365795,0,71,71,70,1,stimuli/objects/fluorescentlightbulb.jpg,right,new,231,,,,,,,,
,,,,,,,,10,2020-10-28_18h12.24.342,premce_ses-02_part-02_label-phase2,2020.1.2,Win32,60,right,0.266045,4,0.25067,0,72,72,140,1,stimuli/objects/hammerheadshark.jpg,right,new,301,,,,,,,,
,,,,,,,,10,2020-10-28_18h12.24.342,premce_ses-02_part-02_label-phase2,2020.1.2,Win32,60,right,0.404095,4,0.45825,0,73,73,110,1,stimuli/objects/scalpel.jpg,left,old,271,,,,,,,,
,,,,,,,,10,2020-10-28_18h12.24.342,premce_ses-02_part-02_label-phase2,2020.1.2,Win32,60,right,0.812375,4,0.315235,0,74,74,115,1,stimuli/objects/contactlens.jpg,right,new,276,,,,,,,,
,,,,,,,,10,2020-10-28_18h12.24.342,premce_ses-02_part-02_label-phase2,2020.1.2,Win32,60,right,0.586385,4,0.422305,0,75,75,36,1,stimuli/objects/recyclingbin.jpg,right,new,197,,,,,,,,
,,,,,,,,10,2020-10-28_18h12.24.342,premce_ses-02_part-02_label-phase2,2020.1.2,Win32,60,right,0.40313,4,0.391505,0,76,76,87,1,stimuli/objects/gazebo.jpg,left,old,248,,,,,,,,
,,,,,,,,10,2020-10-28_18h12.24.342,premce_ses-02_part-02_label-phase2,2020.1.2,Win32,60,right,0.450335,1,1.17413,0,77,77,53,1,stimuli/objects/ear.jpg,left,old,214,,,,,,,,
,,,,,,,,10,2020-10-28_18h12.24.342,premce_ses-02_part-02_label-phase2,2020.1.2,Win32,60,right,1.176075,4,0.456765,0,78,78,126,1,stimuli/objects/entrancegate.jpg,left,old,287,,,,,,,,
,,,,,,,,10,2020-10-28_18h12.24.342,premce_ses-02_part-02_label-phase2,2020.1.2,Win32,60,right,0.50707,4,0.30567,0,79,79,157,1,stimuli/objects/lip.jpg,right,new,318,,,,,,,,
,,,,,,,,10,2020-10-28_18h12.24.342,premce_ses-02_part-02_label-phase2,2020.1.2,Win32,60,right,0.372285,4,0.791135,0,80,80,56,1,stimuli/objects/bumpercar.jpg,right,new,217,,,,,,,,
,,,,,,,,10,2020-10-28_18h12.24.342,premce_ses-02_part-02_label-phase2,2020.1.2,Win32,60,right,0.528045,4,0.35092,0,81,81,78,1,stimuli/objects/smartboard.jpg,right,new,239,,,,,,,,
,,,,,,,,10,2020-10-28_18h12.24.342,premce_ses-02_part-02_label-phase2,2020.1.2,Win32,60,right,0.52202,4,0.81704,0,82,82,158,1,stimuli/objects/bed.jpg,left,old,319,,,,,,,,
,,,,,,,,10,2020-10-28_18h12.24.342,premce_ses-02_part-02_label-phase2,2020.1.2,Win32,60,right,0.687625,4,0.316915,0,83,83,7,1,stimuli/objects/sink.jpg,right,new,168,,,,,,,,
,,,,,,,,10,2020-10-28_18h12.24.342,premce_ses-02_part-02_label-phase2,2020.1.2,Win32,60,right,0.27,4,0.255385,0,84,84,99,1,stimuli/objects/basketball01.jpg,left,old,260,,,,,,,,
,,,,,,,,10,2020-10-28_18h12.24.342,premce_ses-02_part-02_label-phase2,2020.1.2,Win32,60,right,0.681095,4,0.69775,0,85,85,118,1,stimuli/objects/trophy01.jpg,left,old,279,,,,,,,,
,,,,,,,,10,2020-10-28_18h12.24.342,premce_ses-02_part-02_label-phase2,2020.1.2,Win32,60,right,0.66886,4,0.96354,0,86,86,113,1,stimuli/objects/dogsled.jpg,left,old,274,,,,,,,,
,,,,,,,,10,2020-10-28_18h12.24.342,premce_ses-02_part-02_label-phase2,2020.1.2,Win32,60,right,0.779595,4,0.573115,0,87,87,46,1,stimuli/objects/kite.jpg,right,new,207,,,,,,,,
,,,,,,,,10,2020-10-28_18h12.24.342,premce_ses-02_part-02_label-phase2,2020.1.2,Win32,60,right,1.17444,4,0.44227,0,88,88,28,1,stimuli/objects/freezer02.jpg,right,new,189,,,,,,,,
,,,,,,,,10,2020-10-28_18h12.24.342,premce_ses-02_part-02_label-phase2,2020.1.2,Win32,60,right,0.421485,4,0.312505,0,89,89,83,1,stimuli/objects/redonion.jpg,left,old,244,,,,,,,,
,,,,,,,,10,2020-10-28_18h12.24.342,premce_ses-02_part-02_label-phase2,2020.1.2,Win32,60,right,0.37441,4,0.27289,0,90,90,71,1,stimuli/objects/cross01.jpg,right,new,232,,,,,,,,
,,,,,,,,10,2020-10-28_18h12.24.342,premce_ses-02_part-02_label-phase2,2020.1.2,Win32,60,right,0.207365,4,0.217235,0,91,91,109,1,stimuli/objects/spaghetti01.jpg,left,old,270,,,,,,,,
,,,,,,,,10,2020-10-28_18h12.24.342,premce_ses-02_part-02_label-phase2,2020.1.2,Win32,60,right,0.246395,4,0.30131,0,92,92,20,1,stimuli/objects/football.jpg,left,old,181,,,,,,,,
,,,,,,,,10,2020-10-28_18h12.24.342,premce_ses-02_part-02_label-phase2,2020.1.2,Win32,60,right,0.373075,4,0.4161,0,93,93,3,1,stimuli/objects/pitchfork.jpg,right,new,164,,,,,,,,
,,,,,,,,10,2020-10-28_18h12.24.342,premce_ses-02_part-02_label-phase2,2020.1.2,Win32,60,right,0.35039,4,0.35637,0,94,94,10,1,stimuli/objects/locomotive.jpg,left,old,171,,,,,,,,
,,,,,,,,10,2020-10-28_18h12.24.342,premce_ses-02_part-02_label-phase2,2020.1.2,Win32,60,right,0.284365,4,1.439895,0,95,95,133,1,stimuli/objects/kneepad01c.jpg,left,old,294,,,,,,,,
,,,,,,,,10,2020-10-28_18h12.24.342,premce_ses-02_part-02_label-phase2,2020.1.2,Win32,60,right,0.340345,4,0.303805,0,96,96,1,1,stimuli/objects/bridge.jpg,right,new,162,,,,,,,,
,,,,,,,,10,2020-10-28_18h12.24.342,premce_ses-02_part-02_label-phase2,2020.1.2,Win32,60,right,0.51438,4,0.000845,0,97,97,123,1,stimuli/objects/zebra.jpg,left,old,284,,,,,,,,
,,,,,,,,10,2020-10-28_18h12.24.342,premce_ses-02_part-02_label-phase2,2020.1.2,Win32,60,right,0.236725,4,0.23591,0,98,98,57,1,stimuli/objects/pumpkin.jpg,left,old,218,,,,,,,,
,,,,,,,,10,2020-10-28_18h12.24.342,premce_ses-02_part-02_label-phase2,2020.1.2,Win32,60,right,0.755175,4,0.59293,0,99,99,147,1,stimuli/objects/hotdog.jpg,right,new,308,,,,,,,,
,,,,,,,,10,2020-10-28_18h12.24.342,premce_ses-02_part-02_label-phase2,2020.1.2,Win32,60,right,0.466945,4,0.339095,0,100,100,120,1,stimuli/objects/soccerball.jpg,left,old,281,,,,,,,,
,,,,,,,,10,2020-10-28_18h12.24.342,premce_ses-02_part-02_label-phase2,2020.1.2,Win32,60,right,0.624725,4,0.45522,0,101,101,16,1,stimuli/objects/cymbal.jpg,right,new,177,,,,,,,,
,,,,,,,,10,2020-10-28_18h12.24.342,premce_ses-02_part-02_label-phase2,2020.1.2,Win32,60,right,0.72879,4,0.230605,0,102,102,149,1,stimuli/objects/hulahoop.jpg,left,old,310,,,,,,,,
,,,,,,,,10,2020-10-28_18h12.24.342,premce_ses-02_part-02_label-phase2,2020.1.2,Win32,60,right,0.514375,4,0.26582,0,103,103,144,1,stimuli/objects/filingcabinet.jpg,right,new,305,,,,,,,,
,,,,,,,,10,2020-10-28_18h12.24.342,premce_ses-02_part-02_label-phase2,2020.1.2,Win32,60,right,0.49659,4,0.393515,0,104,104,108,1,stimuli/objects/boxingglove01.jpg,right,new,269,,,,,,,,
,,,,,,,,10,2020-10-28_18h12.24.342,premce_ses-02_part-02_label-phase2,2020.1.2,Win32,60,right,0.25688,4,0.307455,0,105,105,91,1,stimuli/objects/lawnmower.jpg,right,new,252,,,,,,,,
,,,,,,,,10,2020-10-28_18h12.24.342,premce_ses-02_part-02_label-phase2,2020.1.2,Win32,60,right,0.32328,4,0.27438,0,106,106,127,1,stimuli/objects/jaguar.jpg,left,old,288,,,,,,,,
,,,,,,,,10,2020-10-28_18h12.24.342,premce_ses-02_part-02_label-phase2,2020.1.2,Win32,60,right,0.623055,4,0.236175,0,107,107,73,1,stimuli/objects/barrel01.jpg,left,old,234,,,,,,,,
,,,,,,,,10,2020-10-28_18h12.24.342,premce_ses-02_part-02_label-phase2,2020.1.2,Win32,60,right,0.37457,4,0.32707,0,108,108,21,1,stimuli/objects/acorn.jpg,left,old,182,,,,,,,,
,,,,,,,,10,2020-10-28_18h12.24.342,premce_ses-02_part-02_label-phase2,2020.1.2,Win32,60,right,0.67077,4,0.37406,0,109,109,72,1,stimuli/objects/shoppingcart.jpg,left,old,233,,,,,,,,
,,,,,,,,10,2020-10-28_18h12.24.342,premce_ses-02_part-02_label-phase2,2020.1.2,Win32,60,right,0.266745,4,0.27717,0,110,110,85,1,stimuli/objects/gong.jpg,right,new,246,,,,,,,,
,,,,,,,,10,2020-10-28_18h12.24.342,premce_ses-02_part-02_label-phase2,2020.1.2,Win32,60,right,0.223875,4,0.15561,0,111,111,5,1,stimuli/objects/morningstar.jpg,right,new,166,,,,,,,,
,,,,,,,,10,2020-10-28_18h12.24.342,premce_ses-02_part-02_label-phase2,2020.1.2,Win32,60,right,0.235545,4,0.157895,0,112,112,40,1,stimuli/objects/porcupine.jpg,left,old,201,,,,,,,,
,,,,,,,,10,2020-10-28_18h12.24.342,premce_ses-02_part-02_label-phase2,2020.1.2,Win32,60,right,0.237185,4,0.22044,0,113,113,48,1,stimuli/objects/fishskeleton.jpg,right,new,209,,,,,,,,
,,,,,,,,10,2020-10-28_18h12.24.342,premce_ses-02_part-02_label-phase2,2020.1.2,Win32,60,right,0.11628,4,0.402585,0,114,114,29,1,stimuli/objects/showerhead01.jpg,left,old,190,,,,,,,,
,,,,,,,,10,2020-10-28_18h12.24.342,premce_ses-02_part-02_label-phase2,2020.1.2,Win32,60,right,0.279805,4,0.51426,0,115,115,54,1,stimuli/objects/stepladder.jpg,left,old,215,,,,,,,,
,,,,,,,,10,2020-10-28_18h12.24.342,premce_ses-02_part-02_label-phase2,2020.1.2,Win32,60,right,0.27924,4,0.426425,0,116,116,64,1,stimuli/objects/cupcake.jpg,right,new,225,,,,,,,,
,,,,,,,,10,2020-10-28_18h12.24.342,premce_ses-02_part-02_label-phase2,2020.1.2,Win32,60,right,3.120965,4,0.30759,0,117,117,119,1,stimuli/objects/surfboard.jpg,left,old,280,,,,,,,,
,,,,,,,,10,2020-10-28_18h12.24.342,premce_ses-02_part-02_label-phase2,2020.1.2,Win32,60,right,1.663385,4,0.353335,0,118,118,137,1,stimuli/objects/jackrabbit.jpg,left,old,298,,,,,,,,
,,,,,,,,10,2020-10-28_18h12.24.342,premce_ses-02_part-02_label-phase2,2020.1.2,Win32,60,right,0.395515,4,0.25643,0,119,119,32,1,stimuli/objects/seagull.jpg,left,old,193,,,,,,,,
,,,,,,,,10,2020-10-28_18h12.24.342,premce_ses-02_part-02_label-phase2,2020.1.2,Win32,60,right,0.392725,4,0.375735,0,120,120,105,1,stimuli/objects/cuttlefish.jpg,left,old,266,,,,,,,,
,,,,,,,,10,2020-10-28_18h12.24.342,premce_ses-02_part-02_label-phase2,2020.1.2,Win32,60,right,0.26055,4,0.896545,0,121,121,27,1,stimuli/objects/star.jpg,left,old,188,,,,,,,,
,,,,,,,,10,2020-10-28_18h12.24.342,premce_ses-02_part-02_label-phase2,2020.1.2,Win32,60,right,0.503935,4,0.635635,0,122,122,30,1,stimuli/objects/waterfountain02.jpg,right,new,191,,,,,,,,
,,,,,,,,10,2020-10-28_18h12.24.342,premce_ses-02_part-02_label-phase2,2020.1.2,Win32,60,right,0.701295,4,0.270675,0,123,123,42,1,stimuli/objects/electricguitar01.jpg,left,old,203,,,,,,,,
,,,,,,,,10,2020-10-28_18h12.24.342,premce_ses-02_part-02_label-phase2,2020.1.2,Win32,60,right,0.30376,4,0.55431,0,124,124,101,1,stimuli/objects/stairs.jpg,left,old,262,,,,,,,,
,,,,,,,,10,2020-10-28_18h12.24.342,premce_ses-02_part-02_label-phase2,2020.1.2,Win32,60,right,0.354955,4,0.367875,0,125,125,125,1,stimuli/objects/chipmunk.jpg,right,new,286,,,,,,,,
,,,,,,,,10,2020-10-28_18h12.24.342,premce_ses-02_part-02_label-phase2,2020.1.2,Win32,60,right,0.379605,4,0.33332,0,126,126,38,1,stimuli/objects/bull.jpg,right,new,199,,,,,,,,
,,,,,,,,10,2020-10-28_18h12.24.342,premce_ses-02_part-02_label-phase2,2020.1.2,Win32,60,right,0.34608,4,0.281675,0,127,127,121,1,stimuli/objects/musicsheet.jpg,left,old,282,,,,,,,,
,,,,,,,,10,2020-10-28_18h12.24.342,premce_ses-02_part-02_label-phase2,2020.1.2,Win32,60,right,1.006615,4,0.2844,0,128,128,82,1,stimuli/objects/missile.jpg,right,new,243,,,,,,,,
,,,,,,,,10,2020-10-28_18h12.24.342,premce_ses-02_part-02_label-phase2,2020.1.2,Win32,60,right,0.455825,4,0.302795,0,129,129,63,1,stimuli/objects/witchhat.jpg,left,old,224,,,,,,,,
,,,,,,,,10,2020-10-28_18h12.24.342,premce_ses-02_part-02_label-phase2,2020.1.2,Win32,60,right,0.84075,4,0.20402,0,130,130,66,1,stimuli/objects/tulip02.jpg,right,new,227,,,,,,,,
,,,,,,,,10,2020-10-28_18h12.24.342,premce_ses-02_part-02_label-phase2,2020.1.2,Win32,60,right,0.77346,4,0.124235,0,131,131,112,1,stimuli/objects/scorpion.jpg,right,new,273,,,,,,,,
,,,,,,,,10,2020-10-28_18h12.24.342,premce_ses-02_part-02_label-phase2,2020.1.2,Win32,60,right,0.922405,4,10.78132,0,132,132,100,1,stimuli/objects/gps.jpg,right,new,261,,,,,,,,
,,,,,,,,10,2020-10-28_18h12.24.342,premce_ses-02_part-02_label-phase2,2020.1.2,Win32,60,right,2.303905,4,0.41563,0,133,133,150,1,stimuli/objects/urinal.jpg,left,old,311,,,,,,,,
,,,,,,,,10,2020-10-28_18h12.24.342,premce_ses-02_part-02_label-phase2,2020.1.2,Win32,60,right,0.478805,4,0.27408,0,134,134,60,1,stimuli/objects/dormer.jpg,left,old,221,,,,,,,,
,,,,,,,,10,2020-10-28_18h12.24.342,premce_ses-02_part-02_label-phase2,2020.1.2,Win32,60,right,0.29989,4,0.17987,0,135,135,51,1,stimuli/objects/bus.jpg,left,old,212,,,,,,,,
,,,,,,,,10,2020-10-28_18h12.24.342,premce_ses-02_part-02_label-phase2,2020.1.2,Win32,60,right,0.238175,4,0.366445,0,136,136,44,1,stimuli/objects/canoepaddle02.jpg,left,old,205,,,,,,,,
,,,,,,,,10,2020-10-28_18h12.24.342,premce_ses-02_part-02_label-phase2,2020.1.2,Win32,60,right,0.309145,4,1.423895,0,137,137,43,1,stimuli/objects/tricycle.jpg,left,old,204,,,,,,,,
,,,,,,,,10,2020-10-28_18h12.24.342,premce_ses-02_part-02_label-phase2,2020.1.2,Win32,60,right,0.62417,4,0.521085,0,138,138,34,1,stimuli/objects/sandcastle.jpg,left,old,195,,,,,,,,
,,,,,,,,10,2020-10-28_18h12.24.342,premce_ses-02_part-02_label-phase2,2020.1.2,Win32,60,right,0.47572,4,0.6654,0,139,139,33,1,stimuli/objects/doghouse.jpg,left,old,194,,,,,,,,
,,,,,,,,10,2020-10-28_18h12.24.342,premce_ses-02_part-02_label-phase2,2020.1.2,Win32,60,right,0.478795,4,0.436575,0,140,140,8,1,stimuli/objects/bluejay.jpg,left,old,169,,,,,,,,
,,,,,,,,10,2020-10-28_18h12.24.342,premce_ses-02_part-02_label-phase2,2020.1.2,Win32,60,right,0.52236,4,0.355425,0,141,141,86,1,stimuli/objects/masquerademask01.jpg,right,new,247,,,,,,,,
,,,,,,,,10,2020-10-28_18h12.24.342,premce_ses-02_part-02_label-phase2,2020.1.2,Win32,60,right,0.561205,4,0.681265,0,142,142,111,1,stimuli/objects/trailer.jpg,right,new,272,,,,,,,,
,,,,,,,,10,2020-10-28_18h12.24.342,premce_ses-02_part-02_label-phase2,2020.1.2,Win32,60,right,0.5555,4,0.252815,0,143,143,24,1,stimuli/objects/stool01.jpg,left,old,185,,,,,,,,
,,,,,,,,10,2020-10-28_18h12.24.342,premce_ses-02_part-02_label-phase2,2020.1.2,Win32,60,right,0.316965,4,0.306595,0,144,144,135,1,stimuli/objects/toiletbrush.jpg,right,new,296,,,,,,,,
,,,,,,,,10,2020-10-28_18h12.24.342,premce_ses-02_part-02_label-phase2,2020.1.2,Win32,60,right,0.51612,4,0.2685,0,145,145,4,1,stimuli/objects/bowrake.jpg,right,new,165,,,,,,,,
,,,,,,,,10,2020-10-28_18h12.24.342,premce_ses-02_part-02_label-phase2,2020.1.2,Win32,60,right,0.420255,4,0.335445,0,146,146,143,1,stimuli/objects/squirrel.jpg,right,new,304,,,,,,,,
,,,,,,,,10,2020-10-28_18h12.24.342,premce_ses-02_part-02_label-phase2,2020.1.2,Win32,60,right,1.23048,4,0.207225,0,147,147,55,1,stimuli/objects/chime.jpg,right,new,216,,,,,,,,
,,,,,,,,10,2020-10-28_18h12.24.342,premce_ses-02_part-02_label-phase2,2020.1.2,Win32,60,right,0.37332,4,0.42303,0,148,148,76,1,stimuli/objects/snowshovel.jpg,right,new,237,,,,,,,,
,,,,,,,,10,2020-10-28_18h12.24.342,premce_ses-02_part-02_label-phase2,2020.1.2,Win32,60,right,0.490805,4,0.42894,0,149,149,104,1,stimuli/objects/mirror02.jpg,left,old,265,,,,,,,,
,,,,,,,,10,2020-10-28_18h12.24.342,premce_ses-02_part-02_label-phase2,2020.1.2,Win32,60,right,0.477745,4,0.24517,0,150,150,77,1,stimuli/objects/cowbell.jpg,right,new,238,,,,,,,,
,,,,,,,,10,2020-10-28_18h12.24.342,premce_ses-02_part-02_label-phase2,2020.1.2,Win32,60,right,0.295435,4,0.249235,0,151,151,130,1,stimuli/objects/sausage.jpg,right,new,291,,,,,,,,
,,,,,,,,10,2020-10-28_18h12.24.342,premce_ses-02_part-02_label-phase2,2020.1.2,Win32,60,right,0.524775,4,0.26035,0,152,152,93,1,stimuli/objects/moth.jpg,right,new,254,,,,,,,,
,,,,,,,,10,2020-10-28_18h12.24.342,premce_ses-02_part-02_label-phase2,2020.1.2,Win32,60,right,0.456905,4,0.34243,0,153,153,142,1,stimuli/objects/curtain.jpg,right,new,303,,,,,,,,
,,,,,,,,10,2020-10-28_18h12.24.342,premce_ses-02_part-02_label-phase2,2020.1.2,Win32,60,right,0.37122,4,0.38999,0,154,154,145,1,stimuli/objects/makiroll.jpg,left,old,306,,,,,,,,
,,,,,,,,10,2020-10-28_18h12.24.342,premce_ses-02_part-02_label-phase2,2020.1.2,Win32,60,right,0.243565,4,0.214455,0,155,155,141,1,stimuli/objects/parachute.jpg,right,new,302,,,,,,,,
,,,,,,,,10,2020-10-28_18h12.24.342,premce_ses-02_part-02_label-phase2,2020.1.2,Win32,60,right,0.22591,4,0.106835,0,156,156,114,1,stimuli/objects/turkey.jpg,left,old,275,,,,,,,,
,,,,,,,,10,2020-10-28_18h12.24.342,premce_ses-02_part-02_label-phase2,2020.1.2,Win32,60,right,0.200815,4,0.09727,0,157,157,94,1,stimuli/objects/cormorant.jpg,right,new,255,,,,,,,,
,,,,,,,,10,2020-10-28_18h12.24.342,premce_ses-02_part-02_label-phase2,2020.1.2,Win32,60,right,0.284045,4,0.15995,0,158,158,148,1,stimuli/objects/shield02.jpg,right,new,309,,,,,,,,
,,,,,,,,10,2020-10-28_18h12.24.342,premce_ses-02_part-02_label-phase2,2020.1.2,Win32,60,right,0.227565,4,0.27143,0,159,159,138,1,stimuli/objects/wallclock.jpg,right,new,299,,,,,,,,
,,,,,,,,10,2020-10-28_18h12.24.342,premce_ses-02_part-02_label-phase2,2020.1.2,Win32,60,,,,,,,,,,,,,,space,4.291895,0,1,1,1,1,ImagesforRecog2.csv
