instructions_loop.thisRepN,instructions_loop.thisTrialN,instructions_loop.thisN,instructions_loop.thisIndex,instructions_loop.ran,text1,text2,text3,participant,date,expName,psychopyVersion,OS,frameRate,recog_resp.keys,recog_resp.rt,conf_resp.keys,conf_resp.rt,recog_loop.thisRepN,recog_loop.thisTrialN,recog_loop.thisN,recog_loop.thisIndex,recog_loop.ran,images,corr_ans,type,order,key_resp_break.keys,key_resp_break.rt,list_loop.thisRepN,list_loop.thisTrialN,list_loop.thisN,list_loop.thisIndex,list_loop.ran,recog_list
0,0,0,0,1,Welcome to the last phase of this experiment!,,Please press the space bar to continue,11,2020-10-28_11h30.26.804,premce_ses-02_part-02_label-phase2,2020.1.2,Win32,60,,,,,,,,,,,,,,,,,,,,,
0,1,1,1,1,,"In this phase, you will see some objects. 

For each object, you should indicate whether you have seen it before during the experiment.

Press LEFT ARROW for YES
Press RIGHT ARROW for NO

",Please press the space bar to continue ,11,2020-10-28_11h30.26.804,premce_ses-02_part-02_label-phase2,2020.1.2,Win32,60,,,,,,,,,,,,,,,,,,,,,
0,2,2,2,1,,"After that, you will be asked how confident you are of your choice.

Please rate the confidence in your choce with the numbers from 1 to 4 of your keyboard. 

The numbers correspond to:

1 = Very unsure
2 = Unsure
3 = Sure
4 = Very Sure",Please press the space bar to continue,11,2020-10-28_11h30.26.804,premce_ses-02_part-02_label-phase2,2020.1.2,Win32,60,,,,,,,,,,,,,,,,,,,,,
,,,,,,,,11,2020-10-28_11h30.26.804,premce_ses-02_part-02_label-phase2,2020.1.2,Win32,60,left,5.197905,3,4.619935,0,0,0,60,1,stimuli/objects/worldmap.jpg,left,old,61,,,,,,,,
,,,,,,,,11,2020-10-28_11h30.26.804,premce_ses-02_part-02_label-phase2,2020.1.2,Win32,60,right,4.649375,2,1.580735,0,1,1,4,1,stimuli/objects/zipper.jpg,right,new,5,,,,,,,,
,,,,,,,,11,2020-10-28_11h30.26.804,premce_ses-02_part-02_label-phase2,2020.1.2,Win32,60,left,2.42545,3,4.855095,0,2,2,126,1,stimuli/objects/toynutcracker.jpg,right,new,127,,,,,,,,
,,,,,,,,11,2020-10-28_11h30.26.804,premce_ses-02_part-02_label-phase2,2020.1.2,Win32,60,left,1.80929,3,2.46275,0,3,3,157,1,stimuli/objects/volleyball.jpg,left,old,158,,,,,,,,
,,,,,,,,11,2020-10-28_11h30.26.804,premce_ses-02_part-02_label-phase2,2020.1.2,Win32,60,right,4.808295,2,1.16653,0,4,4,142,1,stimuli/objects/cow.jpg,right,new,143,,,,,,,,
,,,,,,,,11,2020-10-28_11h30.26.804,premce_ses-02_part-02_label-phase2,2020.1.2,Win32,60,right,1.84907,1,1.42215,0,5,5,90,1,stimuli/objects/ducttape.jpg,right,new,91,,,,,,,,
,,,,,,,,11,2020-10-28_11h30.26.804,premce_ses-02_part-02_label-phase2,2020.1.2,Win32,60,left,1.692125,4,1.335605,0,6,6,107,1,stimuli/objects/candycane01a.jpg,left,old,108,,,,,,,,
,,,,,,,,11,2020-10-28_11h30.26.804,premce_ses-02_part-02_label-phase2,2020.1.2,Win32,60,left,1.308705,3,1.7579,0,7,7,66,1,stimuli/objects/desktopcomputer.jpg,left,old,67,,,,,,,,
,,,,,,,,11,2020-10-28_11h30.26.804,premce_ses-02_part-02_label-phase2,2020.1.2,Win32,60,right,1.96211,2,2.348145,0,8,8,33,1,stimuli/objects/helicopter.jpg,right,new,34,,,,,,,,
,,,,,,,,11,2020-10-28_11h30.26.804,premce_ses-02_part-02_label-phase2,2020.1.2,Win32,60,left,3.09143,2,1.38985,0,9,9,6,1,stimuli/objects/trojanhorse.jpg,right,new,7,,,,,,,,
,,,,,,,,11,2020-10-28_11h30.26.804,premce_ses-02_part-02_label-phase2,2020.1.2,Win32,60,right,1.59964,2,1.512085,0,10,10,38,1,stimuli/objects/coffeemaker.jpg,right,new,39,,,,,,,,
,,,,,,,,11,2020-10-28_11h30.26.804,premce_ses-02_part-02_label-phase2,2020.1.2,Win32,60,right,1.462515,3,2.010105,0,11,11,13,1,stimuli/objects/lighthouse.jpg,right,new,14,,,,,,,,
,,,,,,,,11,2020-10-28_11h30.26.804,premce_ses-02_part-02_label-phase2,2020.1.2,Win32,60,right,1.536175,2,1.117405,0,12,12,21,1,stimuli/objects/hockeypuck.jpg,left,old,22,,,,,,,,
,,,,,,,,11,2020-10-28_11h30.26.804,premce_ses-02_part-02_label-phase2,2020.1.2,Win32,60,right,1.94543,3,2.26872,0,13,13,32,1,stimuli/objects/paperairplane.jpg,right,new,33,,,,,,,,
,,,,,,,,11,2020-10-28_11h30.26.804,premce_ses-02_part-02_label-phase2,2020.1.2,Win32,60,right,1.374495,2,1.70871,0,14,14,89,1,stimuli/objects/carbattery.jpg,left,old,90,,,,,,,,
,,,,,,,,11,2020-10-28_11h30.26.804,premce_ses-02_part-02_label-phase2,2020.1.2,Win32,60,left,1.50957,4,1.764275,0,15,15,84,1,stimuli/objects/diploma02.jpg,left,old,85,,,,,,,,
,,,,,,,,11,2020-10-28_11h30.26.804,premce_ses-02_part-02_label-phase2,2020.1.2,Win32,60,right,1.676085,2,1.65576,0,16,16,46,1,stimuli/objects/coffeemachine.jpg,right,new,47,,,,,,,,
,,,,,,,,11,2020-10-28_11h30.26.804,premce_ses-02_part-02_label-phase2,2020.1.2,Win32,60,right,1.994235,2,1.69683,0,17,17,91,1,stimuli/objects/airhockeytable.jpg,right,new,92,,,,,,,,
,,,,,,,,11,2020-10-28_11h30.26.804,premce_ses-02_part-02_label-phase2,2020.1.2,Win32,60,right,1.98205,2,0.94039,0,18,18,154,1,stimuli/objects/dartboard.jpg,left,old,155,,,,,,,,
,,,,,,,,11,2020-10-28_11h30.26.804,premce_ses-02_part-02_label-phase2,2020.1.2,Win32,60,right,1.226275,1,0.780255,0,19,19,36,1,stimuli/objects/cutlass.jpg,left,old,37,,,,,,,,
,,,,,,,,11,2020-10-28_11h30.26.804,premce_ses-02_part-02_label-phase2,2020.1.2,Win32,60,right,1.576235,3,0.958385,0,20,20,52,1,stimuli/objects/tree.jpg,right,new,53,,,,,,,,
,,,,,,,,11,2020-10-28_11h30.26.804,premce_ses-02_part-02_label-phase2,2020.1.2,Win32,60,left,1.99552,2,1.31395,0,21,21,127,1,stimuli/objects/macaroni01.jpg,right,new,128,,,,,,,,
,,,,,,,,11,2020-10-28_11h30.26.804,premce_ses-02_part-02_label-phase2,2020.1.2,Win32,60,right,2.500755,1,0.98537,0,22,22,10,1,stimuli/objects/americanwhitepelican.jpg,left,old,11,,,,,,,,
,,,,,,,,11,2020-10-28_11h30.26.804,premce_ses-02_part-02_label-phase2,2020.1.2,Win32,60,right,1.693495,3,1.276515,0,23,23,124,1,stimuli/objects/birdhouse.jpg,right,new,125,,,,,,,,
,,,,,,,,11,2020-10-28_11h30.26.804,premce_ses-02_part-02_label-phase2,2020.1.2,Win32,60,left,1.176575,4,0.64238,0,24,24,9,1,stimuli/objects/granolabar01.jpg,left,old,10,,,,,,,,
,,,,,,,,11,2020-10-28_11h30.26.804,premce_ses-02_part-02_label-phase2,2020.1.2,Win32,60,left,1.292385,4,1.27856,0,25,25,121,1,stimuli/objects/triangle.jpg,left,old,122,,,,,,,,
,,,,,,,,11,2020-10-28_11h30.26.804,premce_ses-02_part-02_label-phase2,2020.1.2,Win32,60,left,1.09829,4,1.12923,0,26,26,62,1,stimuli/objects/icecube02.jpg,left,old,63,,,,,,,,
,,,,,,,,11,2020-10-28_11h30.26.804,premce_ses-02_part-02_label-phase2,2020.1.2,Win32,60,left,1.508355,4,0.57462,0,27,27,130,1,stimuli/objects/toyanimal05.jpg,left,old,131,,,,,,,,
,,,,,,,,11,2020-10-28_11h30.26.804,premce_ses-02_part-02_label-phase2,2020.1.2,Win32,60,left,1.57763,2,1.100795,0,28,28,15,1,stimuli/objects/lantern03.jpg,right,new,16,,,,,,,,
,,,,,,,,11,2020-10-28_11h30.26.804,premce_ses-02_part-02_label-phase2,2020.1.2,Win32,60,right,1.79198,3,1.51498,0,29,29,42,1,stimuli/objects/bowlingball.jpg,right,new,43,,,,,,,,
,,,,,,,,11,2020-10-28_11h30.26.804,premce_ses-02_part-02_label-phase2,2020.1.2,Win32,60,right,1.1826,3,1.563145,0,30,30,77,1,stimuli/objects/aquarium.jpg,right,new,78,,,,,,,,
,,,,,,,,11,2020-10-28_11h30.26.804,premce_ses-02_part-02_label-phase2,2020.1.2,Win32,60,right,1.47452,2,1.017355,0,31,31,1,1,stimuli/objects/key07.jpg,right,new,2,,,,,,,,
,,,,,,,,11,2020-10-28_11h30.26.804,premce_ses-02_part-02_label-phase2,2020.1.2,Win32,60,right,1.30572,3,1.66937,0,32,32,68,1,stimuli/objects/ipad02.jpg,right,new,69,,,,,,,,
,,,,,,,,11,2020-10-28_11h30.26.804,premce_ses-02_part-02_label-phase2,2020.1.2,Win32,60,left,1.29124,3,1.249905,0,33,33,100,1,stimuli/objects/baseballbat.jpg,left,old,101,,,,,,,,
,,,,,,,,11,2020-10-28_11h30.26.804,premce_ses-02_part-02_label-phase2,2020.1.2,Win32,60,left,1.42792,2,0.614645,0,34,34,139,1,stimuli/objects/callbell.jpg,right,new,140,,,,,,,,
,,,,,,,,11,2020-10-28_11h30.26.804,premce_ses-02_part-02_label-phase2,2020.1.2,Win32,60,left,1.49529,2,1.164775,0,35,35,34,1,stimuli/objects/ceilingfan01.jpg,right,new,35,,,,,,,,
,,,,,,,,11,2020-10-28_11h30.26.804,premce_ses-02_part-02_label-phase2,2020.1.2,Win32,60,left,1.04217,3,0.891205,0,36,36,28,1,stimuli/objects/seaturtle.jpg,left,old,29,,,,,,,,
,,,,,,,,11,2020-10-28_11h30.26.804,premce_ses-02_part-02_label-phase2,2020.1.2,Win32,60,right,1.16132,2,1.10408,0,37,37,87,1,stimuli/objects/parkingmeter.jpg,left,old,88,,,,,,,,
,,,,,,,,11,2020-10-28_11h30.26.804,premce_ses-02_part-02_label-phase2,2020.1.2,Win32,60,right,1.498795,3,1.675625,0,38,38,0,1,stimuli/objects/fishingrod.jpg,right,new,1,,,,,,,,
,,,,,,,,11,2020-10-28_11h30.26.804,premce_ses-02_part-02_label-phase2,2020.1.2,Win32,60,right,1.54347,2,1.18844,0,39,39,97,1,stimuli/objects/watercooler.jpg,left,old,98,,,,,,,,
,,,,,,,,11,2020-10-28_11h30.26.804,premce_ses-02_part-02_label-phase2,2020.1.2,Win32,60,right,1.06203,2,1.22063,0,40,40,131,1,stimuli/objects/funnel.jpg,right,new,132,,,,,,,,
,,,,,,,,11,2020-10-28_11h30.26.804,premce_ses-02_part-02_label-phase2,2020.1.2,Win32,60,right,1.514255,1,1.305625,0,41,41,110,1,stimuli/objects/leafblower01.jpg,left,old,111,,,,,,,,
,,,,,,,,11,2020-10-28_11h30.26.804,premce_ses-02_part-02_label-phase2,2020.1.2,Win32,60,left,1.132225,4,1.863655,0,42,42,135,1,stimuli/objects/dalmatian.jpg,left,old,136,,,,,,,,
,,,,,,,,11,2020-10-28_11h30.26.804,premce_ses-02_part-02_label-phase2,2020.1.2,Win32,60,left,1.14584,4,0.59775,0,43,43,99,1,stimuli/objects/cactus.jpg,left,old,100,,,,,,,,
,,,,,,,,11,2020-10-28_11h30.26.804,premce_ses-02_part-02_label-phase2,2020.1.2,Win32,60,left,1.991255,2,0.7861,0,44,44,64,1,stimuli/objects/baseballglove.jpg,right,new,65,,,,,,,,
,,,,,,,,11,2020-10-28_11h30.26.804,premce_ses-02_part-02_label-phase2,2020.1.2,Win32,60,left,1.19035,3,1.22377,0,45,45,19,1,stimuli/objects/peacock.jpg,right,new,20,,,,,,,,
,,,,,,,,11,2020-10-28_11h30.26.804,premce_ses-02_part-02_label-phase2,2020.1.2,Win32,60,left,0.97812,3,1.542645,0,46,46,37,1,stimuli/objects/donut.jpg,left,old,38,,,,,,,,
,,,,,,,,11,2020-10-28_11h30.26.804,premce_ses-02_part-02_label-phase2,2020.1.2,Win32,60,right,1.19772,2,1.347635,0,47,47,22,1,stimuli/objects/toasteroven.jpg,right,new,23,,,,,,,,
,,,,,,,,11,2020-10-28_11h30.26.804,premce_ses-02_part-02_label-phase2,2020.1.2,Win32,60,left,1.89296,3,0.59549,0,48,48,152,1,stimuli/objects/xylophone.jpg,left,old,153,,,,,,,,
,,,,,,,,11,2020-10-28_11h30.26.804,premce_ses-02_part-02_label-phase2,2020.1.2,Win32,60,left,1.096125,4,1.147065,0,49,49,40,1,stimuli/objects/bread.jpg,left,old,41,,,,,,,,
,,,,,,,,11,2020-10-28_11h30.26.804,premce_ses-02_part-02_label-phase2,2020.1.2,Win32,60,right,1.37682,1,1.27358,0,50,50,117,1,stimuli/objects/lollipop04.jpg,right,new,118,,,,,,,,
,,,,,,,,11,2020-10-28_11h30.26.804,premce_ses-02_part-02_label-phase2,2020.1.2,Win32,60,left,1.1539,2,0.89964,0,51,51,18,1,stimuli/objects/snowman.jpg,left,old,19,,,,,,,,
,,,,,,,,11,2020-10-28_11h30.26.804,premce_ses-02_part-02_label-phase2,2020.1.2,Win32,60,right,3.578555,1,1.721115,0,52,52,108,1,stimuli/objects/brassknuckle.jpg,left,old,109,,,,,,,,
,,,,,,,,11,2020-10-28_11h30.26.804,premce_ses-02_part-02_label-phase2,2020.1.2,Win32,60,right,1.161705,3,2.631425,0,53,53,129,1,stimuli/objects/walkietalkie.jpg,left,old,130,,,,,,,,
,,,,,,,,11,2020-10-28_11h30.26.804,premce_ses-02_part-02_label-phase2,2020.1.2,Win32,60,left,1.018325,2,2.14836,0,54,54,106,1,stimuli/objects/brownsugar.jpg,left,old,107,,,,,,,,
,,,,,,,,11,2020-10-28_11h30.26.804,premce_ses-02_part-02_label-phase2,2020.1.2,Win32,60,left,0.9987,3,1.16551,0,55,55,101,1,stimuli/objects/wheelchair.jpg,left,old,102,,,,,,,,
,,,,,,,,11,2020-10-28_11h30.26.804,premce_ses-02_part-02_label-phase2,2020.1.2,Win32,60,right,2.01001,2,2.43458,0,56,56,93,1,stimuli/objects/pirateflag.jpg,right,new,94,,,,,,,,
,,,,,,,,11,2020-10-28_11h30.26.804,premce_ses-02_part-02_label-phase2,2020.1.2,Win32,60,right,1.642865,2,1.156695,0,57,57,92,1,stimuli/objects/athleticsock.jpg,left,old,93,,,,,,,,
,,,,,,,,11,2020-10-28_11h30.26.804,premce_ses-02_part-02_label-phase2,2020.1.2,Win32,60,right,2.460415,2,1.773535,0,58,58,96,1,stimuli/objects/pin.jpg,right,new,97,,,,,,,,
,,,,,,,,11,2020-10-28_11h30.26.804,premce_ses-02_part-02_label-phase2,2020.1.2,Win32,60,left,1.14366,4,1.61485,0,59,59,88,1,stimuli/objects/bison.jpg,left,old,89,,,,,,,,
,,,,,,,,11,2020-10-28_11h30.26.804,premce_ses-02_part-02_label-phase2,2020.1.2,Win32,60,left,1.196395,3,1.29774,0,60,60,78,1,stimuli/objects/exitsign.jpg,left,old,79,,,,,,,,
,,,,,,,,11,2020-10-28_11h30.26.804,premce_ses-02_part-02_label-phase2,2020.1.2,Win32,60,right,4.24499,2,1.062855,0,61,61,50,1,stimuli/objects/windshieldwiper02.jpg,right,new,51,,,,,,,,
,,,,,,,,11,2020-10-28_11h30.26.804,premce_ses-02_part-02_label-phase2,2020.1.2,Win32,60,left,1.05983,4,1.080795,0,62,62,82,1,stimuli/objects/giraffe.jpg,left,old,83,,,,,,,,
,,,,,,,,11,2020-10-28_11h30.26.804,premce_ses-02_part-02_label-phase2,2020.1.2,Win32,60,left,1.93926,3,1.349,0,63,63,61,1,stimuli/objects/birdnest.jpg,left,old,62,,,,,,,,
,,,,,,,,11,2020-10-28_11h30.26.804,premce_ses-02_part-02_label-phase2,2020.1.2,Win32,60,left,1.11488,3,1.234485,0,64,64,47,1,stimuli/objects/ant.jpg,right,new,48,,,,,,,,
,,,,,,,,11,2020-10-28_11h30.26.804,premce_ses-02_part-02_label-phase2,2020.1.2,Win32,60,right,2.04114,3,1.01515,0,65,65,17,1,stimuli/objects/car.jpg,right,new,18,,,,,,,,
,,,,,,,,11,2020-10-28_11h30.26.804,premce_ses-02_part-02_label-phase2,2020.1.2,Win32,60,right,1.493135,2,1.034065,0,66,66,49,1,stimuli/objects/microphone01.jpg,right,new,50,,,,,,,,
,,,,,,,,11,2020-10-28_11h30.26.804,premce_ses-02_part-02_label-phase2,2020.1.2,Win32,60,right,1.537075,2,2.083385,0,67,67,113,1,stimuli/objects/fortunecookie.jpg,right,new,114,,,,,,,,
,,,,,,,,11,2020-10-28_11h30.26.804,premce_ses-02_part-02_label-phase2,2020.1.2,Win32,60,right,1.38251,2,1.05398,0,68,68,138,1,stimuli/objects/raccoon.jpg,right,new,139,,,,,,,,
,,,,,,,,11,2020-10-28_11h30.26.804,premce_ses-02_part-02_label-phase2,2020.1.2,Win32,60,left,1.132825,2,1.0645,0,69,69,16,1,stimuli/objects/cashregister01.jpg,left,old,17,,,,,,,,
,,,,,,,,11,2020-10-28_11h30.26.804,premce_ses-02_part-02_label-phase2,2020.1.2,Win32,60,left,1.33888,1,1.1472,0,70,70,56,1,stimuli/objects/cannon.jpg,left,old,57,,,,,,,,
,,,,,,,,11,2020-10-28_11h30.26.804,premce_ses-02_part-02_label-phase2,2020.1.2,Win32,60,right,1.53037,2,1.032245,0,71,71,102,1,stimuli/objects/sheriffhat.jpg,left,old,103,,,,,,,,
,,,,,,,,11,2020-10-28_11h30.26.804,premce_ses-02_part-02_label-phase2,2020.1.2,Win32,60,right,0.99214,3,1.029765,0,72,72,63,1,stimuli/objects/rose.jpg,right,new,64,,,,,,,,
,,,,,,,,11,2020-10-28_11h30.26.804,premce_ses-02_part-02_label-phase2,2020.1.2,Win32,60,right,1.609885,1,0.77319,0,73,73,69,1,stimuli/objects/lightswitch01.jpg,left,old,70,,,,,,,,
,,,,,,,,11,2020-10-28_11h30.26.804,premce_ses-02_part-02_label-phase2,2020.1.2,Win32,60,right,1.362525,1,0.45676,0,74,74,31,1,stimuli/objects/faucet.jpg,right,new,32,,,,,,,,
,,,,,,,,11,2020-10-28_11h30.26.804,premce_ses-02_part-02_label-phase2,2020.1.2,Win32,60,right,1.012135,2,0.61301,0,75,75,8,1,stimuli/objects/treadmill.jpg,left,old,9,,,,,,,,
,,,,,,,,11,2020-10-28_11h30.26.804,premce_ses-02_part-02_label-phase2,2020.1.2,Win32,60,left,1.399115,2,1.202855,0,76,76,81,1,stimuli/objects/artichoke01b.jpg,right,new,82,,,,,,,,
,,,,,,,,11,2020-10-28_11h30.26.804,premce_ses-02_part-02_label-phase2,2020.1.2,Win32,60,left,1.132355,4,1.148975,0,77,77,27,1,stimuli/objects/fingerprint.jpg,left,old,28,,,,,,,,
,,,,,,,,11,2020-10-28_11h30.26.804,premce_ses-02_part-02_label-phase2,2020.1.2,Win32,60,left,1.578845,4,0.697985,0,78,78,141,1,stimuli/objects/lintroller.jpg,left,old,142,,,,,,,,
,,,,,,,,11,2020-10-28_11h30.26.804,premce_ses-02_part-02_label-phase2,2020.1.2,Win32,60,left,1.37778,4,0.964995,0,79,79,95,1,stimuli/objects/spicerack.jpg,left,old,96,,,,,,,,
,,,,,,,,11,2020-10-28_11h30.26.804,premce_ses-02_part-02_label-phase2,2020.1.2,Win32,60,left,0.910545,3,2.00275,0,80,80,147,1,stimuli/objects/panda.jpg,left,old,148,,,,,,,,
,,,,,,,,11,2020-10-28_11h30.26.804,premce_ses-02_part-02_label-phase2,2020.1.2,Win32,60,left,1.63136,2,0.52495,0,81,81,137,1,stimuli/objects/handheldtelescope.jpg,right,new,138,,,,,,,,
,,,,,,,,11,2020-10-28_11h30.26.804,premce_ses-02_part-02_label-phase2,2020.1.2,Win32,60,left,1.029525,4,0.57545,0,82,82,11,1,stimuli/objects/footballhelmet.jpg,left,old,12,,,,,,,,
,,,,,,,,11,2020-10-28_11h30.26.804,premce_ses-02_part-02_label-phase2,2020.1.2,Win32,60,right,1.444715,1,0.73016,0,83,83,48,1,stimuli/objects/taxisign.jpg,left,old,49,,,,,,,,
,,,,,,,,11,2020-10-28_11h30.26.804,premce_ses-02_part-02_label-phase2,2020.1.2,Win32,60,left,2.076245,2,0.47464,0,84,84,123,1,stimuli/objects/scooter.jpg,right,new,124,,,,,,,,
,,,,,,,,11,2020-10-28_11h30.26.804,premce_ses-02_part-02_label-phase2,2020.1.2,Win32,60,left,1.37633,3,1.146055,0,85,85,3,1,stimuli/objects/sealion.jpg,left,old,4,,,,,,,,
,,,,,,,,11,2020-10-28_11h30.26.804,premce_ses-02_part-02_label-phase2,2020.1.2,Win32,60,left,1.079685,3,1.41518,0,86,86,86,1,stimuli/objects/gorilla.jpg,right,new,87,,,,,,,,
,,,,,,,,11,2020-10-28_11h30.26.804,premce_ses-02_part-02_label-phase2,2020.1.2,Win32,60,right,1.276045,3,1.829865,0,87,87,109,1,stimuli/objects/bathtub.jpg,right,new,110,,,,,,,,
,,,,,,,,11,2020-10-28_11h30.26.804,premce_ses-02_part-02_label-phase2,2020.1.2,Win32,60,left,0.914475,4,1.163125,0,88,88,76,1,stimuli/objects/dromedary.jpg,left,old,77,,,,,,,,
,,,,,,,,11,2020-10-28_11h30.26.804,premce_ses-02_part-02_label-phase2,2020.1.2,Win32,60,left,1.563955,2,0.60134,0,89,89,122,1,stimuli/objects/pickaxe02.jpg,left,old,123,,,,,,,,
,,,,,,,,11,2020-10-28_11h30.26.804,premce_ses-02_part-02_label-phase2,2020.1.2,Win32,60,right,1.810225,3,1.01448,0,90,90,12,1,stimuli/objects/pingpongtable.jpg,right,new,13,,,,,,,,
,,,,,,,,11,2020-10-28_11h30.26.804,premce_ses-02_part-02_label-phase2,2020.1.2,Win32,60,left,1.05965,3,1.553505,0,91,91,114,1,stimuli/objects/tie02.jpg,left,old,115,,,,,,,,
,,,,,,,,11,2020-10-28_11h30.26.804,premce_ses-02_part-02_label-phase2,2020.1.2,Win32,60,right,1.293845,2,1.396705,0,92,92,65,1,stimuli/objects/blender.jpg,left,old,66,,,,,,,,
,,,,,,,,11,2020-10-28_11h30.26.804,premce_ses-02_part-02_label-phase2,2020.1.2,Win32,60,right,1.39508,2,1.50889,0,93,93,14,1,stimuli/objects/riverotter.jpg,right,new,15,,,,,,,,
,,,,,,,,11,2020-10-28_11h30.26.804,premce_ses-02_part-02_label-phase2,2020.1.2,Win32,60,right,1.194345,3,1.118255,0,94,94,41,1,stimuli/objects/spiderweb.jpg,right,new,42,,,,,,,,
,,,,,,,,11,2020-10-28_11h30.26.804,premce_ses-02_part-02_label-phase2,2020.1.2,Win32,60,right,1.377125,3,1.077155,0,95,95,57,1,stimuli/objects/weddingcake.jpg,left,old,58,,,,,,,,
,,,,,,,,11,2020-10-28_11h30.26.804,premce_ses-02_part-02_label-phase2,2020.1.2,Win32,60,right,2.70934,3,0.78997,0,96,96,134,1,stimuli/objects/rubikcube.jpg,right,new,135,,,,,,,,
,,,,,,,,11,2020-10-28_11h30.26.804,premce_ses-02_part-02_label-phase2,2020.1.2,Win32,60,right,2.51392,2,1.026175,0,97,97,143,1,stimuli/objects/turnstile.jpg,left,old,144,,,,,,,,
,,,,,,,,11,2020-10-28_11h30.26.804,premce_ses-02_part-02_label-phase2,2020.1.2,Win32,60,right,2.97812,2,1.861415,0,98,98,116,1,stimuli/objects/gavel.jpg,left,old,117,,,,,,,,
,,,,,,,,11,2020-10-28_11h30.26.804,premce_ses-02_part-02_label-phase2,2020.1.2,Win32,60,left,1.511415,2,1.29405,0,99,99,7,1,stimuli/objects/whiteout.jpg,right,new,8,,,,,,,,
,,,,,,,,11,2020-10-28_11h30.26.804,premce_ses-02_part-02_label-phase2,2020.1.2,Win32,60,left,1.878395,1,1.129335,0,100,100,43,1,stimuli/objects/slushiemachine.jpg,right,new,44,,,,,,,,
,,,,,,,,11,2020-10-28_11h30.26.804,premce_ses-02_part-02_label-phase2,2020.1.2,Win32,60,left,2.109305,3,1.053235,0,101,101,5,1,stimuli/objects/winniethepooh.jpg,left,old,6,,,,,,,,
,,,,,,,,11,2020-10-28_11h30.26.804,premce_ses-02_part-02_label-phase2,2020.1.2,Win32,60,right,1.896655,2,0.675755,0,102,102,111,1,stimuli/objects/honeycomb.jpg,right,new,112,,,,,,,,
,,,,,,,,11,2020-10-28_11h30.26.804,premce_ses-02_part-02_label-phase2,2020.1.2,Win32,60,right,1.16142,1,1.17651,0,103,103,118,1,stimuli/objects/cruiseship.jpg,left,old,119,,,,,,,,
,,,,,,,,11,2020-10-28_11h30.26.804,premce_ses-02_part-02_label-phase2,2020.1.2,Win32,60,left,1.206615,1,0.687425,0,104,104,85,1,stimuli/objects/frisbee.jpg,left,old,86,,,,,,,,
,,,,,,,,11,2020-10-28_11h30.26.804,premce_ses-02_part-02_label-phase2,2020.1.2,Win32,60,right,1.813795,2,0.801915,0,105,105,53,1,stimuli/objects/rooster.jpg,right,new,54,,,,,,,,
,,,,,,,,11,2020-10-28_11h30.26.804,premce_ses-02_part-02_label-phase2,2020.1.2,Win32,60,left,1.07907,3,1.249445,0,106,106,83,1,stimuli/objects/crab01.jpg,left,old,84,,,,,,,,
,,,,,,,,11,2020-10-28_11h30.26.804,premce_ses-02_part-02_label-phase2,2020.1.2,Win32,60,right,2.25975,2,1.59648,0,107,107,30,1,stimuli/objects/siamesecat.jpg,right,new,31,,,,,,,,
,,,,,,,,11,2020-10-28_11h30.26.804,premce_ses-02_part-02_label-phase2,2020.1.2,Win32,60,left,1.762475,4,1.08296,0,108,108,79,1,stimuli/objects/jellybean.jpg,left,old,80,,,,,,,,
,,,,,,,,11,2020-10-28_11h30.26.804,premce_ses-02_part-02_label-phase2,2020.1.2,Win32,60,left,1.07865,3,1.379735,0,109,109,136,1,stimuli/objects/dreamcatcher.jpg,left,old,137,,,,,,,,
,,,,,,,,11,2020-10-28_11h30.26.804,premce_ses-02_part-02_label-phase2,2020.1.2,Win32,60,left,1.444665,4,1.161915,0,110,110,132,1,stimuli/objects/trafficlight.jpg,left,old,133,,,,,,,,
,,,,,,,,11,2020-10-28_11h30.26.804,premce_ses-02_part-02_label-phase2,2020.1.2,Win32,60,left,0.891815,3,0.895565,0,111,111,133,1,stimuli/objects/skateboard.jpg,left,old,134,,,,,,,,
,,,,,,,,11,2020-10-28_11h30.26.804,premce_ses-02_part-02_label-phase2,2020.1.2,Win32,60,left,0.977595,2,1.203215,0,112,112,23,1,stimuli/objects/bat.jpg,right,new,24,,,,,,,,
,,,,,,,,11,2020-10-28_11h30.26.804,premce_ses-02_part-02_label-phase2,2020.1.2,Win32,60,left,1.942005,2,0.534775,0,113,113,73,1,stimuli/objects/ladybug03.jpg,right,new,74,,,,,,,,
,,,,,,,,11,2020-10-28_11h30.26.804,premce_ses-02_part-02_label-phase2,2020.1.2,Win32,60,left,1.278225,1,0.865795,0,114,114,51,1,stimuli/objects/cork02.jpg,right,new,52,,,,,,,,
,,,,,,,,11,2020-10-28_11h30.26.804,premce_ses-02_part-02_label-phase2,2020.1.2,Win32,60,left,1.227975,1,0.62368,0,115,115,20,1,stimuli/objects/escalator.jpg,left,old,21,,,,,,,,
,,,,,,,,11,2020-10-28_11h30.26.804,premce_ses-02_part-02_label-phase2,2020.1.2,Win32,60,left,2.89385,4,0.331205,0,116,116,24,1,stimuli/objects/christmaslights.jpg,left,old,25,,,,,,,,
,,,,,,,,11,2020-10-28_11h30.26.804,premce_ses-02_part-02_label-phase2,2020.1.2,Win32,60,left,1.463075,3,0.34882,0,117,117,29,1,stimuli/objects/tombstone.jpg,left,old,30,,,,,,,,
,,,,,,,,11,2020-10-28_11h30.26.804,premce_ses-02_part-02_label-phase2,2020.1.2,Win32,60,right,1.09407,1,0.496885,0,118,118,145,1,stimuli/objects/ironingboard01.jpg,right,new,146,,,,,,,,
,,,,,,,,11,2020-10-28_11h30.26.804,premce_ses-02_part-02_label-phase2,2020.1.2,Win32,60,left,0.91092,4,0.53379,0,119,119,72,1,stimuli/objects/crown.jpg,left,old,73,,,,,,,,
,,,,,,,,11,2020-10-28_11h30.26.804,premce_ses-02_part-02_label-phase2,2020.1.2,Win32,60,right,1.592495,3,1.047715,0,120,120,74,1,stimuli/objects/road02.jpg,right,new,75,,,,,,,,
,,,,,,,,11,2020-10-28_11h30.26.804,premce_ses-02_part-02_label-phase2,2020.1.2,Win32,60,left,0.966935,4,1.2996,0,121,121,25,1,stimuli/objects/kiwi03.jpg,left,old,26,,,,,,,,
,,,,,,,,11,2020-10-28_11h30.26.804,premce_ses-02_part-02_label-phase2,2020.1.2,Win32,60,left,0.97888,4,1.0388,0,122,122,35,1,stimuli/objects/flag.jpg,left,old,36,,,,,,,,
,,,,,,,,11,2020-10-28_11h30.26.804,premce_ses-02_part-02_label-phase2,2020.1.2,Win32,60,left,1.762885,1,1.39124,0,123,123,140,1,stimuli/objects/pooltable.jpg,right,new,141,,,,,,,,
,,,,,,,,11,2020-10-28_11h30.26.804,premce_ses-02_part-02_label-phase2,2020.1.2,Win32,60,right,1.277325,3,1.164725,0,124,124,146,1,stimuli/objects/martiniglass01b.jpg,left,old,147,,,,,,,,
,,,,,,,,11,2020-10-28_11h30.26.804,premce_ses-02_part-02_label-phase2,2020.1.2,Win32,60,right,1.321535,2,1.420005,0,125,125,39,1,stimuli/objects/fridge.jpg,left,old,40,,,,,,,,
,,,,,,,,11,2020-10-28_11h30.26.804,premce_ses-02_part-02_label-phase2,2020.1.2,Win32,60,right,4.064735,3,1.29333,0,126,126,54,1,stimuli/objects/floorlamp.jpg,right,new,55,,,,,,,,
,,,,,,,,11,2020-10-28_11h30.26.804,premce_ses-02_part-02_label-phase2,2020.1.2,Win32,60,right,0.92724,1,0.56337,0,127,127,80,1,stimuli/objects/church.jpg,left,old,81,,,,,,,,
,,,,,,,,11,2020-10-28_11h30.26.804,premce_ses-02_part-02_label-phase2,2020.1.2,Win32,60,left,1.44455,3,1.24063,0,128,128,70,1,stimuli/objects/apron.jpg,left,old,71,,,,,,,,
,,,,,,,,11,2020-10-28_11h30.26.804,premce_ses-02_part-02_label-phase2,2020.1.2,Win32,60,right,1.15011,1,1.02767,0,129,129,105,1,stimuli/objects/penguin.jpg,right,new,106,,,,,,,,
,,,,,,,,11,2020-10-28_11h30.26.804,premce_ses-02_part-02_label-phase2,2020.1.2,Win32,60,left,2.21212,3,0.481805,0,130,130,155,1,stimuli/objects/trombone.jpg,right,new,156,,,,,,,,
,,,,,,,,11,2020-10-28_11h30.26.804,premce_ses-02_part-02_label-phase2,2020.1.2,Win32,60,left,1.059585,2,1.11573,0,131,131,94,1,stimuli/objects/statue.jpg,right,new,95,,,,,,,,
,,,,,,,,11,2020-10-28_11h30.26.804,premce_ses-02_part-02_label-phase2,2020.1.2,Win32,60,right,1.23209,3,1.347935,0,132,132,71,1,stimuli/objects/bikelock.jpg,left,old,72,,,,,,,,
,,,,,,,,11,2020-10-28_11h30.26.804,premce_ses-02_part-02_label-phase2,2020.1.2,Win32,60,right,1.0811,2,0.72886,0,133,133,104,1,stimuli/objects/sledgehammer.jpg,right,new,105,,,,,,,,
,,,,,,,,11,2020-10-28_11h30.26.804,premce_ses-02_part-02_label-phase2,2020.1.2,Win32,60,right,1.5768,4,1.59453,0,134,134,112,1,stimuli/objects/webcam.jpg,right,new,113,,,,,,,,
,,,,,,,,11,2020-10-28_11h30.26.804,premce_ses-02_part-02_label-phase2,2020.1.2,Win32,60,right,3.07672,3,1.32873,0,135,135,151,1,stimuli/objects/bolt01a.jpg,right,new,152,,,,,,,,
,,,,,,,,11,2020-10-28_11h30.26.804,premce_ses-02_part-02_label-phase2,2020.1.2,Win32,60,right,1.297595,3,0.481205,0,136,136,55,1,stimuli/objects/cremebrulee.jpg,right,new,56,,,,,,,,
,,,,,,,,11,2020-10-28_11h30.26.804,premce_ses-02_part-02_label-phase2,2020.1.2,Win32,60,left,1.62742,2,1.198395,0,137,137,148,1,stimuli/objects/skihelmet01.jpg,left,old,149,,,,,,,,
,,,,,,,,11,2020-10-28_11h30.26.804,premce_ses-02_part-02_label-phase2,2020.1.2,Win32,60,left,1.31384,2,0.874375,0,138,138,119,1,stimuli/objects/polarbear.jpg,left,old,120,,,,,,,,
,,,,,,,,11,2020-10-28_11h30.26.804,premce_ses-02_part-02_label-phase2,2020.1.2,Win32,60,right,2.429025,2,1.68061,0,139,139,153,1,stimuli/objects/harmonica.jpg,right,new,154,,,,,,,,
,,,,,,,,11,2020-10-28_11h30.26.804,premce_ses-02_part-02_label-phase2,2020.1.2,Win32,60,left,2.30904,2,0.928955,0,140,140,150,1,stimuli/objects/asianelephant.jpg,left,old,151,,,,,,,,
,,,,,,,,11,2020-10-28_11h30.26.804,premce_ses-02_part-02_label-phase2,2020.1.2,Win32,60,right,1.707215,3,1.33341,0,141,141,26,1,stimuli/objects/snowglobe.jpg,right,new,27,,,,,,,,
,,,,,,,,11,2020-10-28_11h30.26.804,premce_ses-02_part-02_label-phase2,2020.1.2,Win32,60,left,1.029165,4,0.906805,0,142,142,159,1,stimuli/objects/parrot01.jpg,left,old,160,,,,,,,,
,,,,,,,,11,2020-10-28_11h30.26.804,premce_ses-02_part-02_label-phase2,2020.1.2,Win32,60,left,1.08152,2,0.597995,0,143,143,120,1,stimuli/objects/mortarandpestle.jpg,left,old,121,,,,,,,,
,,,,,,,,11,2020-10-28_11h30.26.804,premce_ses-02_part-02_label-phase2,2020.1.2,Win32,60,right,0.97705,1,1.65044,0,144,144,75,1,stimuli/objects/castle.jpg,right,new,76,,,,,,,,
,,,,,,,,11,2020-10-28_11h30.26.804,premce_ses-02_part-02_label-phase2,2020.1.2,Win32,60,right,1.8333,1,1.479835,0,145,145,58,1,stimuli/objects/file.jpg,right,new,59,,,,,,,,
,,,,,,,,11,2020-10-28_11h30.26.804,premce_ses-02_part-02_label-phase2,2020.1.2,Win32,60,right,1.29243,2,0.594,0,146,146,2,1,stimuli/objects/accordion01.jpg,right,new,3,,,,,,,,
,,,,,,,,11,2020-10-28_11h30.26.804,premce_ses-02_part-02_label-phase2,2020.1.2,Win32,60,left,1.058925,2,0.931935,0,147,147,128,1,stimuli/objects/toilet.jpg,right,new,129,,,,,,,,
,,,,,,,,11,2020-10-28_11h30.26.804,premce_ses-02_part-02_label-phase2,2020.1.2,Win32,60,right,1.334185,2,0.34979,0,148,148,98,1,stimuli/objects/well.jpg,left,old,99,,,,,,,,
,,,,,,,,11,2020-10-28_11h30.26.804,premce_ses-02_part-02_label-phase2,2020.1.2,Win32,60,right,0.812105,2,0.54201,0,149,149,67,1,stimuli/objects/steeringwheel.jpg,right,new,68,,,,,,,,
,,,,,,,,11,2020-10-28_11h30.26.804,premce_ses-02_part-02_label-phase2,2020.1.2,Win32,60,right,0.96008,3,1.65858,0,150,150,144,1,stimuli/objects/eyepatch.jpg,left,old,145,,,,,,,,
,,,,,,,,11,2020-10-28_11h30.26.804,premce_ses-02_part-02_label-phase2,2020.1.2,Win32,60,right,1.592375,4,0.48136,0,151,151,149,1,stimuli/objects/electrictoothbrush01c.jpg,right,new,150,,,,,,,,
,,,,,,,,11,2020-10-28_11h30.26.804,premce_ses-02_part-02_label-phase2,2020.1.2,Win32,60,left,1.367925,2,0.58559,0,152,152,158,1,stimuli/objects/vulture.jpg,right,new,159,,,,,,,,
,,,,,,,,11,2020-10-28_11h30.26.804,premce_ses-02_part-02_label-phase2,2020.1.2,Win32,60,left,1.31719,3,1.11432,0,153,153,125,1,stimuli/objects/horse.jpg,left,old,126,,,,,,,,
,,,,,,,,11,2020-10-28_11h30.26.804,premce_ses-02_part-02_label-phase2,2020.1.2,Win32,60,right,1.108535,2,0.6129,0,154,154,45,1,stimuli/objects/horseshoe.jpg,right,new,46,,,,,,,,
,,,,,,,,11,2020-10-28_11h30.26.804,premce_ses-02_part-02_label-phase2,2020.1.2,Win32,60,left,1.54425,3,0.629125,0,155,155,115,1,stimuli/objects/bleachers.jpg,left,old,116,,,,,,,,
,,,,,,,,11,2020-10-28_11h30.26.804,premce_ses-02_part-02_label-phase2,2020.1.2,Win32,60,right,0.87622,2,0.512115,0,156,156,156,1,stimuli/objects/battleaxe.jpg,right,new,157,,,,,,,,
,,,,,,,,11,2020-10-28_11h30.26.804,premce_ses-02_part-02_label-phase2,2020.1.2,Win32,60,right,3.258865,4,1.332,0,157,157,44,1,stimuli/objects/calendar.jpg,right,new,45,,,,,,,,
,,,,,,,,11,2020-10-28_11h30.26.804,premce_ses-02_part-02_label-phase2,2020.1.2,Win32,60,right,1.062425,3,1.084115,0,158,158,103,1,stimuli/objects/skiboot01a.jpg,right,new,104,,,,,,,,
,,,,,,,,11,2020-10-28_11h30.26.804,premce_ses-02_part-02_label-phase2,2020.1.2,Win32,60,right,1.029725,2,0.94916,0,159,159,59,1,stimuli/objects/forklift.jpg,left,old,60,,,,,,,,
,,,,,,,,11,2020-10-28_11h30.26.804,premce_ses-02_part-02_label-phase2,2020.1.2,Win32,60,,,,,,,,,,,,,,space,26.891105,0,0,0,0,1,ImagesforRecog1.csv
,,,,,,,,11,2020-10-28_11h30.26.804,premce_ses-02_part-02_label-phase2,2020.1.2,Win32,60,right,2.09246,2,0.89826,0,0,0,30,1,stimuli/objects/waterfountain02.jpg,right,new,191,,,,,,,,
,,,,,,,,11,2020-10-28_11h30.26.804,premce_ses-02_part-02_label-phase2,2020.1.2,Win32,60,left,0.91431,4,0.54296,0,1,1,112,1,stimuli/objects/scorpion.jpg,right,new,273,,,,,,,,
,,,,,,,,11,2020-10-28_11h30.26.804,premce_ses-02_part-02_label-phase2,2020.1.2,Win32,60,left,1.04435,3,0.36637,0,2,2,11,1,stimuli/objects/nunchuk.jpg,right,new,172,,,,,,,,
,,,,,,,,11,2020-10-28_11h30.26.804,premce_ses-02_part-02_label-phase2,2020.1.2,Win32,60,left,1.08144,4,0.356825,0,3,3,125,1,stimuli/objects/chipmunk.jpg,right,new,286,,,,,,,,
,,,,,,,,11,2020-10-28_11h30.26.804,premce_ses-02_part-02_label-phase2,2020.1.2,Win32,60,right,1.66177,2,0.27599,0,4,4,34,1,stimuli/objects/sandcastle.jpg,left,old,195,,,,,,,,
,,,,,,,,11,2020-10-28_11h30.26.804,premce_ses-02_part-02_label-phase2,2020.1.2,Win32,60,right,1.550005,3,1.014455,0,5,5,139,1,stimuli/objects/floortile02.jpg,right,new,300,,,,,,,,
,,,,,,,,11,2020-10-28_11h30.26.804,premce_ses-02_part-02_label-phase2,2020.1.2,Win32,60,left,1.00968,4,0.357645,0,6,6,27,1,stimuli/objects/star.jpg,left,old,188,,,,,,,,
,,,,,,,,11,2020-10-28_11h30.26.804,premce_ses-02_part-02_label-phase2,2020.1.2,Win32,60,left,1.43737,4,0.238825,0,7,7,67,1,stimuli/objects/golfball.jpg,left,old,228,,,,,,,,
,,,,,,,,11,2020-10-28_11h30.26.804,premce_ses-02_part-02_label-phase2,2020.1.2,Win32,60,left,1.04818,2,0.98069,0,8,8,25,1,stimuli/objects/beehive.jpg,left,old,186,,,,,,,,
,,,,,,,,11,2020-10-28_11h30.26.804,premce_ses-02_part-02_label-phase2,2020.1.2,Win32,60,right,1.29408,3,2.280535,0,9,9,106,1,stimuli/objects/nosmokingsign.jpg,right,new,267,,,,,,,,
,,,,,,,,11,2020-10-28_11h30.26.804,premce_ses-02_part-02_label-phase2,2020.1.2,Win32,60,right,1.291295,2,0.80592,0,10,10,121,1,stimuli/objects/musicsheet.jpg,left,old,282,,,,,,,,
,,,,,,,,11,2020-10-28_11h30.26.804,premce_ses-02_part-02_label-phase2,2020.1.2,Win32,60,right,0.994665,3,0.589845,0,11,11,87,1,stimuli/objects/gazebo.jpg,left,old,248,,,,,,,,
,,,,,,,,11,2020-10-28_11h30.26.804,premce_ses-02_part-02_label-phase2,2020.1.2,Win32,60,left,1.445375,2,0.247795,0,12,12,45,1,stimuli/objects/dolly01.jpg,right,new,206,,,,,,,,
,,,,,,,,11,2020-10-28_11h30.26.804,premce_ses-02_part-02_label-phase2,2020.1.2,Win32,60,right,0.87925,2,0.498335,0,13,13,1,1,stimuli/objects/bridge.jpg,right,new,162,,,,,,,,
,,,,,,,,11,2020-10-28_11h30.26.804,premce_ses-02_part-02_label-phase2,2020.1.2,Win32,60,left,1.244235,4,0.315795,0,14,14,79,1,stimuli/objects/beerbottle.jpg,left,old,240,,,,,,,,
,,,,,,,,11,2020-10-28_11h30.26.804,premce_ses-02_part-02_label-phase2,2020.1.2,Win32,60,left,1.121795,4,0.45213,0,15,15,93,1,stimuli/objects/moth.jpg,right,new,254,,,,,,,,
,,,,,,,,11,2020-10-28_11h30.26.804,premce_ses-02_part-02_label-phase2,2020.1.2,Win32,60,right,1.361005,2,0.68567,0,16,16,12,1,stimuli/objects/safe.jpg,right,new,173,,,,,,,,
,,,,,,,,11,2020-10-28_11h30.26.804,premce_ses-02_part-02_label-phase2,2020.1.2,Win32,60,right,1.12081,2,0.24961,0,17,17,19,1,stimuli/objects/chimney.jpg,right,new,180,,,,,,,,
,,,,,,,,11,2020-10-28_11h30.26.804,premce_ses-02_part-02_label-phase2,2020.1.2,Win32,60,left,1.249355,4,1.02911,0,18,18,104,1,stimuli/objects/mirror02.jpg,left,old,265,,,,,,,,
,,,,,,,,11,2020-10-28_11h30.26.804,premce_ses-02_part-02_label-phase2,2020.1.2,Win32,60,left,1.082855,3,0.37053,0,19,19,39,1,stimuli/objects/stroller.jpg,left,old,200,,,,,,,,
,,,,,,,,11,2020-10-28_11h30.26.804,premce_ses-02_part-02_label-phase2,2020.1.2,Win32,60,left,2.900045,2,0.23325,0,20,20,62,1,stimuli/objects/sandbarshark.jpg,right,new,223,,,,,,,,
,,,,,,,,11,2020-10-28_11h30.26.804,premce_ses-02_part-02_label-phase2,2020.1.2,Win32,60,left,1.01771,4,0.31099,0,21,21,24,1,stimuli/objects/stool01.jpg,left,old,185,,,,,,,,
,,,,,,,,11,2020-10-28_11h30.26.804,premce_ses-02_part-02_label-phase2,2020.1.2,Win32,60,left,0.863205,3,0.32541,0,22,22,42,1,stimuli/objects/electricguitar01.jpg,left,old,203,,,,,,,,
,,,,,,,,11,2020-10-28_11h30.26.804,premce_ses-02_part-02_label-phase2,2020.1.2,Win32,60,left,0.911665,3,0.559,0,23,23,37,1,stimuli/objects/pigeon.jpg,left,old,198,,,,,,,,
,,,,,,,,11,2020-10-28_11h30.26.804,premce_ses-02_part-02_label-phase2,2020.1.2,Win32,60,left,1.046525,1,0.707035,0,24,24,154,1,stimuli/objects/guitarcase.jpg,right,new,315,,,,,,,,
,,,,,,,,11,2020-10-28_11h30.26.804,premce_ses-02_part-02_label-phase2,2020.1.2,Win32,60,right,1.290435,2,0.34839,0,25,25,6,1,stimuli/objects/rollerblade.jpg,right,new,167,,,,,,,,
,,,,,,,,11,2020-10-28_11h30.26.804,premce_ses-02_part-02_label-phase2,2020.1.2,Win32,60,right,2.836965,2,0.3177,0,26,26,17,1,stimuli/objects/mrpotatohead.jpg,right,new,178,,,,,,,,
,,,,,,,,11,2020-10-28_11h30.26.804,premce_ses-02_part-02_label-phase2,2020.1.2,Win32,60,left,1.11205,3,0.82217,0,27,27,26,1,stimuli/objects/cookingpot.jpg,right,new,187,,,,,,,,
,,,,,,,,11,2020-10-28_11h30.26.804,premce_ses-02_part-02_label-phase2,2020.1.2,Win32,60,right,1.19609,2,0.678265,0,28,28,111,1,stimuli/objects/trailer.jpg,right,new,272,,,,,,,,
,,,,,,,,11,2020-10-28_11h30.26.804,premce_ses-02_part-02_label-phase2,2020.1.2,Win32,60,left,0.899905,2,0.26782,0,29,29,22,1,stimuli/objects/schoolbus.jpg,right,new,183,,,,,,,,
,,,,,,,,11,2020-10-28_11h30.26.804,premce_ses-02_part-02_label-phase2,2020.1.2,Win32,60,left,1.111645,3,1.05323,0,30,30,59,1,stimuli/objects/saltshaker03a.jpg,right,new,220,,,,,,,,
,,,,,,,,11,2020-10-28_11h30.26.804,premce_ses-02_part-02_label-phase2,2020.1.2,Win32,60,right,1.03063,2,0.35051,0,31,31,80,1,stimuli/objects/parkfountain.jpg,left,old,241,,,,,,,,
,,,,,,,,11,2020-10-28_11h30.26.804,premce_ses-02_part-02_label-phase2,2020.1.2,Win32,60,left,0.833465,3,1.301575,0,32,32,137,1,stimuli/objects/jackrabbit.jpg,left,old,298,,,,,,,,
,,,,,,,,11,2020-10-28_11h30.26.804,premce_ses-02_part-02_label-phase2,2020.1.2,Win32,60,left,1.07248,4,0.22489,0,33,33,145,1,stimuli/objects/makiroll.jpg,left,old,306,,,,,,,,
,,,,,,,,11,2020-10-28_11h30.26.804,premce_ses-02_part-02_label-phase2,2020.1.2,Win32,60,left,1.15355,3,0.263255,0,34,34,64,1,stimuli/objects/cupcake.jpg,right,new,225,,,,,,,,
,,,,,,,,11,2020-10-28_11h30.26.804,premce_ses-02_part-02_label-phase2,2020.1.2,Win32,60,left,1.234735,3,0.99064,0,35,35,151,1,stimuli/objects/gecko.jpg,left,old,312,,,,,,,,
,,,,,,,,11,2020-10-28_11h30.26.804,premce_ses-02_part-02_label-phase2,2020.1.2,Win32,60,right,0.873115,2,0.64848,0,36,36,126,1,stimuli/objects/entrancegate.jpg,left,old,287,,,,,,,,
,,,,,,,,11,2020-10-28_11h30.26.804,premce_ses-02_part-02_label-phase2,2020.1.2,Win32,60,left,0.894825,2,0.50485,0,37,37,32,1,stimuli/objects/seagull.jpg,left,old,193,,,,,,,,
,,,,,,,,11,2020-10-28_11h30.26.804,premce_ses-02_part-02_label-phase2,2020.1.2,Win32,60,left,1.63967,3,0.65286,0,38,38,119,1,stimuli/objects/surfboard.jpg,left,old,280,,,,,,,,
,,,,,,,,11,2020-10-28_11h30.26.804,premce_ses-02_part-02_label-phase2,2020.1.2,Win32,60,left,1.4246,2,0.908175,0,39,39,90,1,stimuli/objects/vacuumcleaner01.jpg,right,new,251,,,,,,,,
,,,,,,,,11,2020-10-28_11h30.26.804,premce_ses-02_part-02_label-phase2,2020.1.2,Win32,60,left,1.251185,2,0.647735,0,40,40,136,1,stimuli/objects/platypus.jpg,right,new,297,,,,,,,,
,,,,,,,,11,2020-10-28_11h30.26.804,premce_ses-02_part-02_label-phase2,2020.1.2,Win32,60,right,0.788925,3,0.831415,0,41,41,43,1,stimuli/objects/tricycle.jpg,left,old,204,,,,,,,,
,,,,,,,,11,2020-10-28_11h30.26.804,premce_ses-02_part-02_label-phase2,2020.1.2,Win32,60,right,1.382245,2,0.368345,0,42,42,41,1,stimuli/objects/salmon.jpg,right,new,202,,,,,,,,
,,,,,,,,11,2020-10-28_11h30.26.804,premce_ses-02_part-02_label-phase2,2020.1.2,Win32,60,right,1.322065,2,0.45131,0,43,43,140,1,stimuli/objects/hammerheadshark.jpg,right,new,301,,,,,,,,
,,,,,,,,11,2020-10-28_11h30.26.804,premce_ses-02_part-02_label-phase2,2020.1.2,Win32,60,left,1.49176,2,0.40419,0,44,44,14,1,stimuli/objects/hockeystick.jpg,left,old,175,,,,,,,,
,,,,,,,,11,2020-10-28_11h30.26.804,premce_ses-02_part-02_label-phase2,2020.1.2,Win32,60,right,1.161655,2,1.14424,0,45,45,16,1,stimuli/objects/cymbal.jpg,right,new,177,,,,,,,,
,,,,,,,,11,2020-10-28_11h30.26.804,premce_ses-02_part-02_label-phase2,2020.1.2,Win32,60,left,1.60524,2,0.317095,0,46,46,105,1,stimuli/objects/cuttlefish.jpg,left,old,266,,,,,,,,
,,,,,,,,11,2020-10-28_11h30.26.804,premce_ses-02_part-02_label-phase2,2020.1.2,Win32,60,left,0.810695,2,0.2145,0,47,47,148,1,stimuli/objects/shield02.jpg,right,new,309,,,,,,,,
,,,,,,,,11,2020-10-28_11h30.26.804,premce_ses-02_part-02_label-phase2,2020.1.2,Win32,60,left,1.634665,3,0.637515,0,48,48,21,1,stimuli/objects/acorn.jpg,left,old,182,,,,,,,,
,,,,,,,,11,2020-10-28_11h30.26.804,premce_ses-02_part-02_label-phase2,2020.1.2,Win32,60,left,1.201685,2,0.49095,0,49,49,152,1,stimuli/objects/waterfall.jpg,right,new,313,,,,,,,,
,,,,,,,,11,2020-10-28_11h30.26.804,premce_ses-02_part-02_label-phase2,2020.1.2,Win32,60,left,1.37244,3,0.438695,0,50,50,153,1,stimuli/objects/toysoldier01b.jpg,left,old,314,,,,,,,,
,,,,,,,,11,2020-10-28_11h30.26.804,premce_ses-02_part-02_label-phase2,2020.1.2,Win32,60,left,0.95577,2,0.24197,0,51,51,127,1,stimuli/objects/jaguar.jpg,left,old,288,,,,,,,,
,,,,,,,,11,2020-10-28_11h30.26.804,premce_ses-02_part-02_label-phase2,2020.1.2,Win32,60,left,1.03964,2,0.256875,0,52,52,40,1,stimuli/objects/porcupine.jpg,left,old,201,,,,,,,,
,,,,,,,,11,2020-10-28_11h30.26.804,premce_ses-02_part-02_label-phase2,2020.1.2,Win32,60,left,1.753735,2,0.295925,0,53,53,31,1,stimuli/objects/swing.jpg,right,new,192,,,,,,,,
,,,,,,,,11,2020-10-28_11h30.26.804,premce_ses-02_part-02_label-phase2,2020.1.2,Win32,60,right,1.077995,1,1.70806,0,54,54,120,1,stimuli/objects/soccerball.jpg,left,old,281,,,,,,,,
,,,,,,,,11,2020-10-28_11h30.26.804,premce_ses-02_part-02_label-phase2,2020.1.2,Win32,60,right,1.18626,2,0.46246,0,55,55,78,1,stimuli/objects/smartboard.jpg,right,new,239,,,,,,,,
,,,,,,,,11,2020-10-28_11h30.26.804,premce_ses-02_part-02_label-phase2,2020.1.2,Win32,60,left,1.14596,4,0.32513,0,56,56,149,1,stimuli/objects/hulahoop.jpg,left,old,310,,,,,,,,
,,,,,,,,11,2020-10-28_11h30.26.804,premce_ses-02_part-02_label-phase2,2020.1.2,Win32,60,left,0.80711,2,0.74462,0,57,57,95,1,stimuli/objects/mouse.jpg,right,new,256,,,,,,,,
,,,,,,,,11,2020-10-28_11h30.26.804,premce_ses-02_part-02_label-phase2,2020.1.2,Win32,60,left,3.03113,1,0.016285,0,58,58,18,1,stimuli/objects/discoball.jpg,right,new,179,,,,,,,,
,,,,,,,,11,2020-10-28_11h30.26.804,premce_ses-02_part-02_label-phase2,2020.1.2,Win32,60,right,2.275575,2,0.777905,0,59,59,69,1,stimuli/objects/banjo.jpg,right,new,230,,,,,,,,
,,,,,,,,11,2020-10-28_11h30.26.804,premce_ses-02_part-02_label-phase2,2020.1.2,Win32,60,right,0.91058,2,0.337605,0,60,60,68,1,stimuli/objects/sailboat.jpg,right,new,229,,,,,,,,
,,,,,,,,11,2020-10-28_11h30.26.804,premce_ses-02_part-02_label-phase2,2020.1.2,Win32,60,left,1.71413,2,0.40711,0,61,61,20,1,stimuli/objects/football.jpg,left,old,181,,,,,,,,
,,,,,,,,11,2020-10-28_11h30.26.804,premce_ses-02_part-02_label-phase2,2020.1.2,Win32,60,right,0.929715,2,0.216455,0,62,62,54,1,stimuli/objects/stepladder.jpg,left,old,215,,,,,,,,
,,,,,,,,11,2020-10-28_11h30.26.804,premce_ses-02_part-02_label-phase2,2020.1.2,Win32,60,right,1.12258,3,0.98679,0,63,63,86,1,stimuli/objects/masquerademask01.jpg,right,new,247,,,,,,,,
,,,,,,,,11,2020-10-28_11h30.26.804,premce_ses-02_part-02_label-phase2,2020.1.2,Win32,60,right,1.22182,1,0.514695,0,64,64,94,1,stimuli/objects/cormorant.jpg,right,new,255,,,,,,,,
,,,,,,,,11,2020-10-28_11h30.26.804,premce_ses-02_part-02_label-phase2,2020.1.2,Win32,60,right,1.795055,1,0.313445,0,65,65,52,1,stimuli/objects/drumstick.jpg,right,new,213,,,,,,,,
,,,,,,,,11,2020-10-28_11h30.26.804,premce_ses-02_part-02_label-phase2,2020.1.2,Win32,60,left,1.475215,2,0.971785,0,66,66,9,1,stimuli/objects/dolphin01.jpg,left,old,170,,,,,,,,
,,,,,,,,11,2020-10-28_11h30.26.804,premce_ses-02_part-02_label-phase2,2020.1.2,Win32,60,left,1.085565,2,0.586705,0,67,67,55,1,stimuli/objects/chime.jpg,right,new,216,,,,,,,,
,,,,,,,,11,2020-10-28_11h30.26.804,premce_ses-02_part-02_label-phase2,2020.1.2,Win32,60,right,1.424305,2,0.353835,0,68,68,35,1,stimuli/objects/eiffeltower.jpg,right,new,196,,,,,,,,
,,,,,,,,11,2020-10-28_11h30.26.804,premce_ses-02_part-02_label-phase2,2020.1.2,Win32,60,left,1.89353,3,0.97322,0,69,69,4,1,stimuli/objects/bowrake.jpg,right,new,165,,,,,,,,
,,,,,,,,11,2020-10-28_11h30.26.804,premce_ses-02_part-02_label-phase2,2020.1.2,Win32,60,right,0.911135,3,0.4457,0,70,70,74,1,stimuli/objects/noparkingsign.jpg,right,new,235,,,,,,,,
,,,,,,,,11,2020-10-28_11h30.26.804,premce_ses-02_part-02_label-phase2,2020.1.2,Win32,60,left,1.34321,2,0.762185,0,71,71,82,1,stimuli/objects/missile.jpg,right,new,243,,,,,,,,
,,,,,,,,11,2020-10-28_11h30.26.804,premce_ses-02_part-02_label-phase2,2020.1.2,Win32,60,left,1.47461,2,0.299935,0,72,72,58,1,stimuli/objects/shipinabottle.jpg,right,new,219,,,,,,,,
,,,,,,,,11,2020-10-28_11h30.26.804,premce_ses-02_part-02_label-phase2,2020.1.2,Win32,60,right,1.05421,2,0.42415,0,73,73,0,1,stimuli/objects/ostrich.jpg,right,new,161,,,,,,,,
,,,,,,,,11,2020-10-28_11h30.26.804,premce_ses-02_part-02_label-phase2,2020.1.2,Win32,60,right,1.234355,3,0.55519,0,74,74,141,1,stimuli/objects/parachute.jpg,right,new,302,,,,,,,,
,,,,,,,,11,2020-10-28_11h30.26.804,premce_ses-02_part-02_label-phase2,2020.1.2,Win32,60,left,0.90414,4,0.40013,0,75,75,109,1,stimuli/objects/spaghetti01.jpg,left,old,270,,,,,,,,
,,,,,,,,11,2020-10-28_11h30.26.804,premce_ses-02_part-02_label-phase2,2020.1.2,Win32,60,left,1.704535,3,0.907425,0,76,76,138,1,stimuli/objects/wallclock.jpg,right,new,299,,,,,,,,
,,,,,,,,11,2020-10-28_11h30.26.804,premce_ses-02_part-02_label-phase2,2020.1.2,Win32,60,right,1.032565,2,0.758195,0,77,77,85,1,stimuli/objects/gong.jpg,right,new,246,,,,,,,,
,,,,,,,,11,2020-10-28_11h30.26.804,premce_ses-02_part-02_label-phase2,2020.1.2,Win32,60,right,1.15894,2,0.113565,0,78,78,156,1,stimuli/objects/faxmachine.jpg,right,new,317,,,,,,,,
,,,,,,,,11,2020-10-28_11h30.26.804,premce_ses-02_part-02_label-phase2,2020.1.2,Win32,60,left,0.774985,2,0.29159,0,79,79,150,1,stimuli/objects/urinal.jpg,left,old,311,,,,,,,,
,,,,,,,,11,2020-10-28_11h30.26.804,premce_ses-02_part-02_label-phase2,2020.1.2,Win32,60,right,1.25094,2,0.083835,0,80,80,77,1,stimuli/objects/cowbell.jpg,right,new,238,,,,,,,,
,,,,,,,,11,2020-10-28_11h30.26.804,premce_ses-02_part-02_label-phase2,2020.1.2,Win32,60,right,0.86735,2,0.899235,0,81,81,44,1,stimuli/objects/canoepaddle02.jpg,left,old,205,,,,,,,,
,,,,,,,,11,2020-10-28_11h30.26.804,premce_ses-02_part-02_label-phase2,2020.1.2,Win32,60,left,0.74711,2,0.77583,0,82,82,132,1,stimuli/objects/duck01.jpg,right,new,293,,,,,,,,
,,,,,,,,11,2020-10-28_11h30.26.804,premce_ses-02_part-02_label-phase2,2020.1.2,Win32,60,right,1.427985,2,0.31196,0,83,83,122,1,stimuli/objects/crosscountryski.jpg,left,old,283,,,,,,,,
,,,,,,,,11,2020-10-28_11h30.26.804,premce_ses-02_part-02_label-phase2,2020.1.2,Win32,60,right,0.79533,2,0.176335,0,84,84,46,1,stimuli/objects/kite.jpg,right,new,207,,,,,,,,
,,,,,,,,11,2020-10-28_11h30.26.804,premce_ses-02_part-02_label-phase2,2020.1.2,Win32,60,left,0.83342,4,0.235045,0,85,85,83,1,stimuli/objects/redonion.jpg,left,old,244,,,,,,,,
,,,,,,,,11,2020-10-28_11h30.26.804,premce_ses-02_part-02_label-phase2,2020.1.2,Win32,60,right,1.00628,2,0.413375,0,86,86,92,1,stimuli/objects/buoy.jpg,left,old,253,,,,,,,,
,,,,,,,,11,2020-10-28_11h30.26.804,premce_ses-02_part-02_label-phase2,2020.1.2,Win32,60,right,1.2843,1,1.099295,0,87,87,107,1,stimuli/objects/skipole.jpg,left,old,268,,,,,,,,
,,,,,,,,11,2020-10-28_11h30.26.804,premce_ses-02_part-02_label-phase2,2020.1.2,Win32,60,left,1.114175,2,1.08417,0,88,88,146,1,stimuli/objects/chainsaw.jpg,left,old,307,,,,,,,,
,,,,,,,,11,2020-10-28_11h30.26.804,premce_ses-02_part-02_label-phase2,2020.1.2,Win32,60,left,1.022985,3,0.350215,0,89,89,61,1,stimuli/objects/graduationcap.jpg,left,old,222,,,,,,,,
,,,,,,,,11,2020-10-28_11h30.26.804,premce_ses-02_part-02_label-phase2,2020.1.2,Win32,60,right,0.904015,1,0.95618,0,90,90,51,1,stimuli/objects/bus.jpg,left,old,212,,,,,,,,
,,,,,,,,11,2020-10-28_11h30.26.804,premce_ses-02_part-02_label-phase2,2020.1.2,Win32,60,right,1.29219,2,0.56027,0,91,91,158,1,stimuli/objects/bed.jpg,left,old,319,,,,,,,,
,,,,,,,,11,2020-10-28_11h30.26.804,premce_ses-02_part-02_label-phase2,2020.1.2,Win32,60,left,0.94266,3,1.24626,0,92,92,72,1,stimuli/objects/shoppingcart.jpg,left,old,233,,,,,,,,
,,,,,,,,11,2020-10-28_11h30.26.804,premce_ses-02_part-02_label-phase2,2020.1.2,Win32,60,right,1.241365,2,0.41497,0,93,93,128,1,stimuli/objects/tricornhat.jpg,right,new,289,,,,,,,,
,,,,,,,,11,2020-10-28_11h30.26.804,premce_ses-02_part-02_label-phase2,2020.1.2,Win32,60,left,0.87239,4,1.292745,0,94,94,49,1,stimuli/objects/moon.jpg,right,new,210,,,,,,,,
,,,,,,,,11,2020-10-28_11h30.26.804,premce_ses-02_part-02_label-phase2,2020.1.2,Win32,60,left,1.055465,3,0.26598,0,95,95,115,1,stimuli/objects/contactlens.jpg,right,new,276,,,,,,,,
,,,,,,,,11,2020-10-28_11h30.26.804,premce_ses-02_part-02_label-phase2,2020.1.2,Win32,60,left,1.137195,3,0.58901,0,96,96,13,1,stimuli/objects/monarchbutterfly.jpg,left,old,174,,,,,,,,
,,,,,,,,11,2020-10-28_11h30.26.804,premce_ses-02_part-02_label-phase2,2020.1.2,Win32,60,right,1.02657,2,1.3988,0,97,97,2,1,stimuli/objects/shelves.jpg,left,old,163,,,,,,,,
,,,,,,,,11,2020-10-28_11h30.26.804,premce_ses-02_part-02_label-phase2,2020.1.2,Win32,60,right,0.89452,2,0.989445,0,98,98,103,1,stimuli/objects/beaver.jpg,left,old,264,,,,,,,,
,,,,,,,,11,2020-10-28_11h30.26.804,premce_ses-02_part-02_label-phase2,2020.1.2,Win32,60,right,1.771925,1,0.82831,0,99,99,48,1,stimuli/objects/fishskeleton.jpg,right,new,209,,,,,,,,
,,,,,,,,11,2020-10-28_11h30.26.804,premce_ses-02_part-02_label-phase2,2020.1.2,Win32,60,left,0.845025,2,0.692355,0,100,100,147,1,stimuli/objects/hotdog.jpg,right,new,308,,,,,,,,
,,,,,,,,11,2020-10-28_11h30.26.804,premce_ses-02_part-02_label-phase2,2020.1.2,Win32,60,left,0.743805,1,0.826365,0,101,101,56,1,stimuli/objects/bumpercar.jpg,right,new,217,,,,,,,,
,,,,,,,,11,2020-10-28_11h30.26.804,premce_ses-02_part-02_label-phase2,2020.1.2,Win32,60,left,1.001355,3,0.990835,0,102,102,63,1,stimuli/objects/witchhat.jpg,left,old,224,,,,,,,,
,,,,,,,,11,2020-10-28_11h30.26.804,premce_ses-02_part-02_label-phase2,2020.1.2,Win32,60,left,1.14027,4,0.34483,0,103,103,57,1,stimuli/objects/pumpkin.jpg,left,old,218,,,,,,,,
,,,,,,,,11,2020-10-28_11h30.26.804,premce_ses-02_part-02_label-phase2,2020.1.2,Win32,60,left,3.202865,1,0.01533,0,104,104,134,1,stimuli/objects/windturbine.jpg,left,old,295,,,,,,,,
,,,,,,,,11,2020-10-28_11h30.26.804,premce_ses-02_part-02_label-phase2,2020.1.2,Win32,60,right,2.13073,3,1.22737,0,105,105,29,1,stimuli/objects/showerhead01.jpg,left,old,190,,,,,,,,
,,,,,,,,11,2020-10-28_11h30.26.804,premce_ses-02_part-02_label-phase2,2020.1.2,Win32,60,right,1.33149,1,0.5462,0,106,106,108,1,stimuli/objects/boxingglove01.jpg,right,new,269,,,,,,,,
,,,,,,,,11,2020-10-28_11h30.26.804,premce_ses-02_part-02_label-phase2,2020.1.2,Win32,60,right,0.827465,3,0.756655,0,107,107,5,1,stimuli/objects/morningstar.jpg,right,new,166,,,,,,,,
,,,,,,,,11,2020-10-28_11h30.26.804,premce_ses-02_part-02_label-phase2,2020.1.2,Win32,60,right,1.03628,1,0.26303,0,108,108,75,1,stimuli/objects/snowshoe.jpg,right,new,236,,,,,,,,
,,,,,,,,11,2020-10-28_11h30.26.804,premce_ses-02_part-02_label-phase2,2020.1.2,Win32,60,left,2.347255,2,1.00891,0,109,109,98,1,stimuli/objects/pig.jpg,right,new,259,,,,,,,,
,,,,,,,,11,2020-10-28_11h30.26.804,premce_ses-02_part-02_label-phase2,2020.1.2,Win32,60,left,1.460375,3,1.049855,0,110,110,50,1,stimuli/objects/honeybee.jpg,left,old,211,,,,,,,,
,,,,,,,,11,2020-10-28_11h30.26.804,premce_ses-02_part-02_label-phase2,2020.1.2,Win32,60,right,0.77831,1,0.868755,0,111,111,38,1,stimuli/objects/bull.jpg,right,new,199,,,,,,,,
,,,,,,,,11,2020-10-28_11h30.26.804,premce_ses-02_part-02_label-phase2,2020.1.2,Win32,60,right,0.85193,1,0.71559,0,112,112,100,1,stimuli/objects/gps.jpg,right,new,261,,,,,,,,
,,,,,,,,11,2020-10-28_11h30.26.804,premce_ses-02_part-02_label-phase2,2020.1.2,Win32,60,right,1.037335,3,0.43255,0,113,113,96,1,stimuli/objects/jeans01.jpg,left,old,257,,,,,,,,
,,,,,,,,11,2020-10-28_11h30.26.804,premce_ses-02_part-02_label-phase2,2020.1.2,Win32,60,right,0.96488,3,0.58262,0,114,114,10,1,stimuli/objects/locomotive.jpg,left,old,171,,,,,,,,
,,,,,,,,11,2020-10-28_11h30.26.804,premce_ses-02_part-02_label-phase2,2020.1.2,Win32,60,left,1.19768,4,0.432885,0,115,115,116,1,stimuli/objects/greywolf.jpg,left,old,277,,,,,,,,
,,,,,,,,11,2020-10-28_11h30.26.804,premce_ses-02_part-02_label-phase2,2020.1.2,Win32,60,left,2.56256,3,0.328205,0,116,116,117,1,stimuli/objects/cloud.jpg,left,old,278,,,,,,,,
,,,,,,,,11,2020-10-28_11h30.26.804,premce_ses-02_part-02_label-phase2,2020.1.2,Win32,60,left,1.0073,3,0.79784,0,117,117,124,1,stimuli/objects/kangaroo01.jpg,right,new,285,,,,,,,,
,,,,,,,,11,2020-10-28_11h30.26.804,premce_ses-02_part-02_label-phase2,2020.1.2,Win32,60,right,0.868805,4,0.638305,0,118,118,157,1,stimuli/objects/lip.jpg,right,new,318,,,,,,,,
,,,,,,,,11,2020-10-28_11h30.26.804,premce_ses-02_part-02_label-phase2,2020.1.2,Win32,60,right,2.485165,3,0.67111,0,119,119,130,1,stimuli/objects/sausage.jpg,right,new,291,,,,,,,,
,,,,,,,,11,2020-10-28_11h30.26.804,premce_ses-02_part-02_label-phase2,2020.1.2,Win32,60,left,1.326315,1,0.55211,0,120,120,144,1,stimuli/objects/filingcabinet.jpg,right,new,305,,,,,,,,
,,,,,,,,11,2020-10-28_11h30.26.804,premce_ses-02_part-02_label-phase2,2020.1.2,Win32,60,left,0.72394,2,0.33763,0,121,121,3,1,stimuli/objects/pitchfork.jpg,right,new,164,,,,,,,,
,,,,,,,,11,2020-10-28_11h30.26.804,premce_ses-02_part-02_label-phase2,2020.1.2,Win32,60,left,1.07258,2,0.31412,0,122,122,81,1,stimuli/objects/painting.jpg,right,new,242,,,,,,,,
,,,,,,,,11,2020-10-28_11h30.26.804,premce_ses-02_part-02_label-phase2,2020.1.2,Win32,60,left,1.26242,3,0.61822,0,123,123,123,1,stimuli/objects/zebra.jpg,left,old,284,,,,,,,,
,,,,,,,,11,2020-10-28_11h30.26.804,premce_ses-02_part-02_label-phase2,2020.1.2,Win32,60,right,0.884865,4,1.283275,0,124,124,53,1,stimuli/objects/ear.jpg,left,old,214,,,,,,,,
,,,,,,,,11,2020-10-28_11h30.26.804,premce_ses-02_part-02_label-phase2,2020.1.2,Win32,60,left,1.381725,2,0.416285,0,125,125,65,1,stimuli/objects/armchair02.jpg,right,new,226,,,,,,,,
,,,,,,,,11,2020-10-28_11h30.26.804,premce_ses-02_part-02_label-phase2,2020.1.2,Win32,60,right,1.0395,2,0.26027,0,126,126,15,1,stimuli/objects/tent.jpg,left,old,176,,,,,,,,
,,,,,,,,11,2020-10-28_11h30.26.804,premce_ses-02_part-02_label-phase2,2020.1.2,Win32,60,right,0.708925,2,0.22327,0,127,127,33,1,stimuli/objects/doghouse.jpg,left,old,194,,,,,,,,
,,,,,,,,11,2020-10-28_11h30.26.804,premce_ses-02_part-02_label-phase2,2020.1.2,Win32,60,right,0.973425,2,0.807035,0,128,128,36,1,stimuli/objects/recyclingbin.jpg,right,new,197,,,,,,,,
,,,,,,,,11,2020-10-28_11h30.26.804,premce_ses-02_part-02_label-phase2,2020.1.2,Win32,60,left,0.873455,3,0.807465,0,129,129,102,1,stimuli/objects/englishcucumber.jpg,right,new,263,,,,,,,,
,,,,,,,,11,2020-10-28_11h30.26.804,premce_ses-02_part-02_label-phase2,2020.1.2,Win32,60,left,1.266245,2,0.391025,0,130,130,66,1,stimuli/objects/tulip02.jpg,right,new,227,,,,,,,,
,,,,,,,,11,2020-10-28_11h30.26.804,premce_ses-02_part-02_label-phase2,2020.1.2,Win32,60,right,0.87312,2,0.3746,0,131,131,129,1,stimuli/objects/treestump.jpg,right,new,290,,,,,,,,
,,,,,,,,11,2020-10-28_11h30.26.804,premce_ses-02_part-02_label-phase2,2020.1.2,Win32,60,right,1.612175,2,0.567025,0,132,132,143,1,stimuli/objects/squirrel.jpg,right,new,304,,,,,,,,
,,,,,,,,11,2020-10-28_11h30.26.804,premce_ses-02_part-02_label-phase2,2020.1.2,Win32,60,right,0.60858,2,0.266285,0,133,133,76,1,stimuli/objects/snowshovel.jpg,right,new,237,,,,,,,,
,,,,,,,,11,2020-10-28_11h30.26.804,premce_ses-02_part-02_label-phase2,2020.1.2,Win32,60,right,0.70769,1,1.624825,0,134,134,7,1,stimuli/objects/sink.jpg,right,new,168,,,,,,,,
,,,,,,,,11,2020-10-28_11h30.26.804,premce_ses-02_part-02_label-phase2,2020.1.2,Win32,60,left,0.62726,3,0.596565,0,135,135,114,1,stimuli/objects/turkey.jpg,left,old,275,,,,,,,,
,,,,,,,,11,2020-10-28_11h30.26.804,premce_ses-02_part-02_label-phase2,2020.1.2,Win32,60,left,0.84468,3,0.310885,0,136,136,99,1,stimuli/objects/basketball01.jpg,left,old,260,,,,,,,,
,,,,,,,,11,2020-10-28_11h30.26.804,premce_ses-02_part-02_label-phase2,2020.1.2,Win32,60,left,0.852525,3,0.555245,0,137,137,47,1,stimuli/objects/jellyfish.jpg,left,old,208,,,,,,,,
,,,,,,,,11,2020-10-28_11h30.26.804,premce_ses-02_part-02_label-phase2,2020.1.2,Win32,60,right,1.411385,2,1.342135,0,138,138,110,1,stimuli/objects/scalpel.jpg,left,old,271,,,,,,,,
,,,,,,,,11,2020-10-28_11h30.26.804,premce_ses-02_part-02_label-phase2,2020.1.2,Win32,60,right,3.064965,3,0.53575,0,139,139,91,1,stimuli/objects/lawnmower.jpg,right,new,252,,,,,,,,
,,,,,,,,11,2020-10-28_11h30.26.804,premce_ses-02_part-02_label-phase2,2020.1.2,Win32,60,left,1.845055,3,1.481725,0,140,140,118,1,stimuli/objects/trophy01.jpg,left,old,279,,,,,,,,
,,,,,,,,11,2020-10-28_11h30.26.804,premce_ses-02_part-02_label-phase2,2020.1.2,Win32,60,left,2.24575,3,0.49238,0,141,141,23,1,stimuli/objects/flugglehorn.jpg,left,old,184,,,,,,,,
,,,,,,,,11,2020-10-28_11h30.26.804,premce_ses-02_part-02_label-phase2,2020.1.2,Win32,60,left,1.10743,2,0.505295,0,142,142,70,1,stimuli/objects/fluorescentlightbulb.jpg,right,new,231,,,,,,,,
,,,,,,,,11,2020-10-28_11h30.26.804,premce_ses-02_part-02_label-phase2,2020.1.2,Win32,60,right,0.754575,3,0.74039,0,143,143,60,1,stimuli/objects/dormer.jpg,left,old,221,,,,,,,,
,,,,,,,,11,2020-10-28_11h30.26.804,premce_ses-02_part-02_label-phase2,2020.1.2,Win32,60,right,1.14191,1,0.61242,0,144,144,142,1,stimuli/objects/curtain.jpg,right,new,303,,,,,,,,
,,,,,,,,11,2020-10-28_11h30.26.804,premce_ses-02_part-02_label-phase2,2020.1.2,Win32,60,left,1.020815,2,0.40279,0,145,145,84,1,stimuli/objects/musicstand.jpg,left,old,245,,,,,,,,
,,,,,,,,11,2020-10-28_11h30.26.804,premce_ses-02_part-02_label-phase2,2020.1.2,Win32,60,left,1.718735,2,0.656705,0,146,146,73,1,stimuli/objects/barrel01.jpg,left,old,234,,,,,,,,
,,,,,,,,11,2020-10-28_11h30.26.804,premce_ses-02_part-02_label-phase2,2020.1.2,Win32,60,right,0.95015,2,0.55367,0,147,147,101,1,stimuli/objects/stairs.jpg,left,old,262,,,,,,,,
,,,,,,,,11,2020-10-28_11h30.26.804,premce_ses-02_part-02_label-phase2,2020.1.2,Win32,60,left,1.90672,2,1.83258,0,148,148,71,1,stimuli/objects/cross01.jpg,right,new,232,,,,,,,,
,,,,,,,,11,2020-10-28_11h30.26.804,premce_ses-02_part-02_label-phase2,2020.1.2,Win32,60,right,1.84664,2,1.72513,0,149,149,159,1,stimuli/objects/shovel01.jpg,left,old,320,,,,,,,,
,,,,,,,,11,2020-10-28_11h30.26.804,premce_ses-02_part-02_label-phase2,2020.1.2,Win32,60,left,1.126535,2,0.51249,0,150,150,135,1,stimuli/objects/toiletbrush.jpg,right,new,296,,,,,,,,
,,,,,,,,11,2020-10-28_11h30.26.804,premce_ses-02_part-02_label-phase2,2020.1.2,Win32,60,left,0.890325,2,0.347775,0,151,151,8,1,stimuli/objects/bluejay.jpg,left,old,169,,,,,,,,
,,,,,,,,11,2020-10-28_11h30.26.804,premce_ses-02_part-02_label-phase2,2020.1.2,Win32,60,right,1.238825,3,0.727645,0,152,152,133,1,stimuli/objects/kneepad01c.jpg,left,old,294,,,,,,,,
,,,,,,,,11,2020-10-28_11h30.26.804,premce_ses-02_part-02_label-phase2,2020.1.2,Win32,60,left,1.17579,4,0.330855,0,153,153,97,1,stimuli/objects/blackolive.jpg,left,old,258,,,,,,,,
,,,,,,,,11,2020-10-28_11h30.26.804,premce_ses-02_part-02_label-phase2,2020.1.2,Win32,60,left,1.20419,3,0.22806,0,154,154,89,1,stimuli/objects/bowlingpin.jpg,left,old,250,,,,,,,,
,,,,,,,,11,2020-10-28_11h30.26.804,premce_ses-02_part-02_label-phase2,2020.1.2,Win32,60,left,0.93677,3,0.615155,0,155,155,28,1,stimuli/objects/freezer02.jpg,right,new,189,,,,,,,,
,,,,,,,,11,2020-10-28_11h30.26.804,premce_ses-02_part-02_label-phase2,2020.1.2,Win32,60,right,2.205515,2,0.60413,0,156,156,113,1,stimuli/objects/dogsled.jpg,left,old,274,,,,,,,,
,,,,,,,,11,2020-10-28_11h30.26.804,premce_ses-02_part-02_label-phase2,2020.1.2,Win32,60,right,2.794365,3,0.535465,0,157,157,131,1,stimuli/objects/tablesaw.jpg,left,old,292,,,,,,,,
,,,,,,,,11,2020-10-28_11h30.26.804,premce_ses-02_part-02_label-phase2,2020.1.2,Win32,60,left,0.8438,2,0.271725,0,158,158,88,1,stimuli/objects/handbrush02.jpg,left,old,249,,,,,,,,
,,,,,,,,11,2020-10-28_11h30.26.804,premce_ses-02_part-02_label-phase2,2020.1.2,Win32,60,right,2.62414,2,0.66398,0,159,159,155,1,stimuli/objects/popcorn.jpg,left,old,316,,,,,,,,
,,,,,,,,11,2020-10-28_11h30.26.804,premce_ses-02_part-02_label-phase2,2020.1.2,Win32,60,,,,,,,,,,,,,,space,3.409565,0,1,1,1,1,ImagesforRecog2.csv
