instructions_loop.thisRepN,instructions_loop.thisTrialN,instructions_loop.thisN,instructions_loop.thisIndex,instructions_loop.ran,text1,text2,text3,participant,date,expName,psychopyVersion,OS,frameRate,recog_resp.keys,recog_resp.rt,conf_resp.keys,conf_resp.rt,recog_loop.thisRepN,recog_loop.thisTrialN,recog_loop.thisN,recog_loop.thisIndex,recog_loop.ran,images,corr_ans,type,order,key_resp_break.keys,key_resp_break.rt,list_loop.thisRepN,list_loop.thisTrialN,list_loop.thisN,list_loop.thisIndex,list_loop.ran,recog_list
0,0,0,0,1,Welcome to the last phase of this experiment!,,Please press the space bar to continue,12,2020-11-06_17h31.00.312,premce_ses-02_part-02_label-phase2,2020.1.2,Win32,60,,,,,,,,,,,,,,,,,,,,,
0,1,1,1,1,,"In this phase, you will see some objects. 

For each object, you should indicate whether you have seen it before during the experiment.

Press LEFT ARROW for YES
Press RIGHT ARROW for NO

",Please press the space bar to continue ,12,2020-11-06_17h31.00.312,premce_ses-02_part-02_label-phase2,2020.1.2,Win32,60,,,,,,,,,,,,,,,,,,,,,
0,2,2,2,1,,"After that, you will be asked how confident you are of your choice.

Please rate the confidence in your choce with the numbers from 1 to 4 of your keyboard. 

The numbers correspond to:

1 = Very unsure
2 = Unsure
3 = Sure
4 = Very Sure",Please press the space bar to continue,12,2020-11-06_17h31.00.312,premce_ses-02_part-02_label-phase2,2020.1.2,Win32,60,,,,,,,,,,,,,,,,,,,,,
,,,,,,,,12,2020-11-06_17h31.00.312,premce_ses-02_part-02_label-phase2,2020.1.2,Win32,60,right,2.46823,4,1.414455,0,0,0,114,1,stimuli/objects/tie02.jpg,left,old,115,,,,,,,,
,,,,,,,,12,2020-11-06_17h31.00.312,premce_ses-02_part-02_label-phase2,2020.1.2,Win32,60,right,1.645265,4,0.666625,0,1,1,22,1,stimuli/objects/toasteroven.jpg,right,new,23,,,,,,,,
,,,,,,,,12,2020-11-06_17h31.00.312,premce_ses-02_part-02_label-phase2,2020.1.2,Win32,60,right,6.990385,4,0.926775,0,2,2,80,1,stimuli/objects/church.jpg,left,old,81,,,,,,,,
,,,,,,,,12,2020-11-06_17h31.00.312,premce_ses-02_part-02_label-phase2,2020.1.2,Win32,60,right,1.176355,4,1.214375,0,3,3,139,1,stimuli/objects/callbell.jpg,right,new,140,,,,,,,,
,,,,,,,,12,2020-11-06_17h31.00.312,premce_ses-02_part-02_label-phase2,2020.1.2,Win32,60,right,1.281895,4,1.231455,0,4,4,59,1,stimuli/objects/forklift.jpg,left,old,60,,,,,,,,
,,,,,,,,12,2020-11-06_17h31.00.312,premce_ses-02_part-02_label-phase2,2020.1.2,Win32,60,right,1.234125,4,0.612695,0,5,5,149,1,stimuli/objects/electrictoothbrush01c.jpg,right,new,150,,,,,,,,
,,,,,,,,12,2020-11-06_17h31.00.312,premce_ses-02_part-02_label-phase2,2020.1.2,Win32,60,right,0.594285,4,0.632705,0,6,6,97,1,stimuli/objects/watercooler.jpg,left,old,98,,,,,,,,
,,,,,,,,12,2020-11-06_17h31.00.312,premce_ses-02_part-02_label-phase2,2020.1.2,Win32,60,right,0.638,4,1.120615,0,7,7,86,1,stimuli/objects/gorilla.jpg,right,new,87,,,,,,,,
,,,,,,,,12,2020-11-06_17h31.00.312,premce_ses-02_part-02_label-phase2,2020.1.2,Win32,60,right,0.62927,4,0.51509,0,8,8,40,1,stimuli/objects/bread.jpg,left,old,41,,,,,,,,
,,,,,,,,12,2020-11-06_17h31.00.312,premce_ses-02_part-02_label-phase2,2020.1.2,Win32,60,right,0.70672,4,0.61397,0,9,9,7,1,stimuli/objects/whiteout.jpg,right,new,8,,,,,,,,
,,,,,,,,12,2020-11-06_17h31.00.312,premce_ses-02_part-02_label-phase2,2020.1.2,Win32,60,right,0.745585,4,0.58506,0,10,10,127,1,stimuli/objects/macaroni01.jpg,right,new,128,,,,,,,,
,,,,,,,,12,2020-11-06_17h31.00.312,premce_ses-02_part-02_label-phase2,2020.1.2,Win32,60,right,0.807445,4,0.56376,0,11,11,137,1,stimuli/objects/handheldtelescope.jpg,right,new,138,,,,,,,,
,,,,,,,,12,2020-11-06_17h31.00.312,premce_ses-02_part-02_label-phase2,2020.1.2,Win32,60,right,1.058375,4,0.582705,0,12,12,6,1,stimuli/objects/trojanhorse.jpg,right,new,7,,,,,,,,
,,,,,,,,12,2020-11-06_17h31.00.312,premce_ses-02_part-02_label-phase2,2020.1.2,Win32,60,right,0.62985,4,0.51267,0,13,13,115,1,stimuli/objects/bleachers.jpg,left,old,116,,,,,,,,
,,,,,,,,12,2020-11-06_17h31.00.312,premce_ses-02_part-02_label-phase2,2020.1.2,Win32,60,right,0.81098,4,0.71805,0,14,14,61,1,stimuli/objects/birdnest.jpg,left,old,62,,,,,,,,
,,,,,,,,12,2020-11-06_17h31.00.312,premce_ses-02_part-02_label-phase2,2020.1.2,Win32,60,right,0.7095,4,0.59937,0,15,15,145,1,stimuli/objects/ironingboard01.jpg,right,new,146,,,,,,,,
,,,,,,,,12,2020-11-06_17h31.00.312,premce_ses-02_part-02_label-phase2,2020.1.2,Win32,60,right,0.65736,4,0.603825,0,16,16,132,1,stimuli/objects/trafficlight.jpg,left,old,133,,,,,,,,
,,,,,,,,12,2020-11-06_17h31.00.312,premce_ses-02_part-02_label-phase2,2020.1.2,Win32,60,right,0.695315,4,0.613455,0,17,17,34,1,stimuli/objects/ceilingfan01.jpg,right,new,35,,,,,,,,
,,,,,,,,12,2020-11-06_17h31.00.312,premce_ses-02_part-02_label-phase2,2020.1.2,Win32,60,right,0.91095,4,0.35774,0,18,18,120,1,stimuli/objects/mortarandpestle.jpg,left,old,121,,,,,,,,
,,,,,,,,12,2020-11-06_17h31.00.312,premce_ses-02_part-02_label-phase2,2020.1.2,Win32,60,right,1.7295,4,1.063665,0,19,19,69,1,stimuli/objects/lightswitch01.jpg,left,old,70,,,,,,,,
,,,,,,,,12,2020-11-06_17h31.00.312,premce_ses-02_part-02_label-phase2,2020.1.2,Win32,60,right,0.759145,4,0.806415,0,20,20,19,1,stimuli/objects/peacock.jpg,right,new,20,,,,,,,,
,,,,,,,,12,2020-11-06_17h31.00.312,premce_ses-02_part-02_label-phase2,2020.1.2,Win32,60,right,0.74399,4,0.47853,0,21,21,26,1,stimuli/objects/snowglobe.jpg,right,new,27,,,,,,,,
,,,,,,,,12,2020-11-06_17h31.00.312,premce_ses-02_part-02_label-phase2,2020.1.2,Win32,60,right,0.710965,4,0.909905,0,22,22,83,1,stimuli/objects/crab01.jpg,left,old,84,,,,,,,,
,,,,,,,,12,2020-11-06_17h31.00.312,premce_ses-02_part-02_label-phase2,2020.1.2,Win32,60,right,0.893495,4,0.6424,0,23,23,3,1,stimuli/objects/sealion.jpg,left,old,4,,,,,,,,
,,,,,,,,12,2020-11-06_17h31.00.312,premce_ses-02_part-02_label-phase2,2020.1.2,Win32,60,right,0.709095,4,0.555535,0,24,24,84,1,stimuli/objects/diploma02.jpg,left,old,85,,,,,,,,
,,,,,,,,12,2020-11-06_17h31.00.312,premce_ses-02_part-02_label-phase2,2020.1.2,Win32,60,right,2.13022,4,0.475445,0,25,25,81,1,stimuli/objects/artichoke01b.jpg,right,new,82,,,,,,,,
,,,,,,,,12,2020-11-06_17h31.00.312,premce_ses-02_part-02_label-phase2,2020.1.2,Win32,60,right,0.707195,4,0.55866,0,26,26,47,1,stimuli/objects/ant.jpg,right,new,48,,,,,,,,
,,,,,,,,12,2020-11-06_17h31.00.312,premce_ses-02_part-02_label-phase2,2020.1.2,Win32,60,right,3.3122,3,2.45947,0,27,27,87,1,stimuli/objects/parkingmeter.jpg,left,old,88,,,,,,,,
,,,,,,,,12,2020-11-06_17h31.00.312,premce_ses-02_part-02_label-phase2,2020.1.2,Win32,60,right,1.236045,4,0.39949,0,28,28,68,1,stimuli/objects/ipad02.jpg,right,new,69,,,,,,,,
,,,,,,,,12,2020-11-06_17h31.00.312,premce_ses-02_part-02_label-phase2,2020.1.2,Win32,60,right,0.876,4,0.463885,0,29,29,136,1,stimuli/objects/dreamcatcher.jpg,left,old,137,,,,,,,,
,,,,,,,,12,2020-11-06_17h31.00.312,premce_ses-02_part-02_label-phase2,2020.1.2,Win32,60,right,0.860075,4,0.461365,0,30,30,42,1,stimuli/objects/bowlingball.jpg,right,new,43,,,,,,,,
,,,,,,,,12,2020-11-06_17h31.00.312,premce_ses-02_part-02_label-phase2,2020.1.2,Win32,60,right,8.74197,4,4.64569,0,31,31,144,1,stimuli/objects/eyepatch.jpg,left,old,145,,,,,,,,
,,,,,,,,12,2020-11-06_17h31.00.312,premce_ses-02_part-02_label-phase2,2020.1.2,Win32,60,right,1.40176,3,0.48698,0,32,32,76,1,stimuli/objects/dromedary.jpg,left,old,77,,,,,,,,
,,,,,,,,12,2020-11-06_17h31.00.312,premce_ses-02_part-02_label-phase2,2020.1.2,Win32,60,right,0.92555,4,0.297995,0,33,33,146,1,stimuli/objects/martiniglass01b.jpg,left,old,147,,,,,,,,
,,,,,,,,12,2020-11-06_17h31.00.312,premce_ses-02_part-02_label-phase2,2020.1.2,Win32,60,right,1.027795,4,0.453375,0,34,34,62,1,stimuli/objects/icecube02.jpg,left,old,63,,,,,,,,
,,,,,,,,12,2020-11-06_17h31.00.312,premce_ses-02_part-02_label-phase2,2020.1.2,Win32,60,right,2.22731,4,0.610955,0,35,35,2,1,stimuli/objects/accordion01.jpg,right,new,3,,,,,,,,
,,,,,,,,12,2020-11-06_17h31.00.312,premce_ses-02_part-02_label-phase2,2020.1.2,Win32,60,right,0.794475,4,0.24714,0,36,36,99,1,stimuli/objects/cactus.jpg,left,old,100,,,,,,,,
,,,,,,,,12,2020-11-06_17h31.00.312,premce_ses-02_part-02_label-phase2,2020.1.2,Win32,60,right,0.717985,4,0.799495,0,37,37,43,1,stimuli/objects/slushiemachine.jpg,right,new,44,,,,,,,,
,,,,,,,,12,2020-11-06_17h31.00.312,premce_ses-02_part-02_label-phase2,2020.1.2,Win32,60,right,6.243495,4,0.42698,0,38,38,77,1,stimuli/objects/aquarium.jpg,right,new,78,,,,,,,,
,,,,,,,,12,2020-11-06_17h31.00.312,premce_ses-02_part-02_label-phase2,2020.1.2,Win32,60,right,0.784435,4,0.363565,0,39,39,93,1,stimuli/objects/pirateflag.jpg,right,new,94,,,,,,,,
,,,,,,,,12,2020-11-06_17h31.00.312,premce_ses-02_part-02_label-phase2,2020.1.2,Win32,60,right,1.450605,4,0.47853,0,40,40,14,1,stimuli/objects/riverotter.jpg,right,new,15,,,,,,,,
,,,,,,,,12,2020-11-06_17h31.00.312,premce_ses-02_part-02_label-phase2,2020.1.2,Win32,60,right,0.87909,4,0.876355,0,41,41,158,1,stimuli/objects/vulture.jpg,right,new,159,,,,,,,,
,,,,,,,,12,2020-11-06_17h31.00.312,premce_ses-02_part-02_label-phase2,2020.1.2,Win32,60,right,5.858355,2,1.94835,0,42,42,37,1,stimuli/objects/donut.jpg,left,old,38,,,,,,,,
,,,,,,,,12,2020-11-06_17h31.00.312,premce_ses-02_part-02_label-phase2,2020.1.2,Win32,60,right,3.36539,4,0.869845,0,43,43,159,1,stimuli/objects/parrot01.jpg,left,old,160,,,,,,,,
,,,,,,,,12,2020-11-06_17h31.00.312,premce_ses-02_part-02_label-phase2,2020.1.2,Win32,60,right,1.52705,3,0.519955,0,44,44,155,1,stimuli/objects/trombone.jpg,right,new,156,,,,,,,,
,,,,,,,,12,2020-11-06_17h31.00.312,premce_ses-02_part-02_label-phase2,2020.1.2,Win32,60,left,20.368165,4,3.193205,0,45,45,57,1,stimuli/objects/weddingcake.jpg,left,old,58,,,,,,,,
,,,,,,,,12,2020-11-06_17h31.00.312,premce_ses-02_part-02_label-phase2,2020.1.2,Win32,60,right,3.09407,4,1.927575,0,46,46,24,1,stimuli/objects/christmaslights.jpg,left,old,25,,,,,,,,
,,,,,,,,12,2020-11-06_17h31.00.312,premce_ses-02_part-02_label-phase2,2020.1.2,Win32,60,right,1.177065,4,0.604435,0,47,47,4,1,stimuli/objects/zipper.jpg,right,new,5,,,,,,,,
,,,,,,,,12,2020-11-06_17h31.00.312,premce_ses-02_part-02_label-phase2,2020.1.2,Win32,60,right,8.070625,4,0.87948,0,48,48,50,1,stimuli/objects/windshieldwiper02.jpg,right,new,51,,,,,,,,
,,,,,,,,12,2020-11-06_17h31.00.312,premce_ses-02_part-02_label-phase2,2020.1.2,Win32,60,right,2.02881,4,0.946275,0,49,49,88,1,stimuli/objects/bison.jpg,left,old,89,,,,,,,,
,,,,,,,,12,2020-11-06_17h31.00.312,premce_ses-02_part-02_label-phase2,2020.1.2,Win32,60,right,1.561705,4,1.02924,0,50,50,35,1,stimuli/objects/flag.jpg,left,old,36,,,,,,,,
,,,,,,,,12,2020-11-06_17h31.00.312,premce_ses-02_part-02_label-phase2,2020.1.2,Win32,60,right,1.583395,4,0.71336,0,51,51,98,1,stimuli/objects/well.jpg,left,old,99,,,,,,,,
,,,,,,,,12,2020-11-06_17h31.00.312,premce_ses-02_part-02_label-phase2,2020.1.2,Win32,60,right,1.444165,4,0.632405,0,52,52,36,1,stimuli/objects/cutlass.jpg,left,old,37,,,,,,,,
,,,,,,,,12,2020-11-06_17h31.00.312,premce_ses-02_part-02_label-phase2,2020.1.2,Win32,60,right,1.31283,4,0.563665,0,53,53,131,1,stimuli/objects/funnel.jpg,right,new,132,,,,,,,,
,,,,,,,,12,2020-11-06_17h31.00.312,premce_ses-02_part-02_label-phase2,2020.1.2,Win32,60,right,0.781315,4,0.365505,0,54,54,148,1,stimuli/objects/skihelmet01.jpg,left,old,149,,,,,,,,
,,,,,,,,12,2020-11-06_17h31.00.312,premce_ses-02_part-02_label-phase2,2020.1.2,Win32,60,left,12.45671,2,1.249135,0,55,55,107,1,stimuli/objects/candycane01a.jpg,left,old,108,,,,,,,,
,,,,,,,,12,2020-11-06_17h31.00.312,premce_ses-02_part-02_label-phase2,2020.1.2,Win32,60,right,0.931815,4,0.651575,0,56,56,116,1,stimuli/objects/gavel.jpg,left,old,117,,,,,,,,
,,,,,,,,12,2020-11-06_17h31.00.312,premce_ses-02_part-02_label-phase2,2020.1.2,Win32,60,right,1.087875,4,6.56254,0,57,57,66,1,stimuli/objects/desktopcomputer.jpg,left,old,67,,,,,,,,
,,,,,,,,12,2020-11-06_17h31.00.312,premce_ses-02_part-02_label-phase2,2020.1.2,Win32,60,right,1.196525,4,0.368425,0,58,58,49,1,stimuli/objects/microphone01.jpg,right,new,50,,,,,,,,
,,,,,,,,12,2020-11-06_17h31.00.312,premce_ses-02_part-02_label-phase2,2020.1.2,Win32,60,left,3.381725,2,1.079675,0,59,59,106,1,stimuli/objects/brownsugar.jpg,left,old,107,,,,,,,,
,,,,,,,,12,2020-11-06_17h31.00.312,premce_ses-02_part-02_label-phase2,2020.1.2,Win32,60,right,1.292415,3,1.114635,0,60,60,13,1,stimuli/objects/lighthouse.jpg,right,new,14,,,,,,,,
,,,,,,,,12,2020-11-06_17h31.00.312,premce_ses-02_part-02_label-phase2,2020.1.2,Win32,60,right,0.856705,4,1.112975,0,61,61,29,1,stimuli/objects/tombstone.jpg,left,old,30,,,,,,,,
,,,,,,,,12,2020-11-06_17h31.00.312,premce_ses-02_part-02_label-phase2,2020.1.2,Win32,60,right,2.470345,3,1.44397,0,62,62,79,1,stimuli/objects/jellybean.jpg,left,old,80,,,,,,,,
,,,,,,,,12,2020-11-06_17h31.00.312,premce_ses-02_part-02_label-phase2,2020.1.2,Win32,60,right,2.232265,4,2.00702,0,63,63,41,1,stimuli/objects/spiderweb.jpg,right,new,42,,,,,,,,
,,,,,,,,12,2020-11-06_17h31.00.312,premce_ses-02_part-02_label-phase2,2020.1.2,Win32,60,right,0.996605,3,18.905795,0,64,64,141,1,stimuli/objects/lintroller.jpg,left,old,142,,,,,,,,
,,,,,,,,12,2020-11-06_17h31.00.312,premce_ses-02_part-02_label-phase2,2020.1.2,Win32,60,right,1.791415,4,0.36364,0,65,65,58,1,stimuli/objects/file.jpg,right,new,59,,,,,,,,
,,,,,,,,12,2020-11-06_17h31.00.312,premce_ses-02_part-02_label-phase2,2020.1.2,Win32,60,right,1.69158,4,2.36393,0,66,66,17,1,stimuli/objects/car.jpg,right,new,18,,,,,,,,
,,,,,,,,12,2020-11-06_17h31.00.312,premce_ses-02_part-02_label-phase2,2020.1.2,Win32,60,right,1.63112,4,0.795725,0,67,67,9,1,stimuli/objects/granolabar01.jpg,left,old,10,,,,,,,,
,,,,,,,,12,2020-11-06_17h31.00.312,premce_ses-02_part-02_label-phase2,2020.1.2,Win32,60,right,1.583975,4,0.38689,0,68,68,63,1,stimuli/objects/rose.jpg,right,new,64,,,,,,,,
,,,,,,,,12,2020-11-06_17h31.00.312,premce_ses-02_part-02_label-phase2,2020.1.2,Win32,60,left,3.73902,4,0.856165,0,69,69,121,1,stimuli/objects/triangle.jpg,left,old,122,,,,,,,,
,,,,,,,,12,2020-11-06_17h31.00.312,premce_ses-02_part-02_label-phase2,2020.1.2,Win32,60,right,0.955915,4,0.4783,0,70,70,94,1,stimuli/objects/statue.jpg,right,new,95,,,,,,,,
,,,,,,,,12,2020-11-06_17h31.00.312,premce_ses-02_part-02_label-phase2,2020.1.2,Win32,60,right,0.89205,4,0.43367,0,71,71,108,1,stimuli/objects/brassknuckle.jpg,left,old,109,,,,,,,,
,,,,,,,,12,2020-11-06_17h31.00.312,premce_ses-02_part-02_label-phase2,2020.1.2,Win32,60,left,2.952,2,0.5472,0,72,72,21,1,stimuli/objects/hockeypuck.jpg,left,old,22,,,,,,,,
,,,,,,,,12,2020-11-06_17h31.00.312,premce_ses-02_part-02_label-phase2,2020.1.2,Win32,60,left,2.64518,2,1.212905,0,73,73,110,1,stimuli/objects/leafblower01.jpg,left,old,111,,,,,,,,
,,,,,,,,12,2020-11-06_17h31.00.312,premce_ses-02_part-02_label-phase2,2020.1.2,Win32,60,right,1.913125,4,0.560915,0,74,74,123,1,stimuli/objects/scooter.jpg,right,new,124,,,,,,,,
,,,,,,,,12,2020-11-06_17h31.00.312,premce_ses-02_part-02_label-phase2,2020.1.2,Win32,60,right,2.37306,2,1.04776,0,75,75,12,1,stimuli/objects/pingpongtable.jpg,right,new,13,,,,,,,,
,,,,,,,,12,2020-11-06_17h31.00.312,premce_ses-02_part-02_label-phase2,2020.1.2,Win32,60,right,1.66317,4,0.64646,0,76,76,90,1,stimuli/objects/ducttape.jpg,right,new,91,,,,,,,,
,,,,,,,,12,2020-11-06_17h31.00.312,premce_ses-02_part-02_label-phase2,2020.1.2,Win32,60,right,6.44229,4,0.995155,0,77,77,23,1,stimuli/objects/bat.jpg,right,new,24,,,,,,,,
,,,,,,,,12,2020-11-06_17h31.00.312,premce_ses-02_part-02_label-phase2,2020.1.2,Win32,60,right,1.23648,4,0.564475,0,78,78,32,1,stimuli/objects/paperairplane.jpg,right,new,33,,,,,,,,
,,,,,,,,12,2020-11-06_17h31.00.312,premce_ses-02_part-02_label-phase2,2020.1.2,Win32,60,right,4.024305,4,0.380445,0,79,79,30,1,stimuli/objects/siamesecat.jpg,right,new,31,,,,,,,,
,,,,,,,,12,2020-11-06_17h31.00.312,premce_ses-02_part-02_label-phase2,2020.1.2,Win32,60,right,0.7845,2,3.2823,0,80,80,67,1,stimuli/objects/steeringwheel.jpg,right,new,68,,,,,,,,
,,,,,,,,12,2020-11-06_17h31.00.312,premce_ses-02_part-02_label-phase2,2020.1.2,Win32,60,right,2.98107,4,0.44774,0,81,81,112,1,stimuli/objects/webcam.jpg,right,new,113,,,,,,,,
,,,,,,,,12,2020-11-06_17h31.00.312,premce_ses-02_part-02_label-phase2,2020.1.2,Win32,60,right,1.341105,4,0.535575,0,82,82,147,1,stimuli/objects/panda.jpg,left,old,148,,,,,,,,
,,,,,,,,12,2020-11-06_17h31.00.312,premce_ses-02_part-02_label-phase2,2020.1.2,Win32,60,left,3.538785,2,1.818455,0,83,83,56,1,stimuli/objects/cannon.jpg,left,old,57,,,,,,,,
,,,,,,,,12,2020-11-06_17h31.00.312,premce_ses-02_part-02_label-phase2,2020.1.2,Win32,60,right,1.01112,4,0.43347,0,84,84,65,1,stimuli/objects/blender.jpg,left,old,66,,,,,,,,
,,,,,,,,12,2020-11-06_17h31.00.312,premce_ses-02_part-02_label-phase2,2020.1.2,Win32,60,right,4.53046,3,1.59515,0,85,85,124,1,stimuli/objects/birdhouse.jpg,right,new,125,,,,,,,,
,,,,,,,,12,2020-11-06_17h31.00.312,premce_ses-02_part-02_label-phase2,2020.1.2,Win32,60,right,3.177705,2,0.42117,0,86,86,125,1,stimuli/objects/horse.jpg,left,old,126,,,,,,,,
,,,,,,,,12,2020-11-06_17h31.00.312,premce_ses-02_part-02_label-phase2,2020.1.2,Win32,60,right,2.393275,3,0.349415,0,87,87,117,1,stimuli/objects/lollipop04.jpg,right,new,118,,,,,,,,
,,,,,,,,12,2020-11-06_17h31.00.312,premce_ses-02_part-02_label-phase2,2020.1.2,Win32,60,right,1.64745,3,0.93072,0,88,88,25,1,stimuli/objects/kiwi03.jpg,left,old,26,,,,,,,,
,,,,,,,,12,2020-11-06_17h31.00.312,premce_ses-02_part-02_label-phase2,2020.1.2,Win32,60,right,2.862085,4,1.561045,0,89,89,154,1,stimuli/objects/dartboard.jpg,left,old,155,,,,,,,,
,,,,,,,,12,2020-11-06_17h31.00.312,premce_ses-02_part-02_label-phase2,2020.1.2,Win32,60,right,1.132395,3,2.08156,0,90,90,75,1,stimuli/objects/castle.jpg,right,new,76,,,,,,,,
,,,,,,,,12,2020-11-06_17h31.00.312,premce_ses-02_part-02_label-phase2,2020.1.2,Win32,60,left,3.128745,2,0.94905,0,91,91,28,1,stimuli/objects/seaturtle.jpg,left,old,29,,,,,,,,
,,,,,,,,12,2020-11-06_17h31.00.312,premce_ses-02_part-02_label-phase2,2020.1.2,Win32,60,right,1.52526,3,5.7278,0,92,92,122,1,stimuli/objects/pickaxe02.jpg,left,old,123,,,,,,,,
,,,,,,,,12,2020-11-06_17h31.00.312,premce_ses-02_part-02_label-phase2,2020.1.2,Win32,60,left,2.059405,2,0.29572,0,93,93,72,1,stimuli/objects/crown.jpg,left,old,73,,,,,,,,
,,,,,,,,12,2020-11-06_17h31.00.312,premce_ses-02_part-02_label-phase2,2020.1.2,Win32,60,right,1.351185,3,0.55771,0,94,94,157,1,stimuli/objects/volleyball.jpg,left,old,158,,,,,,,,
,,,,,,,,12,2020-11-06_17h31.00.312,premce_ses-02_part-02_label-phase2,2020.1.2,Win32,60,right,0.92909,4,0.846875,0,95,95,89,1,stimuli/objects/carbattery.jpg,left,old,90,,,,,,,,
,,,,,,,,12,2020-11-06_17h31.00.312,premce_ses-02_part-02_label-phase2,2020.1.2,Win32,60,left,1.580635,2,0.642095,0,96,96,8,1,stimuli/objects/treadmill.jpg,left,old,9,,,,,,,,
,,,,,,,,12,2020-11-06_17h31.00.312,premce_ses-02_part-02_label-phase2,2020.1.2,Win32,60,right,17.855395,2,0.965485,0,97,97,51,1,stimuli/objects/cork02.jpg,right,new,52,,,,,,,,
,,,,,,,,12,2020-11-06_17h31.00.312,premce_ses-02_part-02_label-phase2,2020.1.2,Win32,60,right,2.058755,3,1.194805,0,98,98,95,1,stimuli/objects/spicerack.jpg,left,old,96,,,,,,,,
,,,,,,,,12,2020-11-06_17h31.00.312,premce_ses-02_part-02_label-phase2,2020.1.2,Win32,60,right,0.977015,3,0.27708,0,99,99,45,1,stimuli/objects/horseshoe.jpg,right,new,46,,,,,,,,
,,,,,,,,12,2020-11-06_17h31.00.312,premce_ses-02_part-02_label-phase2,2020.1.2,Win32,60,right,1.067995,3,0.76431,0,100,100,96,1,stimuli/objects/pin.jpg,right,new,97,,,,,,,,
,,,,,,,,12,2020-11-06_17h31.00.312,premce_ses-02_part-02_label-phase2,2020.1.2,Win32,60,right,7.70022,4,0.31538,0,101,101,31,1,stimuli/objects/faucet.jpg,right,new,32,,,,,,,,
,,,,,,,,12,2020-11-06_17h31.00.312,premce_ses-02_part-02_label-phase2,2020.1.2,Win32,60,left,1.46148,2,0.287305,0,102,102,156,1,stimuli/objects/battleaxe.jpg,right,new,157,,,,,,,,
,,,,,,,,12,2020-11-06_17h31.00.312,premce_ses-02_part-02_label-phase2,2020.1.2,Win32,60,left,2.035435,1,0.741785,0,103,103,54,1,stimuli/objects/floorlamp.jpg,right,new,55,,,,,,,,
,,,,,,,,12,2020-11-06_17h31.00.312,premce_ses-02_part-02_label-phase2,2020.1.2,Win32,60,right,0.9768,4,0.466075,0,104,104,74,1,stimuli/objects/road02.jpg,right,new,75,,,,,,,,
,,,,,,,,12,2020-11-06_17h31.00.312,premce_ses-02_part-02_label-phase2,2020.1.2,Win32,60,right,1.597475,4,0.618875,0,105,105,33,1,stimuli/objects/helicopter.jpg,right,new,34,,,,,,,,
,,,,,,,,12,2020-11-06_17h31.00.312,premce_ses-02_part-02_label-phase2,2020.1.2,Win32,60,right,1.272685,3,1.062745,0,106,106,39,1,stimuli/objects/fridge.jpg,left,old,40,,,,,,,,
,,,,,,,,12,2020-11-06_17h31.00.312,premce_ses-02_part-02_label-phase2,2020.1.2,Win32,60,right,2.628575,4,1.427345,0,107,107,128,1,stimuli/objects/toilet.jpg,right,new,129,,,,,,,,
,,,,,,,,12,2020-11-06_17h31.00.312,premce_ses-02_part-02_label-phase2,2020.1.2,Win32,60,right,4.24473,2,0.599845,0,108,108,150,1,stimuli/objects/asianelephant.jpg,left,old,151,,,,,,,,
,,,,,,,,12,2020-11-06_17h31.00.312,premce_ses-02_part-02_label-phase2,2020.1.2,Win32,60,left,2.74911,3,0.53022,0,109,109,126,1,stimuli/objects/toynutcracker.jpg,right,new,127,,,,,,,,
,,,,,,,,12,2020-11-06_17h31.00.312,premce_ses-02_part-02_label-phase2,2020.1.2,Win32,60,left,1.563015,2,0.57839,0,110,110,118,1,stimuli/objects/cruiseship.jpg,left,old,119,,,,,,,,
,,,,,,,,12,2020-11-06_17h31.00.312,premce_ses-02_part-02_label-phase2,2020.1.2,Win32,60,right,2.279425,3,0.56173,0,111,111,103,1,stimuli/objects/skiboot01a.jpg,right,new,104,,,,,,,,
,,,,,,,,12,2020-11-06_17h31.00.312,premce_ses-02_part-02_label-phase2,2020.1.2,Win32,60,right,1.043035,4,0.295975,0,112,112,0,1,stimuli/objects/fishingrod.jpg,right,new,1,,,,,,,,
,,,,,,,,12,2020-11-06_17h31.00.312,premce_ses-02_part-02_label-phase2,2020.1.2,Win32,60,left,3.095795,4,1.440945,0,113,113,100,1,stimuli/objects/baseballbat.jpg,left,old,101,,,,,,,,
,,,,,,,,12,2020-11-06_17h31.00.312,premce_ses-02_part-02_label-phase2,2020.1.2,Win32,60,left,2.563025,4,0.99008,0,114,114,48,1,stimuli/objects/taxisign.jpg,left,old,49,,,,,,,,
,,,,,,,,12,2020-11-06_17h31.00.312,premce_ses-02_part-02_label-phase2,2020.1.2,Win32,60,left,1.360835,4,0.318935,0,115,115,78,1,stimuli/objects/exitsign.jpg,left,old,79,,,,,,,,
,,,,,,,,12,2020-11-06_17h31.00.312,premce_ses-02_part-02_label-phase2,2020.1.2,Win32,60,right,2.490335,2,1.469625,0,116,116,73,1,stimuli/objects/ladybug03.jpg,right,new,74,,,,,,,,
,,,,,,,,12,2020-11-06_17h31.00.312,premce_ses-02_part-02_label-phase2,2020.1.2,Win32,60,right,0.86034,3,0.459885,0,117,117,52,1,stimuli/objects/tree.jpg,right,new,53,,,,,,,,
,,,,,,,,12,2020-11-06_17h31.00.312,premce_ses-02_part-02_label-phase2,2020.1.2,Win32,60,left,1.284885,2,0.51879,0,118,118,53,1,stimuli/objects/rooster.jpg,right,new,54,,,,,,,,
,,,,,,,,12,2020-11-06_17h31.00.312,premce_ses-02_part-02_label-phase2,2020.1.2,Win32,60,left,3.84216,1,0.2817,0,119,119,5,1,stimuli/objects/winniethepooh.jpg,left,old,6,,,,,,,,
,,,,,,,,12,2020-11-06_17h31.00.312,premce_ses-02_part-02_label-phase2,2020.1.2,Win32,60,right,1.642465,3,0.38413,0,120,120,44,1,stimuli/objects/calendar.jpg,right,new,45,,,,,,,,
,,,,,,,,12,2020-11-06_17h31.00.312,premce_ses-02_part-02_label-phase2,2020.1.2,Win32,60,left,2.802935,3,1.86256,0,121,121,113,1,stimuli/objects/fortunecookie.jpg,right,new,114,,,,,,,,
,,,,,,,,12,2020-11-06_17h31.00.312,premce_ses-02_part-02_label-phase2,2020.1.2,Win32,60,left,1.289635,3,0.562765,0,122,122,82,1,stimuli/objects/giraffe.jpg,left,old,83,,,,,,,,
,,,,,,,,12,2020-11-06_17h31.00.312,premce_ses-02_part-02_label-phase2,2020.1.2,Win32,60,right,1.360235,2,1.63097,0,123,123,105,1,stimuli/objects/penguin.jpg,right,new,106,,,,,,,,
,,,,,,,,12,2020-11-06_17h31.00.312,premce_ses-02_part-02_label-phase2,2020.1.2,Win32,60,right,3.79447,3,0.971395,0,124,124,70,1,stimuli/objects/apron.jpg,left,old,71,,,,,,,,
,,,,,,,,12,2020-11-06_17h31.00.312,premce_ses-02_part-02_label-phase2,2020.1.2,Win32,60,right,2.807715,2,0.5783,0,125,125,104,1,stimuli/objects/sledgehammer.jpg,right,new,105,,,,,,,,
,,,,,,,,12,2020-11-06_17h31.00.312,premce_ses-02_part-02_label-phase2,2020.1.2,Win32,60,left,2.232675,2,0.514195,0,126,126,64,1,stimuli/objects/baseballglove.jpg,right,new,65,,,,,,,,
,,,,,,,,12,2020-11-06_17h31.00.312,premce_ses-02_part-02_label-phase2,2020.1.2,Win32,60,right,10.84383,4,0.80861,0,127,127,142,1,stimuli/objects/cow.jpg,right,new,143,,,,,,,,
,,,,,,,,12,2020-11-06_17h31.00.312,premce_ses-02_part-02_label-phase2,2020.1.2,Win32,60,left,2.861045,4,1.42904,0,128,128,85,1,stimuli/objects/frisbee.jpg,left,old,86,,,,,,,,
,,,,,,,,12,2020-11-06_17h31.00.312,premce_ses-02_part-02_label-phase2,2020.1.2,Win32,60,left,1.96093,2,0.39733,0,129,129,152,1,stimuli/objects/xylophone.jpg,left,old,153,,,,,,,,
,,,,,,,,12,2020-11-06_17h31.00.312,premce_ses-02_part-02_label-phase2,2020.1.2,Win32,60,left,1.327475,1,2.16688,0,130,130,60,1,stimuli/objects/worldmap.jpg,left,old,61,,,,,,,,
,,,,,,,,12,2020-11-06_17h31.00.312,premce_ses-02_part-02_label-phase2,2020.1.2,Win32,60,left,1.79984,4,1.6096,0,131,131,27,1,stimuli/objects/fingerprint.jpg,left,old,28,,,,,,,,
,,,,,,,,12,2020-11-06_17h31.00.312,premce_ses-02_part-02_label-phase2,2020.1.2,Win32,60,left,2.511345,1,2.38284,0,132,132,20,1,stimuli/objects/escalator.jpg,left,old,21,,,,,,,,
,,,,,,,,12,2020-11-06_17h31.00.312,premce_ses-02_part-02_label-phase2,2020.1.2,Win32,60,left,2.344585,1,0.264565,0,133,133,140,1,stimuli/objects/pooltable.jpg,right,new,141,,,,,,,,
,,,,,,,,12,2020-11-06_17h31.00.312,premce_ses-02_part-02_label-phase2,2020.1.2,Win32,60,left,2.01464,3,1.029225,0,134,134,55,1,stimuli/objects/cremebrulee.jpg,right,new,56,,,,,,,,
,,,,,,,,12,2020-11-06_17h31.00.312,premce_ses-02_part-02_label-phase2,2020.1.2,Win32,60,right,1.450785,2,3.51568,0,135,135,1,1,stimuli/objects/key07.jpg,right,new,2,,,,,,,,
,,,,,,,,12,2020-11-06_17h31.00.312,premce_ses-02_part-02_label-phase2,2020.1.2,Win32,60,right,1.34388,4,0.312935,0,136,136,10,1,stimuli/objects/americanwhitepelican.jpg,left,old,11,,,,,,,,
,,,,,,,,12,2020-11-06_17h31.00.312,premce_ses-02_part-02_label-phase2,2020.1.2,Win32,60,right,2.261465,3,2.324415,0,137,137,46,1,stimuli/objects/coffeemachine.jpg,right,new,47,,,,,,,,
,,,,,,,,12,2020-11-06_17h31.00.312,premce_ses-02_part-02_label-phase2,2020.1.2,Win32,60,right,3.077615,2,4.27316,0,138,138,101,1,stimuli/objects/wheelchair.jpg,left,old,102,,,,,,,,
,,,,,,,,12,2020-11-06_17h31.00.312,premce_ses-02_part-02_label-phase2,2020.1.2,Win32,60,right,3.00059,3,0.89534,0,139,139,129,1,stimuli/objects/walkietalkie.jpg,left,old,130,,,,,,,,
,,,,,,,,12,2020-11-06_17h31.00.312,premce_ses-02_part-02_label-phase2,2020.1.2,Win32,60,right,1.226015,4,0.3465,0,140,140,111,1,stimuli/objects/honeycomb.jpg,right,new,112,,,,,,,,
,,,,,,,,12,2020-11-06_17h31.00.312,premce_ses-02_part-02_label-phase2,2020.1.2,Win32,60,right,1.22789,4,0.27605,0,141,141,15,1,stimuli/objects/lantern03.jpg,right,new,16,,,,,,,,
,,,,,,,,12,2020-11-06_17h31.00.312,premce_ses-02_part-02_label-phase2,2020.1.2,Win32,60,right,1.512945,4,0.84545,0,142,142,143,1,stimuli/objects/turnstile.jpg,left,old,144,,,,,,,,
,,,,,,,,12,2020-11-06_17h31.00.312,premce_ses-02_part-02_label-phase2,2020.1.2,Win32,60,right,2.463355,4,0.497095,0,143,143,16,1,stimuli/objects/cashregister01.jpg,left,old,17,,,,,,,,
,,,,,,,,12,2020-11-06_17h31.00.312,premce_ses-02_part-02_label-phase2,2020.1.2,Win32,60,left,2.22167,4,0.506825,0,144,144,135,1,stimuli/objects/dalmatian.jpg,left,old,136,,,,,,,,
,,,,,,,,12,2020-11-06_17h31.00.312,premce_ses-02_part-02_label-phase2,2020.1.2,Win32,60,left,5.24203,1,0.396175,0,145,145,11,1,stimuli/objects/footballhelmet.jpg,left,old,12,,,,,,,,
,,,,,,,,12,2020-11-06_17h31.00.312,premce_ses-02_part-02_label-phase2,2020.1.2,Win32,60,left,1.849305,4,0.44748,0,146,146,130,1,stimuli/objects/toyanimal05.jpg,left,old,131,,,,,,,,
,,,,,,,,12,2020-11-06_17h31.00.312,premce_ses-02_part-02_label-phase2,2020.1.2,Win32,60,right,1.82662,2,1.381665,0,147,147,134,1,stimuli/objects/rubikcube.jpg,right,new,135,,,,,,,,
,,,,,,,,12,2020-11-06_17h31.00.312,premce_ses-02_part-02_label-phase2,2020.1.2,Win32,60,left,2.442145,4,0.607695,0,148,148,119,1,stimuli/objects/polarbear.jpg,left,old,120,,,,,,,,
,,,,,,,,12,2020-11-06_17h31.00.312,premce_ses-02_part-02_label-phase2,2020.1.2,Win32,60,right,2.17737,3,0.443975,0,149,149,109,1,stimuli/objects/bathtub.jpg,right,new,110,,,,,,,,
,,,,,,,,12,2020-11-06_17h31.00.312,premce_ses-02_part-02_label-phase2,2020.1.2,Win32,60,left,2.40899,1,1.498545,0,150,150,153,1,stimuli/objects/harmonica.jpg,right,new,154,,,,,,,,
,,,,,,,,12,2020-11-06_17h31.00.312,premce_ses-02_part-02_label-phase2,2020.1.2,Win32,60,left,1.49544,4,0.998525,0,151,151,71,1,stimuli/objects/bikelock.jpg,left,old,72,,,,,,,,
,,,,,,,,12,2020-11-06_17h31.00.312,premce_ses-02_part-02_label-phase2,2020.1.2,Win32,60,right,3.50761,1,3.377425,0,152,152,91,1,stimuli/objects/airhockeytable.jpg,right,new,92,,,,,,,,
,,,,,,,,12,2020-11-06_17h31.00.312,premce_ses-02_part-02_label-phase2,2020.1.2,Win32,60,left,1.3952,2,1.613865,0,153,153,138,1,stimuli/objects/raccoon.jpg,right,new,139,,,,,,,,
,,,,,,,,12,2020-11-06_17h31.00.312,premce_ses-02_part-02_label-phase2,2020.1.2,Win32,60,right,1.247625,4,1.39571,0,154,154,18,1,stimuli/objects/snowman.jpg,left,old,19,,,,,,,,
,,,,,,,,12,2020-11-06_17h31.00.312,premce_ses-02_part-02_label-phase2,2020.1.2,Win32,60,left,2.1163,1,0.916385,0,155,155,38,1,stimuli/objects/coffeemaker.jpg,right,new,39,,,,,,,,
,,,,,,,,12,2020-11-06_17h31.00.312,premce_ses-02_part-02_label-phase2,2020.1.2,Win32,60,right,2.1609,3,2.536735,0,156,156,92,1,stimuli/objects/athleticsock.jpg,left,old,93,,,,,,,,
,,,,,,,,12,2020-11-06_17h31.00.312,premce_ses-02_part-02_label-phase2,2020.1.2,Win32,60,left,1.844225,4,0.50484,0,157,157,102,1,stimuli/objects/sheriffhat.jpg,left,old,103,,,,,,,,
,,,,,,,,12,2020-11-06_17h31.00.312,premce_ses-02_part-02_label-phase2,2020.1.2,Win32,60,right,3.97331,2,0.487335,0,158,158,151,1,stimuli/objects/bolt01a.jpg,right,new,152,,,,,,,,
,,,,,,,,12,2020-11-06_17h31.00.312,premce_ses-02_part-02_label-phase2,2020.1.2,Win32,60,right,1.23693,2,0.506265,0,159,159,133,1,stimuli/objects/skateboard.jpg,left,old,134,,,,,,,,
,,,,,,,,12,2020-11-06_17h31.00.312,premce_ses-02_part-02_label-phase2,2020.1.2,Win32,60,,,,,,,,,,,,,,space,137.095005,0,0,0,0,1,ImagesforRecog1.csv
,,,,,,,,12,2020-11-06_17h31.00.312,premce_ses-02_part-02_label-phase2,2020.1.2,Win32,60,left,1.773325,3,4.33061,0,0,0,112,1,stimuli/objects/scorpion.jpg,right,new,273,,,,,,,,
,,,,,,,,12,2020-11-06_17h31.00.312,premce_ses-02_part-02_label-phase2,2020.1.2,Win32,60,right,1.31314,2,0.367425,0,1,1,154,1,stimuli/objects/guitarcase.jpg,right,new,315,,,,,,,,
,,,,,,,,12,2020-11-06_17h31.00.312,premce_ses-02_part-02_label-phase2,2020.1.2,Win32,60,left,1.71298,2,0.342085,0,2,2,146,1,stimuli/objects/chainsaw.jpg,left,old,307,,,,,,,,
,,,,,,,,12,2020-11-06_17h31.00.312,premce_ses-02_part-02_label-phase2,2020.1.2,Win32,60,right,0.946995,3,1.045725,0,3,3,87,1,stimuli/objects/gazebo.jpg,left,old,248,,,,,,,,
,,,,,,,,12,2020-11-06_17h31.00.312,premce_ses-02_part-02_label-phase2,2020.1.2,Win32,60,left,1.59405,4,0.340745,0,4,4,97,1,stimuli/objects/blackolive.jpg,left,old,258,,,,,,,,
,,,,,,,,12,2020-11-06_17h31.00.312,premce_ses-02_part-02_label-phase2,2020.1.2,Win32,60,left,2.809925,3,2.35885,0,5,5,38,1,stimuli/objects/bull.jpg,right,new,199,,,,,,,,
,,,,,,,,12,2020-11-06_17h31.00.312,premce_ses-02_part-02_label-phase2,2020.1.2,Win32,60,left,3.046195,2,0.848035,0,6,6,129,1,stimuli/objects/treestump.jpg,right,new,290,,,,,,,,
,,,,,,,,12,2020-11-06_17h31.00.312,premce_ses-02_part-02_label-phase2,2020.1.2,Win32,60,left,1.92575,1,0.28158,0,7,7,111,1,stimuli/objects/trailer.jpg,right,new,272,,,,,,,,
,,,,,,,,12,2020-11-06_17h31.00.312,premce_ses-02_part-02_label-phase2,2020.1.2,Win32,60,left,1.29559,3,0.786795,0,8,8,8,1,stimuli/objects/bluejay.jpg,left,old,169,,,,,,,,
,,,,,,,,12,2020-11-06_17h31.00.312,premce_ses-02_part-02_label-phase2,2020.1.2,Win32,60,left,3.72677,1,0.30991,0,9,9,141,1,stimuli/objects/parachute.jpg,right,new,302,,,,,,,,
,,,,,,,,12,2020-11-06_17h31.00.312,premce_ses-02_part-02_label-phase2,2020.1.2,Win32,60,left,1.51518,3,2.3931,0,10,10,98,1,stimuli/objects/pig.jpg,right,new,259,,,,,,,,
,,,,,,,,12,2020-11-06_17h31.00.312,premce_ses-02_part-02_label-phase2,2020.1.2,Win32,60,right,1.35808,2,2.049405,0,11,11,95,1,stimuli/objects/mouse.jpg,right,new,256,,,,,,,,
,,,,,,,,12,2020-11-06_17h31.00.312,premce_ses-02_part-02_label-phase2,2020.1.2,Win32,60,right,2.658555,3,0.88062,0,12,12,26,1,stimuli/objects/cookingpot.jpg,right,new,187,,,,,,,,
,,,,,,,,12,2020-11-06_17h31.00.312,premce_ses-02_part-02_label-phase2,2020.1.2,Win32,60,left,1.278265,2,0.300655,0,13,13,144,1,stimuli/objects/filingcabinet.jpg,right,new,305,,,,,,,,
,,,,,,,,12,2020-11-06_17h31.00.312,premce_ses-02_part-02_label-phase2,2020.1.2,Win32,60,right,2.60819,4,0.36349,0,14,14,138,1,stimuli/objects/wallclock.jpg,right,new,299,,,,,,,,
,,,,,,,,12,2020-11-06_17h31.00.312,premce_ses-02_part-02_label-phase2,2020.1.2,Win32,60,right,1.486935,4,0.346695,0,15,15,76,1,stimuli/objects/snowshovel.jpg,right,new,237,,,,,,,,
,,,,,,,,12,2020-11-06_17h31.00.312,premce_ses-02_part-02_label-phase2,2020.1.2,Win32,60,left,1.460055,1,0.963835,0,16,16,81,1,stimuli/objects/painting.jpg,right,new,242,,,,,,,,
,,,,,,,,12,2020-11-06_17h31.00.312,premce_ses-02_part-02_label-phase2,2020.1.2,Win32,60,left,1.429885,4,0.28235,0,17,17,53,1,stimuli/objects/ear.jpg,left,old,214,,,,,,,,
,,,,,,,,12,2020-11-06_17h31.00.312,premce_ses-02_part-02_label-phase2,2020.1.2,Win32,60,left,1.41021,4,0.34434,0,18,18,23,1,stimuli/objects/flugglehorn.jpg,left,old,184,,,,,,,,
,,,,,,,,12,2020-11-06_17h31.00.312,premce_ses-02_part-02_label-phase2,2020.1.2,Win32,60,left,3.661185,2,0.81511,0,19,19,101,1,stimuli/objects/stairs.jpg,left,old,262,,,,,,,,
,,,,,,,,12,2020-11-06_17h31.00.312,premce_ses-02_part-02_label-phase2,2020.1.2,Win32,60,left,4.59447,1,0.246455,0,20,20,106,1,stimuli/objects/nosmokingsign.jpg,right,new,267,,,,,,,,
,,,,,,,,12,2020-11-06_17h31.00.312,premce_ses-02_part-02_label-phase2,2020.1.2,Win32,60,right,0.896265,3,0.64602,0,21,21,142,1,stimuli/objects/curtain.jpg,right,new,303,,,,,,,,
,,,,,,,,12,2020-11-06_17h31.00.312,premce_ses-02_part-02_label-phase2,2020.1.2,Win32,60,right,5.10839,3,1.477495,0,22,22,56,1,stimuli/objects/bumpercar.jpg,right,new,217,,,,,,,,
,,,,,,,,12,2020-11-06_17h31.00.312,premce_ses-02_part-02_label-phase2,2020.1.2,Win32,60,left,3.427985,1,1.146205,0,23,23,91,1,stimuli/objects/lawnmower.jpg,right,new,252,,,,,,,,
,,,,,,,,12,2020-11-06_17h31.00.312,premce_ses-02_part-02_label-phase2,2020.1.2,Win32,60,left,1.32956,4,0.26652,0,24,24,83,1,stimuli/objects/redonion.jpg,left,old,244,,,,,,,,
,,,,,,,,12,2020-11-06_17h31.00.312,premce_ses-02_part-02_label-phase2,2020.1.2,Win32,60,left,1.731205,4,0.660055,0,25,25,117,1,stimuli/objects/cloud.jpg,left,old,278,,,,,,,,
,,,,,,,,12,2020-11-06_17h31.00.312,premce_ses-02_part-02_label-phase2,2020.1.2,Win32,60,left,1.81624,1,0.828,0,26,26,156,1,stimuli/objects/faxmachine.jpg,right,new,317,,,,,,,,
,,,,,,,,12,2020-11-06_17h31.00.312,premce_ses-02_part-02_label-phase2,2020.1.2,Win32,60,left,8.024175,2,0.30545,0,27,27,21,1,stimuli/objects/acorn.jpg,left,old,182,,,,,,,,
,,,,,,,,12,2020-11-06_17h31.00.312,premce_ses-02_part-02_label-phase2,2020.1.2,Win32,60,right,0.911465,3,0.895325,0,28,28,66,1,stimuli/objects/tulip02.jpg,right,new,227,,,,,,,,
,,,,,,,,12,2020-11-06_17h31.00.312,premce_ses-02_part-02_label-phase2,2020.1.2,Win32,60,right,8.376015,3,1.27891,0,29,29,2,1,stimuli/objects/shelves.jpg,left,old,163,,,,,,,,
,,,,,,,,12,2020-11-06_17h31.00.312,premce_ses-02_part-02_label-phase2,2020.1.2,Win32,60,right,1.608915,3,0.28242,0,30,30,58,1,stimuli/objects/shipinabottle.jpg,right,new,219,,,,,,,,
,,,,,,,,12,2020-11-06_17h31.00.312,premce_ses-02_part-02_label-phase2,2020.1.2,Win32,60,right,1.328965,3,0.313,0,31,31,153,1,stimuli/objects/toysoldier01b.jpg,left,old,314,,,,,,,,
,,,,,,,,12,2020-11-06_17h31.00.312,premce_ses-02_part-02_label-phase2,2020.1.2,Win32,60,left,2.37729,2,0.39029,0,32,32,45,1,stimuli/objects/dolly01.jpg,right,new,206,,,,,,,,
,,,,,,,,12,2020-11-06_17h31.00.312,premce_ses-02_part-02_label-phase2,2020.1.2,Win32,60,right,1.27745,4,0.5807,0,33,33,139,1,stimuli/objects/floortile02.jpg,right,new,300,,,,,,,,
,,,,,,,,12,2020-11-06_17h31.00.312,premce_ses-02_part-02_label-phase2,2020.1.2,Win32,60,right,2.225445,4,0.468185,0,34,34,110,1,stimuli/objects/scalpel.jpg,left,old,271,,,,,,,,
,,,,,,,,12,2020-11-06_17h31.00.312,premce_ses-02_part-02_label-phase2,2020.1.2,Win32,60,left,2.20882,4,0.589865,0,35,35,134,1,stimuli/objects/windturbine.jpg,left,old,295,,,,,,,,
,,,,,,,,12,2020-11-06_17h31.00.312,premce_ses-02_part-02_label-phase2,2020.1.2,Win32,60,right,1.62693,3,2.52483,0,36,36,62,1,stimuli/objects/sandbarshark.jpg,right,new,223,,,,,,,,
,,,,,,,,12,2020-11-06_17h31.00.312,premce_ses-02_part-02_label-phase2,2020.1.2,Win32,60,right,1.2782,3,1.66357,0,37,37,54,1,stimuli/objects/stepladder.jpg,left,old,215,,,,,,,,
,,,,,,,,12,2020-11-06_17h31.00.312,premce_ses-02_part-02_label-phase2,2020.1.2,Win32,60,left,1.079935,4,0.26231,0,38,38,155,1,stimuli/objects/popcorn.jpg,left,old,316,,,,,,,,
,,,,,,,,12,2020-11-06_17h31.00.312,premce_ses-02_part-02_label-phase2,2020.1.2,Win32,60,right,6.391215,3,0.94089,0,39,39,122,1,stimuli/objects/crosscountryski.jpg,left,old,283,,,,,,,,
,,,,,,,,12,2020-11-06_17h31.00.312,premce_ses-02_part-02_label-phase2,2020.1.2,Win32,60,left,1.74667,2,0.565075,0,40,40,22,1,stimuli/objects/schoolbus.jpg,right,new,183,,,,,,,,
,,,,,,,,12,2020-11-06_17h31.00.312,premce_ses-02_part-02_label-phase2,2020.1.2,Win32,60,right,4.523625,1,0.393525,0,41,41,100,1,stimuli/objects/gps.jpg,right,new,261,,,,,,,,
,,,,,,,,12,2020-11-06_17h31.00.312,premce_ses-02_part-02_label-phase2,2020.1.2,Win32,60,left,3.02228,4,0.379325,0,42,42,13,1,stimuli/objects/monarchbutterfly.jpg,left,old,174,,,,,,,,
,,,,,,,,12,2020-11-06_17h31.00.312,premce_ses-02_part-02_label-phase2,2020.1.2,Win32,60,left,13.26515,2,0.32984,0,43,43,10,1,stimuli/objects/locomotive.jpg,left,old,171,,,,,,,,
,,,,,,,,12,2020-11-06_17h31.00.312,premce_ses-02_part-02_label-phase2,2020.1.2,Win32,60,left,2.04178,4,0.25962,0,44,44,126,1,stimuli/objects/entrancegate.jpg,left,old,287,,,,,,,,
,,,,,,,,12,2020-11-06_17h31.00.312,premce_ses-02_part-02_label-phase2,2020.1.2,Win32,60,left,2.16013,4,0.53532,0,45,45,145,1,stimuli/objects/makiroll.jpg,left,old,306,,,,,,,,
,,,,,,,,12,2020-11-06_17h31.00.312,premce_ses-02_part-02_label-phase2,2020.1.2,Win32,60,right,1.296685,3,0.311445,0,46,46,46,1,stimuli/objects/kite.jpg,right,new,207,,,,,,,,
,,,,,,,,12,2020-11-06_17h31.00.312,premce_ses-02_part-02_label-phase2,2020.1.2,Win32,60,left,1.63778,3,0.926785,0,47,47,42,1,stimuli/objects/electricguitar01.jpg,left,old,203,,,,,,,,
,,,,,,,,12,2020-11-06_17h31.00.312,premce_ses-02_part-02_label-phase2,2020.1.2,Win32,60,right,5.82634,2,0.581405,0,48,48,114,1,stimuli/objects/turkey.jpg,left,old,275,,,,,,,,
,,,,,,,,12,2020-11-06_17h31.00.312,premce_ses-02_part-02_label-phase2,2020.1.2,Win32,60,right,0.997555,3,0.89772,0,49,49,4,1,stimuli/objects/bowrake.jpg,right,new,165,,,,,,,,
,,,,,,,,12,2020-11-06_17h31.00.312,premce_ses-02_part-02_label-phase2,2020.1.2,Win32,60,left,1.506225,2,2.428945,0,50,50,20,1,stimuli/objects/football.jpg,left,old,181,,,,,,,,
,,,,,,,,12,2020-11-06_17h31.00.312,premce_ses-02_part-02_label-phase2,2020.1.2,Win32,60,left,19.244665,2,0.368885,0,51,51,120,1,stimuli/objects/soccerball.jpg,left,old,281,,,,,,,,
,,,,,,,,12,2020-11-06_17h31.00.312,premce_ses-02_part-02_label-phase2,2020.1.2,Win32,60,right,2.92813,3,0.82988,0,52,52,93,1,stimuli/objects/moth.jpg,right,new,254,,,,,,,,
,,,,,,,,12,2020-11-06_17h31.00.312,premce_ses-02_part-02_label-phase2,2020.1.2,Win32,60,left,1.31226,4,0.692925,0,53,53,105,1,stimuli/objects/cuttlefish.jpg,left,old,266,,,,,,,,
,,,,,,,,12,2020-11-06_17h31.00.312,premce_ses-02_part-02_label-phase2,2020.1.2,Win32,60,right,1.694835,4,0.307525,0,54,54,48,1,stimuli/objects/fishskeleton.jpg,right,new,209,,,,,,,,
,,,,,,,,12,2020-11-06_17h31.00.312,premce_ses-02_part-02_label-phase2,2020.1.2,Win32,60,right,6.34376,3,0.726585,0,55,55,28,1,stimuli/objects/freezer02.jpg,right,new,189,,,,,,,,
,,,,,,,,12,2020-11-06_17h31.00.312,premce_ses-02_part-02_label-phase2,2020.1.2,Win32,60,right,3.477765,2,0.295025,0,56,56,72,1,stimuli/objects/shoppingcart.jpg,left,old,233,,,,,,,,
,,,,,,,,12,2020-11-06_17h31.00.312,premce_ses-02_part-02_label-phase2,2020.1.2,Win32,60,right,2.46095,3,0.724725,0,57,57,44,1,stimuli/objects/canoepaddle02.jpg,left,old,205,,,,,,,,
,,,,,,,,12,2020-11-06_17h31.00.312,premce_ses-02_part-02_label-phase2,2020.1.2,Win32,60,left,1.32725,4,0.212135,0,58,58,150,1,stimuli/objects/urinal.jpg,left,old,311,,,,,,,,
,,,,,,,,12,2020-11-06_17h31.00.312,premce_ses-02_part-02_label-phase2,2020.1.2,Win32,60,right,1.21015,3,1.46368,0,59,59,16,1,stimuli/objects/cymbal.jpg,right,new,177,,,,,,,,
,,,,,,,,12,2020-11-06_17h31.00.312,premce_ses-02_part-02_label-phase2,2020.1.2,Win32,60,left,1.51312,4,0.23058,0,60,60,50,1,stimuli/objects/honeybee.jpg,left,old,211,,,,,,,,
,,,,,,,,12,2020-11-06_17h31.00.312,premce_ses-02_part-02_label-phase2,2020.1.2,Win32,60,right,1.04559,2,0.535635,0,61,61,73,1,stimuli/objects/barrel01.jpg,left,old,234,,,,,,,,
,,,,,,,,12,2020-11-06_17h31.00.312,premce_ses-02_part-02_label-phase2,2020.1.2,Win32,60,right,0.979945,4,0.55859,0,62,62,71,1,stimuli/objects/cross01.jpg,right,new,232,,,,,,,,
,,,,,,,,12,2020-11-06_17h31.00.312,premce_ses-02_part-02_label-phase2,2020.1.2,Win32,60,left,3.728575,3,1.765545,0,63,63,32,1,stimuli/objects/seagull.jpg,left,old,193,,,,,,,,
,,,,,,,,12,2020-11-06_17h31.00.312,premce_ses-02_part-02_label-phase2,2020.1.2,Win32,60,right,1.29467,3,0.960215,0,64,64,124,1,stimuli/objects/kangaroo01.jpg,right,new,285,,,,,,,,
,,,,,,,,12,2020-11-06_17h31.00.312,premce_ses-02_part-02_label-phase2,2020.1.2,Win32,60,right,6.30629,2,0.68068,0,65,65,136,1,stimuli/objects/platypus.jpg,right,new,297,,,,,,,,
,,,,,,,,12,2020-11-06_17h31.00.312,premce_ses-02_part-02_label-phase2,2020.1.2,Win32,60,right,1.445965,4,0.24749,0,66,66,152,1,stimuli/objects/waterfall.jpg,right,new,313,,,,,,,,
,,,,,,,,12,2020-11-06_17h31.00.312,premce_ses-02_part-02_label-phase2,2020.1.2,Win32,60,right,1.3449,4,0.49447,0,67,67,133,1,stimuli/objects/kneepad01c.jpg,left,old,294,,,,,,,,
,,,,,,,,12,2020-11-06_17h31.00.312,premce_ses-02_part-02_label-phase2,2020.1.2,Win32,60,right,2.89455,4,0.34756,0,68,68,51,1,stimuli/objects/bus.jpg,left,old,212,,,,,,,,
,,,,,,,,12,2020-11-06_17h31.00.312,premce_ses-02_part-02_label-phase2,2020.1.2,Win32,60,right,2.2464,2,0.564325,0,69,69,59,1,stimuli/objects/saltshaker03a.jpg,right,new,220,,,,,,,,
,,,,,,,,12,2020-11-06_17h31.00.312,premce_ses-02_part-02_label-phase2,2020.1.2,Win32,60,right,1.97789,1,0.51666,0,70,70,24,1,stimuli/objects/stool01.jpg,left,old,185,,,,,,,,
,,,,,,,,12,2020-11-06_17h31.00.312,premce_ses-02_part-02_label-phase2,2020.1.2,Win32,60,right,4.860465,2,0.26444,0,71,71,140,1,stimuli/objects/hammerheadshark.jpg,right,new,301,,,,,,,,
,,,,,,,,12,2020-11-06_17h31.00.312,premce_ses-02_part-02_label-phase2,2020.1.2,Win32,60,left,1.376575,2,0.45221,0,72,72,40,1,stimuli/objects/porcupine.jpg,left,old,201,,,,,,,,
,,,,,,,,12,2020-11-06_17h31.00.312,premce_ses-02_part-02_label-phase2,2020.1.2,Win32,60,left,1.29686,4,0.267265,0,73,73,34,1,stimuli/objects/sandcastle.jpg,left,old,195,,,,,,,,
,,,,,,,,12,2020-11-06_17h31.00.312,premce_ses-02_part-02_label-phase2,2020.1.2,Win32,60,left,3.125385,2,0.43485,0,74,74,99,1,stimuli/objects/basketball01.jpg,left,old,260,,,,,,,,
,,,,,,,,12,2020-11-06_17h31.00.312,premce_ses-02_part-02_label-phase2,2020.1.2,Win32,60,left,1.526415,4,0.528165,0,75,75,0,1,stimuli/objects/ostrich.jpg,right,new,161,,,,,,,,
,,,,,,,,12,2020-11-06_17h31.00.312,premce_ses-02_part-02_label-phase2,2020.1.2,Win32,60,right,20.000375,3,0.81058,0,76,76,41,1,stimuli/objects/salmon.jpg,right,new,202,,,,,,,,
,,,,,,,,12,2020-11-06_17h31.00.312,premce_ses-02_part-02_label-phase2,2020.1.2,Win32,60,left,1.492075,3,0.095805,0,77,77,131,1,stimuli/objects/tablesaw.jpg,left,old,292,,,,,,,,
,,,,,,,,12,2020-11-06_17h31.00.312,premce_ses-02_part-02_label-phase2,2020.1.2,Win32,60,right,0.93025,4,0.2629,0,78,78,31,1,stimuli/objects/swing.jpg,right,new,192,,,,,,,,
,,,,,,,,12,2020-11-06_17h31.00.312,premce_ses-02_part-02_label-phase2,2020.1.2,Win32,60,right,1.0774,4,0.28237,0,79,79,65,1,stimuli/objects/armchair02.jpg,right,new,226,,,,,,,,
,,,,,,,,12,2020-11-06_17h31.00.312,premce_ses-02_part-02_label-phase2,2020.1.2,Win32,60,left,1.30094,3,0.77292,0,80,80,123,1,stimuli/objects/zebra.jpg,left,old,284,,,,,,,,
,,,,,,,,12,2020-11-06_17h31.00.312,premce_ses-02_part-02_label-phase2,2020.1.2,Win32,60,left,2.422275,4,0.129855,0,81,81,3,1,stimuli/objects/pitchfork.jpg,right,new,164,,,,,,,,
,,,,,,,,12,2020-11-06_17h31.00.312,premce_ses-02_part-02_label-phase2,2020.1.2,Win32,60,right,1.060425,3,3.515035,0,82,82,80,1,stimuli/objects/parkfountain.jpg,left,old,241,,,,,,,,
,,,,,,,,12,2020-11-06_17h31.00.312,premce_ses-02_part-02_label-phase2,2020.1.2,Win32,60,left,1.14833,4,0.05101,0,83,83,143,1,stimuli/objects/squirrel.jpg,right,new,304,,,,,,,,
,,,,,,,,12,2020-11-06_17h31.00.312,premce_ses-02_part-02_label-phase2,2020.1.2,Win32,60,right,1.779405,3,0.56325,0,84,84,60,1,stimuli/objects/dormer.jpg,left,old,221,,,,,,,,
,,,,,,,,12,2020-11-06_17h31.00.312,premce_ses-02_part-02_label-phase2,2020.1.2,Win32,60,left,1.892865,1,0.39814,0,85,85,86,1,stimuli/objects/masquerademask01.jpg,right,new,247,,,,,,,,
,,,,,,,,12,2020-11-06_17h31.00.312,premce_ses-02_part-02_label-phase2,2020.1.2,Win32,60,left,1.111805,4,0.244425,0,86,86,57,1,stimuli/objects/pumpkin.jpg,left,old,218,,,,,,,,
,,,,,,,,12,2020-11-06_17h31.00.312,premce_ses-02_part-02_label-phase2,2020.1.2,Win32,60,right,1.279335,3,1.505345,0,87,87,17,1,stimuli/objects/mrpotatohead.jpg,right,new,178,,,,,,,,
,,,,,,,,12,2020-11-06_17h31.00.312,premce_ses-02_part-02_label-phase2,2020.1.2,Win32,60,right,1.772595,4,1.646935,0,88,88,130,1,stimuli/objects/sausage.jpg,right,new,291,,,,,,,,
,,,,,,,,12,2020-11-06_17h31.00.312,premce_ses-02_part-02_label-phase2,2020.1.2,Win32,60,left,2.306095,4,0.2645,0,89,89,67,1,stimuli/objects/golfball.jpg,left,old,228,,,,,,,,
,,,,,,,,12,2020-11-06_17h31.00.312,premce_ses-02_part-02_label-phase2,2020.1.2,Win32,60,left,1.02786,4,0.24592,0,90,90,109,1,stimuli/objects/spaghetti01.jpg,left,old,270,,,,,,,,
,,,,,,,,12,2020-11-06_17h31.00.312,premce_ses-02_part-02_label-phase2,2020.1.2,Win32,60,right,1.130965,3,2.443715,0,91,91,75,1,stimuli/objects/snowshoe.jpg,right,new,236,,,,,,,,
,,,,,,,,12,2020-11-06_17h31.00.312,premce_ses-02_part-02_label-phase2,2020.1.2,Win32,60,right,1.22638,4,1.33002,0,92,92,64,1,stimuli/objects/cupcake.jpg,right,new,225,,,,,,,,
,,,,,,,,12,2020-11-06_17h31.00.312,premce_ses-02_part-02_label-phase2,2020.1.2,Win32,60,left,1.4257,3,0.66879,0,93,93,1,1,stimuli/objects/bridge.jpg,right,new,162,,,,,,,,
,,,,,,,,12,2020-11-06_17h31.00.312,premce_ses-02_part-02_label-phase2,2020.1.2,Win32,60,left,1.411395,4,0.27623,0,94,94,85,1,stimuli/objects/gong.jpg,right,new,246,,,,,,,,
,,,,,,,,12,2020-11-06_17h31.00.312,premce_ses-02_part-02_label-phase2,2020.1.2,Win32,60,right,0.748125,3,0.8108,0,95,95,79,1,stimuli/objects/beerbottle.jpg,left,old,240,,,,,,,,
,,,,,,,,12,2020-11-06_17h31.00.312,premce_ses-02_part-02_label-phase2,2020.1.2,Win32,60,right,2.17712,2,0.82533,0,96,96,89,1,stimuli/objects/bowlingpin.jpg,left,old,250,,,,,,,,
,,,,,,,,12,2020-11-06_17h31.00.312,premce_ses-02_part-02_label-phase2,2020.1.2,Win32,60,left,1.77618,3,2.040675,0,97,97,43,1,stimuli/objects/tricycle.jpg,left,old,204,,,,,,,,
,,,,,,,,12,2020-11-06_17h31.00.312,premce_ses-02_part-02_label-phase2,2020.1.2,Win32,60,right,2.11361,3,3.14728,0,98,98,12,1,stimuli/objects/safe.jpg,right,new,173,,,,,,,,
,,,,,,,,12,2020-11-06_17h31.00.312,premce_ses-02_part-02_label-phase2,2020.1.2,Win32,60,right,1.04393,4,0.29857,0,99,99,148,1,stimuli/objects/shield02.jpg,right,new,309,,,,,,,,
,,,,,,,,12,2020-11-06_17h31.00.312,premce_ses-02_part-02_label-phase2,2020.1.2,Win32,60,right,1.04046,1,1.09667,0,100,100,96,1,stimuli/objects/jeans01.jpg,left,old,257,,,,,,,,
,,,,,,,,12,2020-11-06_17h31.00.312,premce_ses-02_part-02_label-phase2,2020.1.2,Win32,60,left,4.989535,1,0.430125,0,101,101,77,1,stimuli/objects/cowbell.jpg,right,new,238,,,,,,,,
,,,,,,,,12,2020-11-06_17h31.00.312,premce_ses-02_part-02_label-phase2,2020.1.2,Win32,60,left,2.773255,3,0.775645,0,102,102,35,1,stimuli/objects/eiffeltower.jpg,right,new,196,,,,,,,,
,,,,,,,,12,2020-11-06_17h31.00.312,premce_ses-02_part-02_label-phase2,2020.1.2,Win32,60,right,1.962365,3,2.21149,0,103,103,107,1,stimuli/objects/skipole.jpg,left,old,268,,,,,,,,
,,,,,,,,12,2020-11-06_17h31.00.312,premce_ses-02_part-02_label-phase2,2020.1.2,Win32,60,right,3.86037,3,1.08881,0,104,104,25,1,stimuli/objects/beehive.jpg,left,old,186,,,,,,,,
,,,,,,,,12,2020-11-06_17h31.00.312,premce_ses-02_part-02_label-phase2,2020.1.2,Win32,60,left,2.8242,1,0.848115,0,105,105,55,1,stimuli/objects/chime.jpg,right,new,216,,,,,,,,
,,,,,,,,12,2020-11-06_17h31.00.312,premce_ses-02_part-02_label-phase2,2020.1.2,Win32,60,right,1.92169,3,1.01886,0,106,106,52,1,stimuli/objects/drumstick.jpg,right,new,213,,,,,,,,
,,,,,,,,12,2020-11-06_17h31.00.312,premce_ses-02_part-02_label-phase2,2020.1.2,Win32,60,left,1.207785,4,0.30043,0,107,107,127,1,stimuli/objects/jaguar.jpg,left,old,288,,,,,,,,
,,,,,,,,12,2020-11-06_17h31.00.312,premce_ses-02_part-02_label-phase2,2020.1.2,Win32,60,right,1.1452,2,2.14795,0,108,108,88,1,stimuli/objects/handbrush02.jpg,left,old,249,,,,,,,,
,,,,,,,,12,2020-11-06_17h31.00.312,premce_ses-02_part-02_label-phase2,2020.1.2,Win32,60,left,1.22874,4,0.314625,0,109,109,125,1,stimuli/objects/chipmunk.jpg,right,new,286,,,,,,,,
,,,,,,,,12,2020-11-06_17h31.00.312,premce_ses-02_part-02_label-phase2,2020.1.2,Win32,60,right,1.280255,3,0.78217,0,110,110,69,1,stimuli/objects/banjo.jpg,right,new,230,,,,,,,,
,,,,,,,,12,2020-11-06_17h31.00.312,premce_ses-02_part-02_label-phase2,2020.1.2,Win32,60,right,2.54735,4,0.300105,0,111,111,36,1,stimuli/objects/recyclingbin.jpg,right,new,197,,,,,,,,
,,,,,,,,12,2020-11-06_17h31.00.312,premce_ses-02_part-02_label-phase2,2020.1.2,Win32,60,right,0.96018,4,0.41277,0,112,112,90,1,stimuli/objects/vacuumcleaner01.jpg,right,new,251,,,,,,,,
,,,,,,,,12,2020-11-06_17h31.00.312,premce_ses-02_part-02_label-phase2,2020.1.2,Win32,60,right,1.439885,4,0.45347,0,113,113,82,1,stimuli/objects/missile.jpg,right,new,243,,,,,,,,
,,,,,,,,12,2020-11-06_17h31.00.312,premce_ses-02_part-02_label-phase2,2020.1.2,Win32,60,left,1.40964,3,0.46539,0,114,114,18,1,stimuli/objects/discoball.jpg,right,new,179,,,,,,,,
,,,,,,,,12,2020-11-06_17h31.00.312,premce_ses-02_part-02_label-phase2,2020.1.2,Win32,60,right,1.55656,3,0.46641,0,115,115,115,1,stimuli/objects/contactlens.jpg,right,new,276,,,,,,,,
,,,,,,,,12,2020-11-06_17h31.00.312,premce_ses-02_part-02_label-phase2,2020.1.2,Win32,60,right,1.20881,3,1.515495,0,116,116,39,1,stimuli/objects/stroller.jpg,left,old,200,,,,,,,,
,,,,,,,,12,2020-11-06_17h31.00.312,premce_ses-02_part-02_label-phase2,2020.1.2,Win32,60,left,1.54516,4,0.3651,0,117,117,116,1,stimuli/objects/greywolf.jpg,left,old,277,,,,,,,,
,,,,,,,,12,2020-11-06_17h31.00.312,premce_ses-02_part-02_label-phase2,2020.1.2,Win32,60,right,1.461025,2,3.5347,0,118,118,119,1,stimuli/objects/surfboard.jpg,left,old,280,,,,,,,,
,,,,,,,,12,2020-11-06_17h31.00.312,premce_ses-02_part-02_label-phase2,2020.1.2,Win32,60,right,1.176795,4,0.217775,0,119,119,158,1,stimuli/objects/bed.jpg,left,old,319,,,,,,,,
,,,,,,,,12,2020-11-06_17h31.00.312,premce_ses-02_part-02_label-phase2,2020.1.2,Win32,60,right,18.066825,3,1.6496,0,120,120,108,1,stimuli/objects/boxingglove01.jpg,right,new,269,,,,,,,,
,,,,,,,,12,2020-11-06_17h31.00.312,premce_ses-02_part-02_label-phase2,2020.1.2,Win32,60,left,2.32955,4,0.870375,0,121,121,149,1,stimuli/objects/hulahoop.jpg,left,old,310,,,,,,,,
,,,,,,,,12,2020-11-06_17h31.00.312,premce_ses-02_part-02_label-phase2,2020.1.2,Win32,60,right,5.607805,1,0.592975,0,122,122,103,1,stimuli/objects/beaver.jpg,left,old,264,,,,,,,,
,,,,,,,,12,2020-11-06_17h31.00.312,premce_ses-02_part-02_label-phase2,2020.1.2,Win32,60,right,2.24109,3,0.94192,0,123,123,102,1,stimuli/objects/englishcucumber.jpg,right,new,263,,,,,,,,
,,,,,,,,12,2020-11-06_17h31.00.312,premce_ses-02_part-02_label-phase2,2020.1.2,Win32,60,right,3.645125,1,0.328445,0,124,124,5,1,stimuli/objects/morningstar.jpg,right,new,166,,,,,,,,
,,,,,,,,12,2020-11-06_17h31.00.312,premce_ses-02_part-02_label-phase2,2020.1.2,Win32,60,right,0.97889,4,0.4593,0,125,125,147,1,stimuli/objects/hotdog.jpg,right,new,308,,,,,,,,
,,,,,,,,12,2020-11-06_17h31.00.312,premce_ses-02_part-02_label-phase2,2020.1.2,Win32,60,left,1.95613,4,0.43591,0,126,126,27,1,stimuli/objects/star.jpg,left,old,188,,,,,,,,
,,,,,,,,12,2020-11-06_17h31.00.312,premce_ses-02_part-02_label-phase2,2020.1.2,Win32,60,left,2.3602,2,0.640585,0,127,127,94,1,stimuli/objects/cormorant.jpg,right,new,255,,,,,,,,
,,,,,,,,12,2020-11-06_17h31.00.312,premce_ses-02_part-02_label-phase2,2020.1.2,Win32,60,left,1.693245,2,1.92258,0,128,128,29,1,stimuli/objects/showerhead01.jpg,left,old,190,,,,,,,,
,,,,,,,,12,2020-11-06_17h31.00.312,premce_ses-02_part-02_label-phase2,2020.1.2,Win32,60,left,3.85413,1,0.394525,0,129,129,7,1,stimuli/objects/sink.jpg,right,new,168,,,,,,,,
,,,,,,,,12,2020-11-06_17h31.00.312,premce_ses-02_part-02_label-phase2,2020.1.2,Win32,60,right,0.926715,3,1.23268,0,130,130,49,1,stimuli/objects/moon.jpg,right,new,210,,,,,,,,
,,,,,,,,12,2020-11-06_17h31.00.312,premce_ses-02_part-02_label-phase2,2020.1.2,Win32,60,right,1.23254,2,2.02951,0,131,131,14,1,stimuli/objects/hockeystick.jpg,left,old,175,,,,,,,,
,,,,,,,,12,2020-11-06_17h31.00.312,premce_ses-02_part-02_label-phase2,2020.1.2,Win32,60,right,1.49432,4,0.28146,0,132,132,78,1,stimuli/objects/smartboard.jpg,right,new,239,,,,,,,,
,,,,,,,,12,2020-11-06_17h31.00.312,premce_ses-02_part-02_label-phase2,2020.1.2,Win32,60,right,1.430645,2,1.154525,0,133,133,68,1,stimuli/objects/sailboat.jpg,right,new,229,,,,,,,,
,,,,,,,,12,2020-11-06_17h31.00.312,premce_ses-02_part-02_label-phase2,2020.1.2,Win32,60,right,1.7446,4,0.264735,0,134,134,135,1,stimuli/objects/toiletbrush.jpg,right,new,296,,,,,,,,
,,,,,,,,12,2020-11-06_17h31.00.312,premce_ses-02_part-02_label-phase2,2020.1.2,Win32,60,right,2.328035,3,1.286985,0,135,135,92,1,stimuli/objects/buoy.jpg,left,old,253,,,,,,,,
,,,,,,,,12,2020-11-06_17h31.00.312,premce_ses-02_part-02_label-phase2,2020.1.2,Win32,60,left,1.527635,2,0.32816,0,136,136,121,1,stimuli/objects/musicsheet.jpg,left,old,282,,,,,,,,
,,,,,,,,12,2020-11-06_17h31.00.312,premce_ses-02_part-02_label-phase2,2020.1.2,Win32,60,right,3.31524,2,1.50441,0,137,137,70,1,stimuli/objects/fluorescentlightbulb.jpg,right,new,231,,,,,,,,
,,,,,,,,12,2020-11-06_17h31.00.312,premce_ses-02_part-02_label-phase2,2020.1.2,Win32,60,left,1.64609,4,0.981815,0,138,138,47,1,stimuli/objects/jellyfish.jpg,left,old,208,,,,,,,,
,,,,,,,,12,2020-11-06_17h31.00.312,premce_ses-02_part-02_label-phase2,2020.1.2,Win32,60,left,1.377185,4,0.43739,0,139,139,63,1,stimuli/objects/witchhat.jpg,left,old,224,,,,,,,,
,,,,,,,,12,2020-11-06_17h31.00.312,premce_ses-02_part-02_label-phase2,2020.1.2,Win32,60,left,2.282305,1,1.129145,0,140,140,137,1,stimuli/objects/jackrabbit.jpg,left,old,298,,,,,,,,
,,,,,,,,12,2020-11-06_17h31.00.312,premce_ses-02_part-02_label-phase2,2020.1.2,Win32,60,left,1.260745,4,0.53254,0,141,141,61,1,stimuli/objects/graduationcap.jpg,left,old,222,,,,,,,,
,,,,,,,,12,2020-11-06_17h31.00.312,premce_ses-02_part-02_label-phase2,2020.1.2,Win32,60,right,1.296605,2,2.329405,0,142,142,9,1,stimuli/objects/dolphin01.jpg,left,old,170,,,,,,,,
,,,,,,,,12,2020-11-06_17h31.00.312,premce_ses-02_part-02_label-phase2,2020.1.2,Win32,60,right,2.32774,1,0.394255,0,143,143,84,1,stimuli/objects/musicstand.jpg,left,old,245,,,,,,,,
,,,,,,,,12,2020-11-06_17h31.00.312,premce_ses-02_part-02_label-phase2,2020.1.2,Win32,60,right,3.224485,3,0.36385,0,144,144,74,1,stimuli/objects/noparkingsign.jpg,right,new,235,,,,,,,,
,,,,,,,,12,2020-11-06_17h31.00.312,premce_ses-02_part-02_label-phase2,2020.1.2,Win32,60,right,1.137835,3,0.549275,0,145,145,104,1,stimuli/objects/mirror02.jpg,left,old,265,,,,,,,,
,,,,,,,,12,2020-11-06_17h31.00.312,premce_ses-02_part-02_label-phase2,2020.1.2,Win32,60,right,1.99292,4,0.3102,0,146,146,11,1,stimuli/objects/nunchuk.jpg,right,new,172,,,,,,,,
,,,,,,,,12,2020-11-06_17h31.00.312,premce_ses-02_part-02_label-phase2,2020.1.2,Win32,60,left,1.60901,4,0.279295,0,147,147,37,1,stimuli/objects/pigeon.jpg,left,old,198,,,,,,,,
,,,,,,,,12,2020-11-06_17h31.00.312,premce_ses-02_part-02_label-phase2,2020.1.2,Win32,60,right,1.48995,2,2.297145,0,148,148,6,1,stimuli/objects/rollerblade.jpg,right,new,167,,,,,,,,
,,,,,,,,12,2020-11-06_17h31.00.312,premce_ses-02_part-02_label-phase2,2020.1.2,Win32,60,right,1.991495,1,5.343065,0,149,149,157,1,stimuli/objects/lip.jpg,right,new,318,,,,,,,,
,,,,,,,,12,2020-11-06_17h31.00.312,premce_ses-02_part-02_label-phase2,2020.1.2,Win32,60,left,1.379995,4,0.292415,0,150,150,132,1,stimuli/objects/duck01.jpg,right,new,293,,,,,,,,
,,,,,,,,12,2020-11-06_17h31.00.312,premce_ses-02_part-02_label-phase2,2020.1.2,Win32,60,left,3.66533,2,0.347445,0,151,151,159,1,stimuli/objects/shovel01.jpg,left,old,320,,,,,,,,
,,,,,,,,12,2020-11-06_17h31.00.312,premce_ses-02_part-02_label-phase2,2020.1.2,Win32,60,right,1.3749,2,1.47594,0,152,152,128,1,stimuli/objects/tricornhat.jpg,right,new,289,,,,,,,,
,,,,,,,,12,2020-11-06_17h31.00.312,premce_ses-02_part-02_label-phase2,2020.1.2,Win32,60,left,2.5948,2,1.396725,0,153,153,33,1,stimuli/objects/doghouse.jpg,left,old,194,,,,,,,,
,,,,,,,,12,2020-11-06_17h31.00.312,premce_ses-02_part-02_label-phase2,2020.1.2,Win32,60,right,1.24306,3,0.29445,0,154,154,30,1,stimuli/objects/waterfountain02.jpg,right,new,191,,,,,,,,
,,,,,,,,12,2020-11-06_17h31.00.312,premce_ses-02_part-02_label-phase2,2020.1.2,Win32,60,right,1.04477,3,0.45291,0,155,155,19,1,stimuli/objects/chimney.jpg,right,new,180,,,,,,,,
,,,,,,,,12,2020-11-06_17h31.00.312,premce_ses-02_part-02_label-phase2,2020.1.2,Win32,60,left,4.40871,2,0.54845,0,156,156,113,1,stimuli/objects/dogsled.jpg,left,old,274,,,,,,,,
,,,,,,,,12,2020-11-06_17h31.00.312,premce_ses-02_part-02_label-phase2,2020.1.2,Win32,60,right,9.19175,1,0.24959,0,157,157,118,1,stimuli/objects/trophy01.jpg,left,old,279,,,,,,,,
,,,,,,,,12,2020-11-06_17h31.00.312,premce_ses-02_part-02_label-phase2,2020.1.2,Win32,60,left,2.3173,3,1.38972,0,158,158,15,1,stimuli/objects/tent.jpg,left,old,176,,,,,,,,
,,,,,,,,12,2020-11-06_17h31.00.312,premce_ses-02_part-02_label-phase2,2020.1.2,Win32,60,left,1.64197,2,1.209255,0,159,159,151,1,stimuli/objects/gecko.jpg,left,old,312,,,,,,,,
,,,,,,,,12,2020-11-06_17h31.00.312,premce_ses-02_part-02_label-phase2,2020.1.2,Win32,60,,,,,,,,,,,,,,space,3.16848,0,1,1,1,1,ImagesforRecog2.csv
