instructions_loop.thisRepN,instructions_loop.thisTrialN,instructions_loop.thisN,instructions_loop.thisIndex,instructions_loop.ran,text1,text2,text3,participant,date,expName,psychopyVersion,OS,frameRate,recog_resp.keys,recog_resp.rt,conf_resp.keys,conf_resp.rt,recog_loop.thisRepN,recog_loop.thisTrialN,recog_loop.thisN,recog_loop.thisIndex,recog_loop.ran,images,corr_ans,type,order,key_resp_break.keys,key_resp_break.rt,list_loop.thisRepN,list_loop.thisTrialN,list_loop.thisN,list_loop.thisIndex,list_loop.ran,recog_list
0,0,0,0,1,Welcome to the last phase of this experiment!,,Please press the space bar to continue,1,2020-10-13_17h06.35.859,premce_ses-02_part-02_label-phase2,2020.1.2,Win32,60,,,,,,,,,,,,,,,,,,,,,
0,1,1,1,1,,"In this phase, you will see some objects. 

For each object, you should indicate whether you have seen it before during the experiment.

Press LEFT ARROW for YES
Press RIGHT ARROW for NO

",Please press the space bar to continue ,1,2020-10-13_17h06.35.859,premce_ses-02_part-02_label-phase2,2020.1.2,Win32,60,,,,,,,,,,,,,,,,,,,,,
0,2,2,2,1,,"After that, you will be asked how confident you are of your choice.

Please rate the confidence in your choce with the numbers from 1 to 4 of your keyboard. 

The numbers correspond to:

1 = Very unsure
2 = Unsure
3 = Sure
4 = Very Sure",Please press the space bar to continue,1,2020-10-13_17h06.35.859,premce_ses-02_part-02_label-phase2,2020.1.2,Win32,60,,,,,,,,,,,,,,,,,,,,,
,,,,,,,,1,2020-10-13_17h06.35.859,premce_ses-02_part-02_label-phase2,2020.1.2,Win32,60,right,2.267905,3,1.90587,0,0,0,96,1,stimuli/objects/jeans01.jpg,left,old,257,,,,,,,,
,,,,,,,,1,2020-10-13_17h06.35.859,premce_ses-02_part-02_label-phase2,2020.1.2,Win32,60,right,2.006,3,1.0007,0,1,1,56,1,stimuli/objects/bumpercar.jpg,right,new,217,,,,,,,,
,,,,,,,,1,2020-10-13_17h06.35.859,premce_ses-02_part-02_label-phase2,2020.1.2,Win32,60,right,0.95577,3,0.003335,0,2,2,51,1,stimuli/objects/bus.jpg,left,old,212,,,,,,,,
,,,,,,,,1,2020-10-13_17h06.35.859,premce_ses-02_part-02_label-phase2,2020.1.2,Win32,60,right,0.96711,3,0.07789,0,3,3,119,1,stimuli/objects/surfboard.jpg,left,old,280,,,,,,,,
,,,,,,,,1,2020-10-13_17h06.35.859,premce_ses-02_part-02_label-phase2,2020.1.2,Win32,60,left,1.51175,1,0.50987,0,4,4,67,1,stimuli/objects/golfball.jpg,left,old,228,,,,,,,,
,,,,,,,,1,2020-10-13_17h06.35.859,premce_ses-02_part-02_label-phase2,2020.1.2,Win32,60,left,1.02669,4,0.43371,0,5,5,127,1,stimuli/objects/jaguar.jpg,left,old,288,,,,,,,,
,,,,,,,,1,2020-10-13_17h06.35.859,premce_ses-02_part-02_label-phase2,2020.1.2,Win32,60,left,1.37052,4,0.661385,0,6,6,25,1,stimuli/objects/beehive.jpg,left,old,186,,,,,,,,
,,,,,,,,1,2020-10-13_17h06.35.859,premce_ses-02_part-02_label-phase2,2020.1.2,Win32,60,right,1.00195,2,0.36751,0,7,7,7,1,stimuli/objects/sink.jpg,right,new,168,,,,,,,,
,,,,,,,,1,2020-10-13_17h06.35.859,premce_ses-02_part-02_label-phase2,2020.1.2,Win32,60,right,1.248055,4,0.432015,0,8,8,99,1,stimuli/objects/basketball01.jpg,left,old,260,,,,,,,,
,,,,,,,,1,2020-10-13_17h06.35.859,premce_ses-02_part-02_label-phase2,2020.1.2,Win32,60,right,1.94454,1,1.445785,0,9,9,11,1,stimuli/objects/nunchuk.jpg,right,new,172,,,,,,,,
,,,,,,,,1,2020-10-13_17h06.35.859,premce_ses-02_part-02_label-phase2,2020.1.2,Win32,60,right,1.10972,1,0.307995,0,10,10,154,1,stimuli/objects/guitarcase.jpg,right,new,315,,,,,,,,
,,,,,,,,1,2020-10-13_17h06.35.859,premce_ses-02_part-02_label-phase2,2020.1.2,Win32,60,right,0.949415,4,0.58097,0,11,11,66,1,stimuli/objects/tulip02.jpg,right,new,227,,,,,,,,
,,,,,,,,1,2020-10-13_17h06.35.859,premce_ses-02_part-02_label-phase2,2020.1.2,Win32,60,right,0.73346,4,0.51689,0,12,12,134,1,stimuli/objects/windturbine.jpg,left,old,295,,,,,,,,
,,,,,,,,1,2020-10-13_17h06.35.859,premce_ses-02_part-02_label-phase2,2020.1.2,Win32,60,right,2.006405,1,0.54665,0,13,13,32,1,stimuli/objects/seagull.jpg,left,old,193,,,,,,,,
,,,,,,,,1,2020-10-13_17h06.35.859,premce_ses-02_part-02_label-phase2,2020.1.2,Win32,60,right,0.90381,3,0.32197,0,14,14,55,1,stimuli/objects/chime.jpg,right,new,216,,,,,,,,
,,,,,,,,1,2020-10-13_17h06.35.859,premce_ses-02_part-02_label-phase2,2020.1.2,Win32,60,left,2.76465,1,0.33623,0,15,15,116,1,stimuli/objects/greywolf.jpg,left,old,277,,,,,,,,
,,,,,,,,1,2020-10-13_17h06.35.859,premce_ses-02_part-02_label-phase2,2020.1.2,Win32,60,right,1.204995,3,0.695405,0,16,16,15,1,stimuli/objects/tent.jpg,left,old,176,,,,,,,,
,,,,,,,,1,2020-10-13_17h06.35.859,premce_ses-02_part-02_label-phase2,2020.1.2,Win32,60,right,1.595825,2,1.18897,0,17,17,97,1,stimuli/objects/blackolive.jpg,left,old,258,,,,,,,,
,,,,,,,,1,2020-10-13_17h06.35.859,premce_ses-02_part-02_label-phase2,2020.1.2,Win32,60,right,1.019265,2,0.35378,0,18,18,84,1,stimuli/objects/musicstand.jpg,left,old,245,,,,,,,,
,,,,,,,,1,2020-10-13_17h06.35.859,premce_ses-02_part-02_label-phase2,2020.1.2,Win32,60,right,0.96221,4,0.324035,0,19,19,12,1,stimuli/objects/safe.jpg,right,new,173,,,,,,,,
,,,,,,,,1,2020-10-13_17h06.35.859,premce_ses-02_part-02_label-phase2,2020.1.2,Win32,60,right,0.703435,4,0.44005,0,20,20,31,1,stimuli/objects/swing.jpg,right,new,192,,,,,,,,
,,,,,,,,1,2020-10-13_17h06.35.859,premce_ses-02_part-02_label-phase2,2020.1.2,Win32,60,right,1.65468,2,0.558665,0,21,21,125,1,stimuli/objects/chipmunk.jpg,right,new,286,,,,,,,,
,,,,,,,,1,2020-10-13_17h06.35.859,premce_ses-02_part-02_label-phase2,2020.1.2,Win32,60,right,0.79445,2,0.360955,0,22,22,103,1,stimuli/objects/beaver.jpg,left,old,264,,,,,,,,
,,,,,,,,1,2020-10-13_17h06.35.859,premce_ses-02_part-02_label-phase2,2020.1.2,Win32,60,right,0.480585,3,0.295175,0,23,23,23,1,stimuli/objects/flugglehorn.jpg,left,old,184,,,,,,,,
,,,,,,,,1,2020-10-13_17h06.35.859,premce_ses-02_part-02_label-phase2,2020.1.2,Win32,60,right,0.593695,4,0.22976,0,24,24,108,1,stimuli/objects/boxingglove01.jpg,right,new,269,,,,,,,,
,,,,,,,,1,2020-10-13_17h06.35.859,premce_ses-02_part-02_label-phase2,2020.1.2,Win32,60,right,0.642725,1,0.22005,0,25,25,37,1,stimuli/objects/pigeon.jpg,left,old,198,,,,,,,,
,,,,,,,,1,2020-10-13_17h06.35.859,premce_ses-02_part-02_label-phase2,2020.1.2,Win32,60,right,0.483425,1,0.290955,0,26,26,72,1,stimuli/objects/shoppingcart.jpg,left,old,233,,,,,,,,
,,,,,,,,1,2020-10-13_17h06.35.859,premce_ses-02_part-02_label-phase2,2020.1.2,Win32,60,right,0.712255,3,1.262645,0,27,27,52,1,stimuli/objects/drumstick.jpg,right,new,213,,,,,,,,
,,,,,,,,1,2020-10-13_17h06.35.859,premce_ses-02_part-02_label-phase2,2020.1.2,Win32,60,right,0.650635,1,0.33219,0,28,28,69,1,stimuli/objects/banjo.jpg,right,new,230,,,,,,,,
,,,,,,,,1,2020-10-13_17h06.35.859,premce_ses-02_part-02_label-phase2,2020.1.2,Win32,60,right,0.45583,2,0.65061,0,29,29,124,1,stimuli/objects/kangaroo01.jpg,right,new,285,,,,,,,,
,,,,,,,,1,2020-10-13_17h06.35.859,premce_ses-02_part-02_label-phase2,2020.1.2,Win32,60,right,0.73379,2,0.491085,0,30,30,8,1,stimuli/objects/bluejay.jpg,left,old,169,,,,,,,,
,,,,,,,,1,2020-10-13_17h06.35.859,premce_ses-02_part-02_label-phase2,2020.1.2,Win32,60,right,0.47489,3,0.31952,0,31,31,39,1,stimuli/objects/stroller.jpg,left,old,200,,,,,,,,
,,,,,,,,1,2020-10-13_17h06.35.859,premce_ses-02_part-02_label-phase2,2020.1.2,Win32,60,right,0.53431,3,0.347965,0,32,32,109,1,stimuli/objects/spaghetti01.jpg,left,old,270,,,,,,,,
,,,,,,,,1,2020-10-13_17h06.35.859,premce_ses-02_part-02_label-phase2,2020.1.2,Win32,60,right,0.420095,3,0.330035,0,33,33,120,1,stimuli/objects/soccerball.jpg,left,old,281,,,,,,,,
,,,,,,,,1,2020-10-13_17h06.35.859,premce_ses-02_part-02_label-phase2,2020.1.2,Win32,60,right,0.42778,1,0.65728,0,34,34,76,1,stimuli/objects/snowshovel.jpg,right,new,237,,,,,,,,
,,,,,,,,1,2020-10-13_17h06.35.859,premce_ses-02_part-02_label-phase2,2020.1.2,Win32,60,right,0.255425,1,1.628005,0,35,35,145,1,stimuli/objects/makiroll.jpg,left,old,306,,,,,,,,
,,,,,,,,1,2020-10-13_17h06.35.859,premce_ses-02_part-02_label-phase2,2020.1.2,Win32,60,right,0.797485,2,0.74237,0,36,36,75,1,stimuli/objects/snowshoe.jpg,right,new,236,,,,,,,,
,,,,,,,,1,2020-10-13_17h06.35.859,premce_ses-02_part-02_label-phase2,2020.1.2,Win32,60,right,0.53875,3,0.66119,0,37,37,10,1,stimuli/objects/locomotive.jpg,left,old,171,,,,,,,,
,,,,,,,,1,2020-10-13_17h06.35.859,premce_ses-02_part-02_label-phase2,2020.1.2,Win32,60,right,0.563325,3,0.40599,0,38,38,92,1,stimuli/objects/buoy.jpg,left,old,253,,,,,,,,
,,,,,,,,1,2020-10-13_17h06.35.859,premce_ses-02_part-02_label-phase2,2020.1.2,Win32,60,right,0.512655,3,0.24554,0,39,39,41,1,stimuli/objects/salmon.jpg,right,new,202,,,,,,,,
,,,,,,,,1,2020-10-13_17h06.35.859,premce_ses-02_part-02_label-phase2,2020.1.2,Win32,60,right,0.432945,4,0.872445,0,40,40,17,1,stimuli/objects/mrpotatohead.jpg,right,new,178,,,,,,,,
,,,,,,,,1,2020-10-13_17h06.35.859,premce_ses-02_part-02_label-phase2,2020.1.2,Win32,60,right,0.69153,3,0.276155,0,41,41,3,1,stimuli/objects/pitchfork.jpg,right,new,164,,,,,,,,
,,,,,,,,1,2020-10-13_17h06.35.859,premce_ses-02_part-02_label-phase2,2020.1.2,Win32,60,right,0.415095,3,0.014375,0,42,42,22,1,stimuli/objects/schoolbus.jpg,right,new,183,,,,,,,,
,,,,,,,,1,2020-10-13_17h06.35.859,premce_ses-02_part-02_label-phase2,2020.1.2,Win32,60,right,0.520205,3,0.423415,0,43,43,21,1,stimuli/objects/acorn.jpg,left,old,182,,,,,,,,
,,,,,,,,1,2020-10-13_17h06.35.859,premce_ses-02_part-02_label-phase2,2020.1.2,Win32,60,right,0.54562,3,0.34288,0,44,44,35,1,stimuli/objects/eiffeltower.jpg,right,new,196,,,,,,,,
,,,,,,,,1,2020-10-13_17h06.35.859,premce_ses-02_part-02_label-phase2,2020.1.2,Win32,60,right,0.573215,3,0.14113,0,45,45,49,1,stimuli/objects/moon.jpg,right,new,210,,,,,,,,
,,,,,,,,1,2020-10-13_17h06.35.859,premce_ses-02_part-02_label-phase2,2020.1.2,Win32,60,right,0.72217,1,0.37645,0,46,46,105,1,stimuli/objects/cuttlefish.jpg,left,old,266,,,,,,,,
,,,,,,,,1,2020-10-13_17h06.35.859,premce_ses-02_part-02_label-phase2,2020.1.2,Win32,60,right,2.2319,3,0.79211,0,47,47,65,1,stimuli/objects/armchair02.jpg,right,new,226,,,,,,,,
,,,,,,,,1,2020-10-13_17h06.35.859,premce_ses-02_part-02_label-phase2,2020.1.2,Win32,60,right,0.569915,1,0.525535,0,48,48,29,1,stimuli/objects/showerhead01.jpg,left,old,190,,,,,,,,
,,,,,,,,1,2020-10-13_17h06.35.859,premce_ses-02_part-02_label-phase2,2020.1.2,Win32,60,right,1.40065,3,0.893155,0,49,49,118,1,stimuli/objects/trophy01.jpg,left,old,279,,,,,,,,
,,,,,,,,1,2020-10-13_17h06.35.859,premce_ses-02_part-02_label-phase2,2020.1.2,Win32,60,right,2.33706,1,0.91899,0,50,50,9,1,stimuli/objects/dolphin01.jpg,left,old,170,,,,,,,,
,,,,,,,,1,2020-10-13_17h06.35.859,premce_ses-02_part-02_label-phase2,2020.1.2,Win32,60,right,0.66395,1,0.381555,0,51,51,112,1,stimuli/objects/scorpion.jpg,right,new,273,,,,,,,,
,,,,,,,,1,2020-10-13_17h06.35.859,premce_ses-02_part-02_label-phase2,2020.1.2,Win32,60,right,0.523155,1,0.286595,0,52,52,28,1,stimuli/objects/freezer02.jpg,right,new,189,,,,,,,,
,,,,,,,,1,2020-10-13_17h06.35.859,premce_ses-02_part-02_label-phase2,2020.1.2,Win32,60,right,0.83647,1,0.29381,0,53,53,0,1,stimuli/objects/ostrich.jpg,right,new,161,,,,,,,,
,,,,,,,,1,2020-10-13_17h06.35.859,premce_ses-02_part-02_label-phase2,2020.1.2,Win32,60,right,0.49314,1,0.302415,0,54,54,89,1,stimuli/objects/bowlingpin.jpg,left,old,250,,,,,,,,
,,,,,,,,1,2020-10-13_17h06.35.859,premce_ses-02_part-02_label-phase2,2020.1.2,Win32,60,right,2.695675,1,0.427245,0,55,55,128,1,stimuli/objects/tricornhat.jpg,right,new,289,,,,,,,,
,,,,,,,,1,2020-10-13_17h06.35.859,premce_ses-02_part-02_label-phase2,2020.1.2,Win32,60,right,0.50694,2,0.369755,0,56,56,122,1,stimuli/objects/crosscountryski.jpg,left,old,283,,,,,,,,
,,,,,,,,1,2020-10-13_17h06.35.859,premce_ses-02_part-02_label-phase2,2020.1.2,Win32,60,right,0.685895,2,0.25894,0,57,57,131,1,stimuli/objects/tablesaw.jpg,left,old,292,,,,,,,,
,,,,,,,,1,2020-10-13_17h06.35.859,premce_ses-02_part-02_label-phase2,2020.1.2,Win32,60,right,1.24079,2,0.371555,0,58,58,36,1,stimuli/objects/recyclingbin.jpg,right,new,197,,,,,,,,
,,,,,,,,1,2020-10-13_17h06.35.859,premce_ses-02_part-02_label-phase2,2020.1.2,Win32,60,right,0.52367,2,0.295395,0,59,59,142,1,stimuli/objects/curtain.jpg,right,new,303,,,,,,,,
,,,,,,,,1,2020-10-13_17h06.35.859,premce_ses-02_part-02_label-phase2,2020.1.2,Win32,60,right,0.384945,2,0.267745,0,60,60,54,1,stimuli/objects/stepladder.jpg,left,old,215,,,,,,,,
,,,,,,,,1,2020-10-13_17h06.35.859,premce_ses-02_part-02_label-phase2,2020.1.2,Win32,60,right,0.49138,2,0.00596,0,61,61,68,1,stimuli/objects/sailboat.jpg,right,new,229,,,,,,,,
,,,,,,,,1,2020-10-13_17h06.35.859,premce_ses-02_part-02_label-phase2,2020.1.2,Win32,60,right,0.341915,2,0.31173,0,62,62,63,1,stimuli/objects/witchhat.jpg,left,old,224,,,,,,,,
,,,,,,,,1,2020-10-13_17h06.35.859,premce_ses-02_part-02_label-phase2,2020.1.2,Win32,60,right,0.53696,2,1.24686,0,63,63,42,1,stimuli/objects/electricguitar01.jpg,left,old,203,,,,,,,,
,,,,,,,,1,2020-10-13_17h06.35.859,premce_ses-02_part-02_label-phase2,2020.1.2,Win32,60,right,0.301825,1,0.30634,0,64,64,77,1,stimuli/objects/cowbell.jpg,right,new,238,,,,,,,,
,,,,,,,,1,2020-10-13_17h06.35.859,premce_ses-02_part-02_label-phase2,2020.1.2,Win32,60,right,0.58635,1,0.67919,0,65,65,14,1,stimuli/objects/hockeystick.jpg,left,old,175,,,,,,,,
,,,,,,,,1,2020-10-13_17h06.35.859,premce_ses-02_part-02_label-phase2,2020.1.2,Win32,60,right,0.79389,1,0.00923,0,66,66,30,1,stimuli/objects/waterfountain02.jpg,right,new,191,,,,,,,,
,,,,,,,,1,2020-10-13_17h06.35.859,premce_ses-02_part-02_label-phase2,2020.1.2,Win32,60,right,0.48269,2,0.31083,0,67,67,80,1,stimuli/objects/parkfountain.jpg,left,old,241,,,,,,,,
,,,,,,,,1,2020-10-13_17h06.35.859,premce_ses-02_part-02_label-phase2,2020.1.2,Win32,60,right,0.4138,1,0.32271,0,68,68,13,1,stimuli/objects/monarchbutterfly.jpg,left,old,174,,,,,,,,
,,,,,,,,1,2020-10-13_17h06.35.859,premce_ses-02_part-02_label-phase2,2020.1.2,Win32,60,right,2.611535,1,0.466245,0,69,69,138,1,stimuli/objects/wallclock.jpg,right,new,299,,,,,,,,
,,,,,,,,1,2020-10-13_17h06.35.859,premce_ses-02_part-02_label-phase2,2020.1.2,Win32,60,right,1.66631,1,0.661825,0,70,70,100,1,stimuli/objects/gps.jpg,right,new,261,,,,,,,,
,,,,,,,,1,2020-10-13_17h06.35.859,premce_ses-02_part-02_label-phase2,2020.1.2,Win32,60,left,1.279355,4,0.669135,0,71,71,33,1,stimuli/objects/doghouse.jpg,left,old,194,,,,,,,,
,,,,,,,,1,2020-10-13_17h06.35.859,premce_ses-02_part-02_label-phase2,2020.1.2,Win32,60,right,1.50641,1,0.46072,0,72,72,70,1,stimuli/objects/fluorescentlightbulb.jpg,right,new,231,,,,,,,,
,,,,,,,,1,2020-10-13_17h06.35.859,premce_ses-02_part-02_label-phase2,2020.1.2,Win32,60,right,1.783765,4,0.276195,0,73,73,101,1,stimuli/objects/stairs.jpg,left,old,262,,,,,,,,
,,,,,,,,1,2020-10-13_17h06.35.859,premce_ses-02_part-02_label-phase2,2020.1.2,Win32,60,right,0.723395,2,0.38685,0,74,74,95,1,stimuli/objects/mouse.jpg,right,new,256,,,,,,,,
,,,,,,,,1,2020-10-13_17h06.35.859,premce_ses-02_part-02_label-phase2,2020.1.2,Win32,60,right,2.387425,3,0.379115,0,75,75,140,1,stimuli/objects/hammerheadshark.jpg,right,new,301,,,,,,,,
,,,,,,,,1,2020-10-13_17h06.35.859,premce_ses-02_part-02_label-phase2,2020.1.2,Win32,60,right,0.83146,3,0.35652,0,76,76,26,1,stimuli/objects/cookingpot.jpg,right,new,187,,,,,,,,
,,,,,,,,1,2020-10-13_17h06.35.859,premce_ses-02_part-02_label-phase2,2020.1.2,Win32,60,left,1.660945,4,0.311655,0,77,77,137,1,stimuli/objects/jackrabbit.jpg,left,old,298,,,,,,,,
,,,,,,,,1,2020-10-13_17h06.35.859,premce_ses-02_part-02_label-phase2,2020.1.2,Win32,60,right,1.388595,3,0.62929,0,78,78,86,1,stimuli/objects/masquerademask01.jpg,right,new,247,,,,,,,,
,,,,,,,,1,2020-10-13_17h06.35.859,premce_ses-02_part-02_label-phase2,2020.1.2,Win32,60,left,1.667685,4,0.43215,0,79,79,44,1,stimuli/objects/canoepaddle02.jpg,left,old,205,,,,,,,,
,,,,,,,,1,2020-10-13_17h06.35.859,premce_ses-02_part-02_label-phase2,2020.1.2,Win32,60,left,1.17362,4,0.377365,0,80,80,50,1,stimuli/objects/honeybee.jpg,left,old,211,,,,,,,,
,,,,,,,,1,2020-10-13_17h06.35.859,premce_ses-02_part-02_label-phase2,2020.1.2,Win32,60,right,2.175855,1,0.565945,0,81,81,117,1,stimuli/objects/cloud.jpg,left,old,278,,,,,,,,
,,,,,,,,1,2020-10-13_17h06.35.859,premce_ses-02_part-02_label-phase2,2020.1.2,Win32,60,right,1.446685,3,0.95797,0,82,82,98,1,stimuli/objects/pig.jpg,right,new,259,,,,,,,,
,,,,,,,,1,2020-10-13_17h06.35.859,premce_ses-02_part-02_label-phase2,2020.1.2,Win32,60,right,1.03533,3,0.09225,0,83,83,111,1,stimuli/objects/trailer.jpg,right,new,272,,,,,,,,
,,,,,,,,1,2020-10-13_17h06.35.859,premce_ses-02_part-02_label-phase2,2020.1.2,Win32,60,right,0.809915,3,0.25593,0,84,84,146,1,stimuli/objects/chainsaw.jpg,left,old,307,,,,,,,,
,,,,,,,,1,2020-10-13_17h06.35.859,premce_ses-02_part-02_label-phase2,2020.1.2,Win32,60,right,0.429695,2,1.05435,0,85,85,79,1,stimuli/objects/beerbottle.jpg,left,old,240,,,,,,,,
,,,,,,,,1,2020-10-13_17h06.35.859,premce_ses-02_part-02_label-phase2,2020.1.2,Win32,60,right,1.52451,1,0.554125,0,86,86,94,1,stimuli/objects/cormorant.jpg,right,new,255,,,,,,,,
,,,,,,,,1,2020-10-13_17h06.35.859,premce_ses-02_part-02_label-phase2,2020.1.2,Win32,60,left,1.53099,2,0.329555,0,87,87,20,1,stimuli/objects/football.jpg,left,old,181,,,,,,,,
,,,,,,,,1,2020-10-13_17h06.35.859,premce_ses-02_part-02_label-phase2,2020.1.2,Win32,60,right,0.837545,3,0.30676,0,88,88,102,1,stimuli/objects/englishcucumber.jpg,right,new,263,,,,,,,,
,,,,,,,,1,2020-10-13_17h06.35.859,premce_ses-02_part-02_label-phase2,2020.1.2,Win32,60,left,1.2623,4,0.33994,0,89,89,158,1,stimuli/objects/bed.jpg,left,old,319,,,,,,,,
,,,,,,,,1,2020-10-13_17h06.35.859,premce_ses-02_part-02_label-phase2,2020.1.2,Win32,60,left,1.910085,2,0.399645,0,90,90,150,1,stimuli/objects/urinal.jpg,left,old,311,,,,,,,,
,,,,,,,,1,2020-10-13_17h06.35.859,premce_ses-02_part-02_label-phase2,2020.1.2,Win32,60,right,0.96514,1,0.8392,0,91,91,113,1,stimuli/objects/dogsled.jpg,left,old,274,,,,,,,,
,,,,,,,,1,2020-10-13_17h06.35.859,premce_ses-02_part-02_label-phase2,2020.1.2,Win32,60,right,1.51903,1,0.629445,0,92,92,133,1,stimuli/objects/kneepad01c.jpg,left,old,294,,,,,,,,
,,,,,,,,1,2020-10-13_17h06.35.859,premce_ses-02_part-02_label-phase2,2020.1.2,Win32,60,right,1.34453,2,0.608835,0,93,93,16,1,stimuli/objects/cymbal.jpg,right,new,177,,,,,,,,
,,,,,,,,1,2020-10-13_17h06.35.859,premce_ses-02_part-02_label-phase2,2020.1.2,Win32,60,left,1.108135,4,0.305305,0,94,94,47,1,stimuli/objects/jellyfish.jpg,left,old,208,,,,,,,,
,,,,,,,,1,2020-10-13_17h06.35.859,premce_ses-02_part-02_label-phase2,2020.1.2,Win32,60,right,0.982345,2,0.27018,0,95,95,81,1,stimuli/objects/painting.jpg,right,new,242,,,,,,,,
,,,,,,,,1,2020-10-13_17h06.35.859,premce_ses-02_part-02_label-phase2,2020.1.2,Win32,60,left,3.046015,1,0.289555,0,96,96,91,1,stimuli/objects/lawnmower.jpg,right,new,252,,,,,,,,
,,,,,,,,1,2020-10-13_17h06.35.859,premce_ses-02_part-02_label-phase2,2020.1.2,Win32,60,right,1.29921,1,0.54317,0,97,97,110,1,stimuli/objects/scalpel.jpg,left,old,271,,,,,,,,
,,,,,,,,1,2020-10-13_17h06.35.859,premce_ses-02_part-02_label-phase2,2020.1.2,Win32,60,left,1.291865,4,0.44934,0,98,98,83,1,stimuli/objects/redonion.jpg,left,old,244,,,,,,,,
,,,,,,,,1,2020-10-13_17h06.35.859,premce_ses-02_part-02_label-phase2,2020.1.2,Win32,60,right,1.200945,2,0.352935,0,99,99,58,1,stimuli/objects/shipinabottle.jpg,right,new,219,,,,,,,,
,,,,,,,,1,2020-10-13_17h06.35.859,premce_ses-02_part-02_label-phase2,2020.1.2,Win32,60,left,1.274355,4,0.319505,0,100,100,57,1,stimuli/objects/pumpkin.jpg,left,old,218,,,,,,,,
,,,,,,,,1,2020-10-13_17h06.35.859,premce_ses-02_part-02_label-phase2,2020.1.2,Win32,60,left,2.07493,2,0.25482,0,101,101,90,1,stimuli/objects/vacuumcleaner01.jpg,right,new,251,,,,,,,,
,,,,,,,,1,2020-10-13_17h06.35.859,premce_ses-02_part-02_label-phase2,2020.1.2,Win32,60,left,0.945845,4,0.34752,0,102,102,62,1,stimuli/objects/sandbarshark.jpg,right,new,223,,,,,,,,
,,,,,,,,1,2020-10-13_17h06.35.859,premce_ses-02_part-02_label-phase2,2020.1.2,Win32,60,right,1.041225,3,0.004995,0,103,103,74,1,stimuli/objects/noparkingsign.jpg,right,new,235,,,,,,,,
,,,,,,,,1,2020-10-13_17h06.35.859,premce_ses-02_part-02_label-phase2,2020.1.2,Win32,60,right,1.18648,2,0.725615,0,104,104,78,1,stimuli/objects/smartboard.jpg,right,new,239,,,,,,,,
,,,,,,,,1,2020-10-13_17h06.35.859,premce_ses-02_part-02_label-phase2,2020.1.2,Win32,60,right,0.82413,2,0.774335,0,105,105,38,1,stimuli/objects/bull.jpg,right,new,199,,,,,,,,
,,,,,,,,1,2020-10-13_17h06.35.859,premce_ses-02_part-02_label-phase2,2020.1.2,Win32,60,right,0.964575,3,0.32656,0,106,106,46,1,stimuli/objects/kite.jpg,right,new,207,,,,,,,,
,,,,,,,,1,2020-10-13_17h06.35.859,premce_ses-02_part-02_label-phase2,2020.1.2,Win32,60,right,1.125365,4,0.308325,0,107,107,157,1,stimuli/objects/lip.jpg,right,new,318,,,,,,,,
,,,,,,,,1,2020-10-13_17h06.35.859,premce_ses-02_part-02_label-phase2,2020.1.2,Win32,60,right,0.996655,3,0.331605,0,108,108,71,1,stimuli/objects/cross01.jpg,right,new,232,,,,,,,,
,,,,,,,,1,2020-10-13_17h06.35.859,premce_ses-02_part-02_label-phase2,2020.1.2,Win32,60,right,0.598935,3,0.14035,0,109,109,149,1,stimuli/objects/hulahoop.jpg,left,old,310,,,,,,,,
,,,,,,,,1,2020-10-13_17h06.35.859,premce_ses-02_part-02_label-phase2,2020.1.2,Win32,60,right,1.280555,2,0.41861,0,110,110,40,1,stimuli/objects/porcupine.jpg,left,old,201,,,,,,,,
,,,,,,,,1,2020-10-13_17h06.35.859,premce_ses-02_part-02_label-phase2,2020.1.2,Win32,60,right,0.61248,2,0.54342,0,111,111,144,1,stimuli/objects/filingcabinet.jpg,right,new,305,,,,,,,,
,,,,,,,,1,2020-10-13_17h06.35.859,premce_ses-02_part-02_label-phase2,2020.1.2,Win32,60,right,1.713535,2,0.00279,0,112,112,5,1,stimuli/objects/morningstar.jpg,right,new,166,,,,,,,,
,,,,,,,,1,2020-10-13_17h06.35.859,premce_ses-02_part-02_label-phase2,2020.1.2,Win32,60,right,0.874525,3,1.92102,0,113,113,136,1,stimuli/objects/platypus.jpg,right,new,297,,,,,,,,
,,,,,,,,1,2020-10-13_17h06.35.859,premce_ses-02_part-02_label-phase2,2020.1.2,Win32,60,right,0.684045,3,0.629275,0,114,114,4,1,stimuli/objects/bowrake.jpg,right,new,165,,,,,,,,
,,,,,,,,1,2020-10-13_17h06.35.859,premce_ses-02_part-02_label-phase2,2020.1.2,Win32,60,right,0.83846,2,0.229885,0,115,115,132,1,stimuli/objects/duck01.jpg,right,new,293,,,,,,,,
,,,,,,,,1,2020-10-13_17h06.35.859,premce_ses-02_part-02_label-phase2,2020.1.2,Win32,60,right,1.00734,1,0.369,0,116,116,34,1,stimuli/objects/sandcastle.jpg,left,old,195,,,,,,,,
,,,,,,,,1,2020-10-13_17h06.35.859,premce_ses-02_part-02_label-phase2,2020.1.2,Win32,60,left,1.261085,3,0.392965,0,117,117,121,1,stimuli/objects/musicsheet.jpg,left,old,282,,,,,,,,
,,,,,,,,1,2020-10-13_17h06.35.859,premce_ses-02_part-02_label-phase2,2020.1.2,Win32,60,right,1.448225,3,0.22004,0,118,118,156,1,stimuli/objects/faxmachine.jpg,right,new,317,,,,,,,,
,,,,,,,,1,2020-10-13_17h06.35.859,premce_ses-02_part-02_label-phase2,2020.1.2,Win32,60,right,1.214915,2,0.40823,0,119,119,139,1,stimuli/objects/floortile02.jpg,right,new,300,,,,,,,,
,,,,,,,,1,2020-10-13_17h06.35.859,premce_ses-02_part-02_label-phase2,2020.1.2,Win32,60,right,1.675425,3,0.12219,0,120,120,59,1,stimuli/objects/saltshaker03a.jpg,right,new,220,,,,,,,,
,,,,,,,,1,2020-10-13_17h06.35.859,premce_ses-02_part-02_label-phase2,2020.1.2,Win32,60,left,1.115095,3,0.008,0,121,121,107,1,stimuli/objects/skipole.jpg,left,old,268,,,,,,,,
,,,,,,,,1,2020-10-13_17h06.35.859,premce_ses-02_part-02_label-phase2,2020.1.2,Win32,60,right,1.262025,2,0.003525,0,122,122,82,1,stimuli/objects/missile.jpg,right,new,243,,,,,,,,
,,,,,,,,1,2020-10-13_17h06.35.859,premce_ses-02_part-02_label-phase2,2020.1.2,Win32,60,right,0.91209,2,0.013865,0,123,123,45,1,stimuli/objects/dolly01.jpg,right,new,206,,,,,,,,
,,,,,,,,1,2020-10-13_17h06.35.859,premce_ses-02_part-02_label-phase2,2020.1.2,Win32,60,right,1.831295,2,0.379365,0,124,124,6,1,stimuli/objects/rollerblade.jpg,right,new,167,,,,,,,,
,,,,,,,,1,2020-10-13_17h06.35.859,premce_ses-02_part-02_label-phase2,2020.1.2,Win32,60,right,1.00171,2,0.322035,0,125,125,61,1,stimuli/objects/graduationcap.jpg,left,old,222,,,,,,,,
,,,,,,,,1,2020-10-13_17h06.35.859,premce_ses-02_part-02_label-phase2,2020.1.2,Win32,60,right,0.74814,2,0.23992,0,126,126,24,1,stimuli/objects/stool01.jpg,left,old,185,,,,,,,,
,,,,,,,,1,2020-10-13_17h06.35.859,premce_ses-02_part-02_label-phase2,2020.1.2,Win32,60,right,2.40512,2,0.839985,0,127,127,106,1,stimuli/objects/nosmokingsign.jpg,right,new,267,,,,,,,,
,,,,,,,,1,2020-10-13_17h06.35.859,premce_ses-02_part-02_label-phase2,2020.1.2,Win32,60,right,1.30331,4,1.10828,0,128,128,93,1,stimuli/objects/moth.jpg,right,new,254,,,,,,,,
,,,,,,,,1,2020-10-13_17h06.35.859,premce_ses-02_part-02_label-phase2,2020.1.2,Win32,60,right,0.8826,4,0.026145,0,129,129,48,1,stimuli/objects/fishskeleton.jpg,right,new,209,,,,,,,,
,,,,,,,,1,2020-10-13_17h06.35.859,premce_ses-02_part-02_label-phase2,2020.1.2,Win32,60,right,0.718115,2,0.42766,0,130,130,18,1,stimuli/objects/discoball.jpg,right,new,179,,,,,,,,
,,,,,,,,1,2020-10-13_17h06.35.859,premce_ses-02_part-02_label-phase2,2020.1.2,Win32,60,right,0.78357,3,0.534305,0,131,131,126,1,stimuli/objects/entrancegate.jpg,left,old,287,,,,,,,,
,,,,,,,,1,2020-10-13_17h06.35.859,premce_ses-02_part-02_label-phase2,2020.1.2,Win32,60,right,0.865895,2,0.456095,0,132,132,19,1,stimuli/objects/chimney.jpg,right,new,180,,,,,,,,
,,,,,,,,1,2020-10-13_17h06.35.859,premce_ses-02_part-02_label-phase2,2020.1.2,Win32,60,right,0.56043,2,0.534925,0,133,133,129,1,stimuli/objects/treestump.jpg,right,new,290,,,,,,,,
,,,,,,,,1,2020-10-13_17h06.35.859,premce_ses-02_part-02_label-phase2,2020.1.2,Win32,60,right,0.3862,3,0.323985,0,134,134,115,1,stimuli/objects/contactlens.jpg,right,new,276,,,,,,,,
,,,,,,,,1,2020-10-13_17h06.35.859,premce_ses-02_part-02_label-phase2,2020.1.2,Win32,60,right,0.6383,1,0.49627,0,135,135,53,1,stimuli/objects/ear.jpg,left,old,214,,,,,,,,
,,,,,,,,1,2020-10-13_17h06.35.859,premce_ses-02_part-02_label-phase2,2020.1.2,Win32,60,right,0.870475,3,0.650615,0,136,136,1,1,stimuli/objects/bridge.jpg,right,new,162,,,,,,,,
,,,,,,,,1,2020-10-13_17h06.35.859,premce_ses-02_part-02_label-phase2,2020.1.2,Win32,60,right,1.957085,2,0.71202,0,137,137,143,1,stimuli/objects/squirrel.jpg,right,new,304,,,,,,,,
,,,,,,,,1,2020-10-13_17h06.35.859,premce_ses-02_part-02_label-phase2,2020.1.2,Win32,60,right,1.104255,2,0.003945,0,138,138,85,1,stimuli/objects/gong.jpg,right,new,246,,,,,,,,
,,,,,,,,1,2020-10-13_17h06.35.859,premce_ses-02_part-02_label-phase2,2020.1.2,Win32,60,right,0.875525,2,0.006915,0,139,139,147,1,stimuli/objects/hotdog.jpg,right,new,308,,,,,,,,
,,,,,,,,1,2020-10-13_17h06.35.859,premce_ses-02_part-02_label-phase2,2020.1.2,Win32,60,right,0.60931,1,1.0751,0,140,140,43,1,stimuli/objects/tricycle.jpg,left,old,204,,,,,,,,
,,,,,,,,1,2020-10-13_17h06.35.859,premce_ses-02_part-02_label-phase2,2020.1.2,Win32,60,right,1.87467,1,0.593375,0,141,141,88,1,stimuli/objects/handbrush02.jpg,left,old,249,,,,,,,,
,,,,,,,,1,2020-10-13_17h06.35.859,premce_ses-02_part-02_label-phase2,2020.1.2,Win32,60,left,1.214475,3,0.463525,0,142,142,27,1,stimuli/objects/star.jpg,left,old,188,,,,,,,,
,,,,,,,,1,2020-10-13_17h06.35.859,premce_ses-02_part-02_label-phase2,2020.1.2,Win32,60,left,1.10642,1,0.471295,0,143,143,152,1,stimuli/objects/waterfall.jpg,right,new,313,,,,,,,,
,,,,,,,,1,2020-10-13_17h06.35.859,premce_ses-02_part-02_label-phase2,2020.1.2,Win32,60,left,0.96914,1,1.53911,0,144,144,141,1,stimuli/objects/parachute.jpg,right,new,302,,,,,,,,
,,,,,,,,1,2020-10-13_17h06.35.859,premce_ses-02_part-02_label-phase2,2020.1.2,Win32,60,right,1.131065,1,0.766495,0,145,145,159,1,stimuli/objects/shovel01.jpg,left,old,320,,,,,,,,
,,,,,,,,1,2020-10-13_17h06.35.859,premce_ses-02_part-02_label-phase2,2020.1.2,Win32,60,right,1.856485,1,0.565645,0,146,146,73,1,stimuli/objects/barrel01.jpg,left,old,234,,,,,,,,
,,,,,,,,1,2020-10-13_17h06.35.859,premce_ses-02_part-02_label-phase2,2020.1.2,Win32,60,right,1.09225,1,0.432275,0,147,147,135,1,stimuli/objects/toiletbrush.jpg,right,new,296,,,,,,,,
,,,,,,,,1,2020-10-13_17h06.35.859,premce_ses-02_part-02_label-phase2,2020.1.2,Win32,60,left,1.446585,3,0.385315,0,148,148,114,1,stimuli/objects/turkey.jpg,left,old,275,,,,,,,,
,,,,,,,,1,2020-10-13_17h06.35.859,premce_ses-02_part-02_label-phase2,2020.1.2,Win32,60,right,2.136265,1,1.00543,0,149,149,87,1,stimuli/objects/gazebo.jpg,left,old,248,,,,,,,,
,,,,,,,,1,2020-10-13_17h06.35.859,premce_ses-02_part-02_label-phase2,2020.1.2,Win32,60,right,1.27469,2,1.042395,0,150,150,2,1,stimuli/objects/shelves.jpg,left,old,163,,,,,,,,
,,,,,,,,1,2020-10-13_17h06.35.859,premce_ses-02_part-02_label-phase2,2020.1.2,Win32,60,left,1.261465,4,0.34337,0,151,151,123,1,stimuli/objects/zebra.jpg,left,old,284,,,,,,,,
,,,,,,,,1,2020-10-13_17h06.35.859,premce_ses-02_part-02_label-phase2,2020.1.2,Win32,60,left,1.072635,1,1.53014,0,152,152,153,1,stimuli/objects/toysoldier01b.jpg,left,old,314,,,,,,,,
,,,,,,,,1,2020-10-13_17h06.35.859,premce_ses-02_part-02_label-phase2,2020.1.2,Win32,60,right,2.31018,2,0.28842,0,153,153,64,1,stimuli/objects/cupcake.jpg,right,new,225,,,,,,,,
,,,,,,,,1,2020-10-13_17h06.35.859,premce_ses-02_part-02_label-phase2,2020.1.2,Win32,60,left,1.634485,2,0.007825,0,154,154,60,1,stimuli/objects/dormer.jpg,left,old,221,,,,,,,,
,,,,,,,,1,2020-10-13_17h06.35.859,premce_ses-02_part-02_label-phase2,2020.1.2,Win32,60,left,1.258835,4,0.38542,0,155,155,155,1,stimuli/objects/popcorn.jpg,left,old,316,,,,,,,,
,,,,,,,,1,2020-10-13_17h06.35.859,premce_ses-02_part-02_label-phase2,2020.1.2,Win32,60,right,6.28251,2,0.653645,0,156,156,148,1,stimuli/objects/shield02.jpg,right,new,309,,,,,,,,
,,,,,,,,1,2020-10-13_17h06.35.859,premce_ses-02_part-02_label-phase2,2020.1.2,Win32,60,right,1.20113,1,0.34801,0,157,157,130,1,stimuli/objects/sausage.jpg,right,new,291,,,,,,,,
,,,,,,,,1,2020-10-13_17h06.35.859,premce_ses-02_part-02_label-phase2,2020.1.2,Win32,60,right,1.04805,2,0.474745,0,158,158,151,1,stimuli/objects/gecko.jpg,left,old,312,,,,,,,,
,,,,,,,,1,2020-10-13_17h06.35.859,premce_ses-02_part-02_label-phase2,2020.1.2,Win32,60,left,1.325935,3,0.296205,0,159,159,104,1,stimuli/objects/mirror02.jpg,left,old,265,,,,,,,,
,,,,,,,,1,2020-10-13_17h06.35.859,premce_ses-02_part-02_label-phase2,2020.1.2,Win32,60,,,,,,,,,,,,,,space,4.027955,0,0,0,1,1,ImagesforRecog2.csv
,,,,,,,,1,2020-10-13_17h06.35.859,premce_ses-02_part-02_label-phase2,2020.1.2,Win32,60,right,1.36431,1,0.524205,0,0,0,124,1,stimuli/objects/birdhouse.jpg,right,new,125,,,,,,,,
,,,,,,,,1,2020-10-13_17h06.35.859,premce_ses-02_part-02_label-phase2,2020.1.2,Win32,60,right,1.333225,2,0.228165,0,1,1,86,1,stimuli/objects/gorilla.jpg,right,new,87,,,,,,,,
,,,,,,,,1,2020-10-13_17h06.35.859,premce_ses-02_part-02_label-phase2,2020.1.2,Win32,60,left,1.800505,2,0.00259,0,2,2,4,1,stimuli/objects/zipper.jpg,right,new,5,,,,,,,,
,,,,,,,,1,2020-10-13_17h06.35.859,premce_ses-02_part-02_label-phase2,2020.1.2,Win32,60,left,0.512215,1,0.37343,0,3,3,131,1,stimuli/objects/funnel.jpg,right,new,132,,,,,,,,
,,,,,,,,1,2020-10-13_17h06.35.859,premce_ses-02_part-02_label-phase2,2020.1.2,Win32,60,right,0.52165,3,0.00927,0,4,4,63,1,stimuli/objects/rose.jpg,right,new,64,,,,,,,,
,,,,,,,,1,2020-10-13_17h06.35.859,premce_ses-02_part-02_label-phase2,2020.1.2,Win32,60,left,4.68689,4,0.007295,0,5,5,130,1,stimuli/objects/toyanimal05.jpg,left,old,131,,,,,,,,
,,,,,,,,1,2020-10-13_17h06.35.859,premce_ses-02_part-02_label-phase2,2020.1.2,Win32,60,right,0.88601,1,0.412235,0,6,6,97,1,stimuli/objects/watercooler.jpg,left,old,98,,,,,,,,
,,,,,,,,1,2020-10-13_17h06.35.859,premce_ses-02_part-02_label-phase2,2020.1.2,Win32,60,right,2.259885,1,0.005755,0,7,7,39,1,stimuli/objects/fridge.jpg,left,old,40,,,,,,,,
,,,,,,,,1,2020-10-13_17h06.35.859,premce_ses-02_part-02_label-phase2,2020.1.2,Win32,60,right,1.07708,1,0.25499,0,8,8,26,1,stimuli/objects/snowglobe.jpg,right,new,27,,,,,,,,
,,,,,,,,1,2020-10-13_17h06.35.859,premce_ses-02_part-02_label-phase2,2020.1.2,Win32,60,right,0.643575,1,0.025625,0,9,9,146,1,stimuli/objects/martiniglass01b.jpg,left,old,147,,,,,,,,
,,,,,,,,1,2020-10-13_17h06.35.859,premce_ses-02_part-02_label-phase2,2020.1.2,Win32,60,right,0.48473,1,0.012595,0,10,10,122,1,stimuli/objects/pickaxe02.jpg,left,old,123,,,,,,,,
,,,,,,,,1,2020-10-13_17h06.35.859,premce_ses-02_part-02_label-phase2,2020.1.2,Win32,60,left,1.200645,4,0.28425,0,11,11,129,1,stimuli/objects/walkietalkie.jpg,left,old,130,,,,,,,,
,,,,,,,,1,2020-10-13_17h06.35.859,premce_ses-02_part-02_label-phase2,2020.1.2,Win32,60,right,0.99044,2,0.947865,0,12,12,95,1,stimuli/objects/spicerack.jpg,left,old,96,,,,,,,,
,,,,,,,,1,2020-10-13_17h06.35.859,premce_ses-02_part-02_label-phase2,2020.1.2,Win32,60,right,1.478415,1,0.12954,0,13,13,38,1,stimuli/objects/coffeemaker.jpg,right,new,39,,,,,,,,
,,,,,,,,1,2020-10-13_17h06.35.859,premce_ses-02_part-02_label-phase2,2020.1.2,Win32,60,right,1.11673,1,0.03047,0,14,14,111,1,stimuli/objects/honeycomb.jpg,right,new,112,,,,,,,,
,,,,,,,,1,2020-10-13_17h06.35.859,premce_ses-02_part-02_label-phase2,2020.1.2,Win32,60,right,1.99359,4,0.376375,0,15,15,109,1,stimuli/objects/bathtub.jpg,right,new,110,,,,,,,,
,,,,,,,,1,2020-10-13_17h06.35.859,premce_ses-02_part-02_label-phase2,2020.1.2,Win32,60,left,0.97012,4,0.316805,0,16,16,79,1,stimuli/objects/jellybean.jpg,left,old,80,,,,,,,,
,,,,,,,,1,2020-10-13_17h06.35.859,premce_ses-02_part-02_label-phase2,2020.1.2,Win32,60,right,1.669755,1,0.015815,0,17,17,2,1,stimuli/objects/accordion01.jpg,right,new,3,,,,,,,,
,,,,,,,,1,2020-10-13_17h06.35.859,premce_ses-02_part-02_label-phase2,2020.1.2,Win32,60,right,0.834685,1,1.01695,0,18,18,106,1,stimuli/objects/brownsugar.jpg,left,old,107,,,,,,,,
,,,,,,,,1,2020-10-13_17h06.35.859,premce_ses-02_part-02_label-phase2,2020.1.2,Win32,60,left,1.255895,3,0.290515,0,19,19,159,1,stimuli/objects/parrot01.jpg,left,old,160,,,,,,,,
,,,,,,,,1,2020-10-13_17h06.35.859,premce_ses-02_part-02_label-phase2,2020.1.2,Win32,60,left,1.276705,2,0.312975,0,20,20,150,1,stimuli/objects/asianelephant.jpg,left,old,151,,,,,,,,
,,,,,,,,1,2020-10-13_17h06.35.859,premce_ses-02_part-02_label-phase2,2020.1.2,Win32,60,right,0.75771,1,0.72995,0,21,21,45,1,stimuli/objects/horseshoe.jpg,right,new,46,,,,,,,,
,,,,,,,,1,2020-10-13_17h06.35.859,premce_ses-02_part-02_label-phase2,2020.1.2,Win32,60,right,0.860035,1,0.376665,0,22,22,145,1,stimuli/objects/ironingboard01.jpg,right,new,146,,,,,,,,
,,,,,,,,1,2020-10-13_17h06.35.859,premce_ses-02_part-02_label-phase2,2020.1.2,Win32,60,right,2.62191,1,0.34265,0,23,23,22,1,stimuli/objects/toasteroven.jpg,right,new,23,,,,,,,,
,,,,,,,,1,2020-10-13_17h06.35.859,premce_ses-02_part-02_label-phase2,2020.1.2,Win32,60,left,1.04351,2,0.273925,0,24,24,154,1,stimuli/objects/dartboard.jpg,left,old,155,,,,,,,,
,,,,,,,,1,2020-10-13_17h06.35.859,premce_ses-02_part-02_label-phase2,2020.1.2,Win32,60,left,1.645945,4,0.25259,0,25,25,37,1,stimuli/objects/donut.jpg,left,old,38,,,,,,,,
,,,,,,,,1,2020-10-13_17h06.35.859,premce_ses-02_part-02_label-phase2,2020.1.2,Win32,60,right,1.090195,2,0.00722,0,26,26,32,1,stimuli/objects/paperairplane.jpg,right,new,33,,,,,,,,
,,,,,,,,1,2020-10-13_17h06.35.859,premce_ses-02_part-02_label-phase2,2020.1.2,Win32,60,left,0.95876,4,0.331635,0,27,27,27,1,stimuli/objects/fingerprint.jpg,left,old,28,,,,,,,,
,,,,,,,,1,2020-10-13_17h06.35.859,premce_ses-02_part-02_label-phase2,2020.1.2,Win32,60,right,1.232645,1,0.89914,0,28,28,158,1,stimuli/objects/vulture.jpg,right,new,159,,,,,,,,
,,,,,,,,1,2020-10-13_17h06.35.859,premce_ses-02_part-02_label-phase2,2020.1.2,Win32,60,right,1.280795,1,0.388655,0,29,29,142,1,stimuli/objects/cow.jpg,right,new,143,,,,,,,,
,,,,,,,,1,2020-10-13_17h06.35.859,premce_ses-02_part-02_label-phase2,2020.1.2,Win32,60,right,2.304215,1,0.038325,0,30,30,98,1,stimuli/objects/well.jpg,left,old,99,,,,,,,,
,,,,,,,,1,2020-10-13_17h06.35.859,premce_ses-02_part-02_label-phase2,2020.1.2,Win32,60,right,1.46155,1,0.52921,0,31,31,103,1,stimuli/objects/skiboot01a.jpg,right,new,104,,,,,,,,
,,,,,,,,1,2020-10-13_17h06.35.859,premce_ses-02_part-02_label-phase2,2020.1.2,Win32,60,left,0.92472,4,0.37992,0,32,32,107,1,stimuli/objects/candycane01a.jpg,left,old,108,,,,,,,,
,,,,,,,,1,2020-10-13_17h06.35.859,premce_ses-02_part-02_label-phase2,2020.1.2,Win32,60,right,2.02343,1,0.25927,0,33,33,151,1,stimuli/objects/bolt01a.jpg,right,new,152,,,,,,,,
,,,,,,,,1,2020-10-13_17h06.35.859,premce_ses-02_part-02_label-phase2,2020.1.2,Win32,60,left,0.76467,1,0.041005,0,34,34,67,1,stimuli/objects/steeringwheel.jpg,right,new,68,,,,,,,,
,,,,,,,,1,2020-10-13_17h06.35.859,premce_ses-02_part-02_label-phase2,2020.1.2,Win32,60,right,1.216225,1,0.00659,0,35,35,62,1,stimuli/objects/icecube02.jpg,left,old,63,,,,,,,,
,,,,,,,,1,2020-10-13_17h06.35.859,premce_ses-02_part-02_label-phase2,2020.1.2,Win32,60,right,0.96485,4,0.529335,0,36,36,140,1,stimuli/objects/pooltable.jpg,right,new,141,,,,,,,,
,,,,,,,,1,2020-10-13_17h06.35.859,premce_ses-02_part-02_label-phase2,2020.1.2,Win32,60,left,1.327235,2,0.29493,0,37,37,69,1,stimuli/objects/lightswitch01.jpg,left,old,70,,,,,,,,
,,,,,,,,1,2020-10-13_17h06.35.859,premce_ses-02_part-02_label-phase2,2020.1.2,Win32,60,right,0.960715,1,0.006635,0,38,38,13,1,stimuli/objects/lighthouse.jpg,right,new,14,,,,,,,,
,,,,,,,,1,2020-10-13_17h06.35.859,premce_ses-02_part-02_label-phase2,2020.1.2,Win32,60,right,0.74244,1,0.0067,0,39,39,82,1,stimuli/objects/giraffe.jpg,left,old,83,,,,,,,,
,,,,,,,,1,2020-10-13_17h06.35.859,premce_ses-02_part-02_label-phase2,2020.1.2,Win32,60,right,0.72113,1,0.012085,0,40,40,47,1,stimuli/objects/ant.jpg,right,new,48,,,,,,,,
,,,,,,,,1,2020-10-13_17h06.35.859,premce_ses-02_part-02_label-phase2,2020.1.2,Win32,60,right,3.183365,1,1.61048,0,41,41,138,1,stimuli/objects/raccoon.jpg,right,new,139,,,,,,,,
,,,,,,,,1,2020-10-13_17h06.35.859,premce_ses-02_part-02_label-phase2,2020.1.2,Win32,60,right,1.62586,1,0.17005,0,42,42,73,1,stimuli/objects/ladybug03.jpg,right,new,74,,,,,,,,
,,,,,,,,1,2020-10-13_17h06.35.859,premce_ses-02_part-02_label-phase2,2020.1.2,Win32,60,right,0.47486,1,0.005645,0,43,43,85,1,stimuli/objects/frisbee.jpg,left,old,86,,,,,,,,
,,,,,,,,1,2020-10-13_17h06.35.859,premce_ses-02_part-02_label-phase2,2020.1.2,Win32,60,right,0.559595,1,0.128915,0,44,44,100,1,stimuli/objects/baseballbat.jpg,left,old,101,,,,,,,,
,,,,,,,,1,2020-10-13_17h06.35.859,premce_ses-02_part-02_label-phase2,2020.1.2,Win32,60,right,0.37615,1,0.284985,0,45,45,20,1,stimuli/objects/escalator.jpg,left,old,21,,,,,,,,
,,,,,,,,1,2020-10-13_17h06.35.859,premce_ses-02_part-02_label-phase2,2020.1.2,Win32,60,right,0.574575,1,0.241055,0,46,46,126,1,stimuli/objects/toynutcracker.jpg,right,new,127,,,,,,,,
,,,,,,,,1,2020-10-13_17h06.35.859,premce_ses-02_part-02_label-phase2,2020.1.2,Win32,60,right,0.49435,1,1.140145,0,47,47,83,1,stimuli/objects/crab01.jpg,left,old,84,,,,,,,,
,,,,,,,,1,2020-10-13_17h06.35.859,premce_ses-02_part-02_label-phase2,2020.1.2,Win32,60,right,0.776265,1,0.62796,0,48,48,115,1,stimuli/objects/bleachers.jpg,left,old,116,,,,,,,,
,,,,,,,,1,2020-10-13_17h06.35.859,premce_ses-02_part-02_label-phase2,2020.1.2,Win32,60,left,1.05655,1,1.173085,0,49,49,46,1,stimuli/objects/coffeemachine.jpg,right,new,47,,,,,,,,
,,,,,,,,1,2020-10-13_17h06.35.859,premce_ses-02_part-02_label-phase2,2020.1.2,Win32,60,right,1.235435,1,0.43114,0,50,50,0,1,stimuli/objects/fishingrod.jpg,right,new,1,,,,,,,,
,,,,,,,,1,2020-10-13_17h06.35.859,premce_ses-02_part-02_label-phase2,2020.1.2,Win32,60,right,1.14056,1,0.38265,0,51,51,105,1,stimuli/objects/penguin.jpg,right,new,106,,,,,,,,
,,,,,,,,1,2020-10-13_17h06.35.859,premce_ses-02_part-02_label-phase2,2020.1.2,Win32,60,right,1.087305,1,0.615915,0,52,52,137,1,stimuli/objects/handheldtelescope.jpg,right,new,138,,,,,,,,
,,,,,,,,1,2020-10-13_17h06.35.859,premce_ses-02_part-02_label-phase2,2020.1.2,Win32,60,right,0.694905,1,0.003995,0,53,53,92,1,stimuli/objects/athleticsock.jpg,left,old,93,,,,,,,,
,,,,,,,,1,2020-10-13_17h06.35.859,premce_ses-02_part-02_label-phase2,2020.1.2,Win32,60,right,0.774775,1,0.34917,0,54,54,50,1,stimuli/objects/windshieldwiper02.jpg,right,new,51,,,,,,,,
,,,,,,,,1,2020-10-13_17h06.35.859,premce_ses-02_part-02_label-phase2,2020.1.2,Win32,60,right,0.42464,1,0.331495,0,55,55,64,1,stimuli/objects/baseballglove.jpg,right,new,65,,,,,,,,
,,,,,,,,1,2020-10-13_17h06.35.859,premce_ses-02_part-02_label-phase2,2020.1.2,Win32,60,right,0.764165,1,0.005505,0,56,56,81,1,stimuli/objects/artichoke01b.jpg,right,new,82,,,,,,,,
,,,,,,,,1,2020-10-13_17h06.35.859,premce_ses-02_part-02_label-phase2,2020.1.2,Win32,60,right,0.73365,1,0.3241,0,57,57,60,1,stimuli/objects/worldmap.jpg,left,old,61,,,,,,,,
,,,,,,,,1,2020-10-13_17h06.35.859,premce_ses-02_part-02_label-phase2,2020.1.2,Win32,60,right,0.423505,1,0.28481,0,58,58,118,1,stimuli/objects/cruiseship.jpg,left,old,119,,,,,,,,
,,,,,,,,1,2020-10-13_17h06.35.859,premce_ses-02_part-02_label-phase2,2020.1.2,Win32,60,right,0.60805,1,0.33086,0,59,59,36,1,stimuli/objects/cutlass.jpg,left,old,37,,,,,,,,
,,,,,,,,1,2020-10-13_17h06.35.859,premce_ses-02_part-02_label-phase2,2020.1.2,Win32,60,right,0.730815,1,0.316235,0,60,60,15,1,stimuli/objects/lantern03.jpg,right,new,16,,,,,,,,
,,,,,,,,1,2020-10-13_17h06.35.859,premce_ses-02_part-02_label-phase2,2020.1.2,Win32,60,left,1.126045,2,0.53807,0,61,61,116,1,stimuli/objects/gavel.jpg,left,old,117,,,,,,,,
,,,,,,,,1,2020-10-13_17h06.35.859,premce_ses-02_part-02_label-phase2,2020.1.2,Win32,60,right,0.77084,1,0.37272,0,62,62,128,1,stimuli/objects/toilet.jpg,right,new,129,,,,,,,,
,,,,,,,,1,2020-10-13_17h06.35.859,premce_ses-02_part-02_label-phase2,2020.1.2,Win32,60,right,0.99403,1,0.336715,0,63,63,149,1,stimuli/objects/electrictoothbrush01c.jpg,right,new,150,,,,,,,,
,,,,,,,,1,2020-10-13_17h06.35.859,premce_ses-02_part-02_label-phase2,2020.1.2,Win32,60,left,0.878275,4,0.25891,0,64,64,61,1,stimuli/objects/birdnest.jpg,left,old,62,,,,,,,,
,,,,,,,,1,2020-10-13_17h06.35.859,premce_ses-02_part-02_label-phase2,2020.1.2,Win32,60,right,1.478765,1,0.365295,0,65,65,93,1,stimuli/objects/pirateflag.jpg,right,new,94,,,,,,,,
,,,,,,,,1,2020-10-13_17h06.35.859,premce_ses-02_part-02_label-phase2,2020.1.2,Win32,60,right,1.002415,3,0.292795,0,66,66,41,1,stimuli/objects/spiderweb.jpg,right,new,42,,,,,,,,
,,,,,,,,1,2020-10-13_17h06.35.859,premce_ses-02_part-02_label-phase2,2020.1.2,Win32,60,right,1.612745,2,0.470015,0,67,67,77,1,stimuli/objects/aquarium.jpg,right,new,78,,,,,,,,
,,,,,,,,1,2020-10-13_17h06.35.859,premce_ses-02_part-02_label-phase2,2020.1.2,Win32,60,right,1.067975,2,0.190815,0,68,68,143,1,stimuli/objects/turnstile.jpg,left,old,144,,,,,,,,
,,,,,,,,1,2020-10-13_17h06.35.859,premce_ses-02_part-02_label-phase2,2020.1.2,Win32,60,right,0.87059,2,0.24907,0,69,69,30,1,stimuli/objects/siamesecat.jpg,right,new,31,,,,,,,,
,,,,,,,,1,2020-10-13_17h06.35.859,premce_ses-02_part-02_label-phase2,2020.1.2,Win32,60,right,0.364925,2,0.01728,0,70,70,59,1,stimuli/objects/forklift.jpg,left,old,60,,,,,,,,
,,,,,,,,1,2020-10-13_17h06.35.859,premce_ses-02_part-02_label-phase2,2020.1.2,Win32,60,right,0.618695,1,0.00602,0,71,71,70,1,stimuli/objects/apron.jpg,left,old,71,,,,,,,,
,,,,,,,,1,2020-10-13_17h06.35.859,premce_ses-02_part-02_label-phase2,2020.1.2,Win32,60,right,1.3235,1,0.321475,0,72,72,53,1,stimuli/objects/rooster.jpg,right,new,54,,,,,,,,
,,,,,,,,1,2020-10-13_17h06.35.859,premce_ses-02_part-02_label-phase2,2020.1.2,Win32,60,right,0.823315,1,0.27105,0,73,73,133,1,stimuli/objects/skateboard.jpg,left,old,134,,,,,,,,
,,,,,,,,1,2020-10-13_17h06.35.859,premce_ses-02_part-02_label-phase2,2020.1.2,Win32,60,left,1.17661,4,0.340045,0,74,74,114,1,stimuli/objects/tie02.jpg,left,old,115,,,,,,,,
,,,,,,,,1,2020-10-13_17h06.35.859,premce_ses-02_part-02_label-phase2,2020.1.2,Win32,60,right,0.87247,1,0.336995,0,75,75,117,1,stimuli/objects/lollipop04.jpg,right,new,118,,,,,,,,
,,,,,,,,1,2020-10-13_17h06.35.859,premce_ses-02_part-02_label-phase2,2020.1.2,Win32,60,right,0.85829,1,0.30922,0,76,76,134,1,stimuli/objects/rubikcube.jpg,right,new,135,,,,,,,,
,,,,,,,,1,2020-10-13_17h06.35.859,premce_ses-02_part-02_label-phase2,2020.1.2,Win32,60,right,0.875005,1,0.33842,0,77,77,25,1,stimuli/objects/kiwi03.jpg,left,old,26,,,,,,,,
,,,,,,,,1,2020-10-13_17h06.35.859,premce_ses-02_part-02_label-phase2,2020.1.2,Win32,60,right,0.549335,1,0.31264,0,78,78,101,1,stimuli/objects/wheelchair.jpg,left,old,102,,,,,,,,
,,,,,,,,1,2020-10-13_17h06.35.859,premce_ses-02_part-02_label-phase2,2020.1.2,Win32,60,right,0.61358,1,0.307315,0,79,79,51,1,stimuli/objects/cork02.jpg,right,new,52,,,,,,,,
,,,,,,,,1,2020-10-13_17h06.35.859,premce_ses-02_part-02_label-phase2,2020.1.2,Win32,60,right,0.819205,3,0.085775,0,80,80,6,1,stimuli/objects/trojanhorse.jpg,right,new,7,,,,,,,,
,,,,,,,,1,2020-10-13_17h06.35.859,premce_ses-02_part-02_label-phase2,2020.1.2,Win32,60,right,0.40434,2,0.23953,0,81,81,91,1,stimuli/objects/airhockeytable.jpg,right,new,92,,,,,,,,
,,,,,,,,1,2020-10-13_17h06.35.859,premce_ses-02_part-02_label-phase2,2020.1.2,Win32,60,right,1.13423,2,0.262825,0,82,82,44,1,stimuli/objects/calendar.jpg,right,new,45,,,,,,,,
,,,,,,,,1,2020-10-13_17h06.35.859,premce_ses-02_part-02_label-phase2,2020.1.2,Win32,60,right,0.307645,2,0.364215,0,83,83,99,1,stimuli/objects/cactus.jpg,left,old,100,,,,,,,,
,,,,,,,,1,2020-10-13_17h06.35.859,premce_ses-02_part-02_label-phase2,2020.1.2,Win32,60,right,1.071825,2,0.41325,0,84,84,7,1,stimuli/objects/whiteout.jpg,right,new,8,,,,,,,,
,,,,,,,,1,2020-10-13_17h06.35.859,premce_ses-02_part-02_label-phase2,2020.1.2,Win32,60,right,0.742805,1,0.399415,0,85,85,144,1,stimuli/objects/eyepatch.jpg,left,old,145,,,,,,,,
,,,,,,,,1,2020-10-13_17h06.35.859,premce_ses-02_part-02_label-phase2,2020.1.2,Win32,60,right,1.10572,1,0.317055,0,86,86,80,1,stimuli/objects/church.jpg,left,old,81,,,,,,,,
,,,,,,,,1,2020-10-13_17h06.35.859,premce_ses-02_part-02_label-phase2,2020.1.2,Win32,60,right,0.993225,1,0.273865,0,87,87,153,1,stimuli/objects/harmonica.jpg,right,new,154,,,,,,,,
,,,,,,,,1,2020-10-13_17h06.35.859,premce_ses-02_part-02_label-phase2,2020.1.2,Win32,60,right,0.52237,1,0.353235,0,88,88,87,1,stimuli/objects/parkingmeter.jpg,left,old,88,,,,,,,,
,,,,,,,,1,2020-10-13_17h06.35.859,premce_ses-02_part-02_label-phase2,2020.1.2,Win32,60,right,0.65775,1,0.308955,0,89,89,125,1,stimuli/objects/horse.jpg,left,old,126,,,,,,,,
,,,,,,,,1,2020-10-13_17h06.35.859,premce_ses-02_part-02_label-phase2,2020.1.2,Win32,60,right,0.57987,1,0.30922,0,90,90,1,1,stimuli/objects/key07.jpg,right,new,2,,,,,,,,
,,,,,,,,1,2020-10-13_17h06.35.859,premce_ses-02_part-02_label-phase2,2020.1.2,Win32,60,right,0.65448,1,0.39546,0,91,91,40,1,stimuli/objects/bread.jpg,left,old,41,,,,,,,,
,,,,,,,,1,2020-10-13_17h06.35.859,premce_ses-02_part-02_label-phase2,2020.1.2,Win32,60,right,0.53052,1,0.3123,0,92,92,8,1,stimuli/objects/treadmill.jpg,left,old,9,,,,,,,,
,,,,,,,,1,2020-10-13_17h06.35.859,premce_ses-02_part-02_label-phase2,2020.1.2,Win32,60,right,0.730035,1,0.00498,0,93,93,102,1,stimuli/objects/sheriffhat.jpg,left,old,103,,,,,,,,
,,,,,,,,1,2020-10-13_17h06.35.859,premce_ses-02_part-02_label-phase2,2020.1.2,Win32,60,right,1.04193,1,0.399115,0,94,94,5,1,stimuli/objects/winniethepooh.jpg,left,old,6,,,,,,,,
,,,,,,,,1,2020-10-13_17h06.35.859,premce_ses-02_part-02_label-phase2,2020.1.2,Win32,60,right,0.58595,1,0.00664,0,95,95,110,1,stimuli/objects/leafblower01.jpg,left,old,111,,,,,,,,
,,,,,,,,1,2020-10-13_17h06.35.859,premce_ses-02_part-02_label-phase2,2020.1.2,Win32,60,right,0.927525,1,0.08185,0,96,96,19,1,stimuli/objects/peacock.jpg,right,new,20,,,,,,,,
,,,,,,,,1,2020-10-13_17h06.35.859,premce_ses-02_part-02_label-phase2,2020.1.2,Win32,60,right,0.498365,1,0.18833,0,97,97,96,1,stimuli/objects/pin.jpg,right,new,97,,,,,,,,
,,,,,,,,1,2020-10-13_17h06.35.859,premce_ses-02_part-02_label-phase2,2020.1.2,Win32,60,right,0.587845,1,0.005085,0,98,98,23,1,stimuli/objects/bat.jpg,right,new,24,,,,,,,,
,,,,,,,,1,2020-10-13_17h06.35.859,premce_ses-02_part-02_label-phase2,2020.1.2,Win32,60,left,0.82763,4,0.312625,0,99,99,132,1,stimuli/objects/trafficlight.jpg,left,old,133,,,,,,,,
,,,,,,,,1,2020-10-13_17h06.35.859,premce_ses-02_part-02_label-phase2,2020.1.2,Win32,60,right,0.699165,1,0.265975,0,100,100,14,1,stimuli/objects/riverotter.jpg,right,new,15,,,,,,,,
,,,,,,,,1,2020-10-13_17h06.35.859,premce_ses-02_part-02_label-phase2,2020.1.2,Win32,60,left,1.24947,4,0.366135,0,101,101,78,1,stimuli/objects/exitsign.jpg,left,old,79,,,,,,,,
,,,,,,,,1,2020-10-13_17h06.35.859,premce_ses-02_part-02_label-phase2,2020.1.2,Win32,60,right,0.803795,2,0.00278,0,102,102,112,1,stimuli/objects/webcam.jpg,right,new,113,,,,,,,,
,,,,,,,,1,2020-10-13_17h06.35.859,premce_ses-02_part-02_label-phase2,2020.1.2,Win32,60,right,0.601705,2,0.26323,0,103,103,104,1,stimuli/objects/sledgehammer.jpg,right,new,105,,,,,,,,
,,,,,,,,1,2020-10-13_17h06.35.859,premce_ses-02_part-02_label-phase2,2020.1.2,Win32,60,right,0.842375,2,0.22852,0,104,104,31,1,stimuli/objects/faucet.jpg,right,new,32,,,,,,,,
,,,,,,,,1,2020-10-13_17h06.35.859,premce_ses-02_part-02_label-phase2,2020.1.2,Win32,60,right,0.469765,1,0.77595,0,105,105,135,1,stimuli/objects/dalmatian.jpg,left,old,136,,,,,,,,
,,,,,,,,1,2020-10-13_17h06.35.859,premce_ses-02_part-02_label-phase2,2020.1.2,Win32,60,right,0.69724,1,0.27217,0,106,106,10,1,stimuli/objects/americanwhitepelican.jpg,left,old,11,,,,,,,,
,,,,,,,,1,2020-10-13_17h06.35.859,premce_ses-02_part-02_label-phase2,2020.1.2,Win32,60,right,0.690195,1,0.00693,0,107,107,48,1,stimuli/objects/taxisign.jpg,left,old,49,,,,,,,,
,,,,,,,,1,2020-10-13_17h06.35.859,premce_ses-02_part-02_label-phase2,2020.1.2,Win32,60,right,0.577435,1,0.342095,0,108,108,52,1,stimuli/objects/tree.jpg,right,new,53,,,,,,,,
,,,,,,,,1,2020-10-13_17h06.35.859,premce_ses-02_part-02_label-phase2,2020.1.2,Win32,60,right,0.74732,1,0.349495,0,109,109,90,1,stimuli/objects/ducttape.jpg,right,new,91,,,,,,,,
,,,,,,,,1,2020-10-13_17h06.35.859,premce_ses-02_part-02_label-phase2,2020.1.2,Win32,60,right,0.68344,3,0.297575,0,110,110,74,1,stimuli/objects/road02.jpg,right,new,75,,,,,,,,
,,,,,,,,1,2020-10-13_17h06.35.859,premce_ses-02_part-02_label-phase2,2020.1.2,Win32,60,right,0.623175,3,0.00477,0,111,111,11,1,stimuli/objects/footballhelmet.jpg,left,old,12,,,,,,,,
,,,,,,,,1,2020-10-13_17h06.35.859,premce_ses-02_part-02_label-phase2,2020.1.2,Win32,60,right,1.186045,3,0.02171,0,112,112,55,1,stimuli/objects/cremebrulee.jpg,right,new,56,,,,,,,,
,,,,,,,,1,2020-10-13_17h06.35.859,premce_ses-02_part-02_label-phase2,2020.1.2,Win32,60,right,1.248505,2,0.0064,0,113,113,139,1,stimuli/objects/callbell.jpg,right,new,140,,,,,,,,
,,,,,,,,1,2020-10-13_17h06.35.859,premce_ses-02_part-02_label-phase2,2020.1.2,Win32,60,right,0.585325,3,0.364705,0,114,114,121,1,stimuli/objects/triangle.jpg,left,old,122,,,,,,,,
,,,,,,,,1,2020-10-13_17h06.35.859,premce_ses-02_part-02_label-phase2,2020.1.2,Win32,60,left,1.03104,3,0.304125,0,115,115,72,1,stimuli/objects/crown.jpg,left,old,73,,,,,,,,
,,,,,,,,1,2020-10-13_17h06.35.859,premce_ses-02_part-02_label-phase2,2020.1.2,Win32,60,left,0.922765,3,0.19416,0,116,116,147,1,stimuli/objects/panda.jpg,left,old,148,,,,,,,,
,,,,,,,,1,2020-10-13_17h06.35.859,premce_ses-02_part-02_label-phase2,2020.1.2,Win32,60,left,1.13639,3,0.441935,0,117,117,119,1,stimuli/objects/polarbear.jpg,left,old,120,,,,,,,,
,,,,,,,,1,2020-10-13_17h06.35.859,premce_ses-02_part-02_label-phase2,2020.1.2,Win32,60,right,0.775765,3,0.51543,0,118,118,33,1,stimuli/objects/helicopter.jpg,right,new,34,,,,,,,,
,,,,,,,,1,2020-10-13_17h06.35.859,premce_ses-02_part-02_label-phase2,2020.1.2,Win32,60,right,1.163895,2,0.02702,0,119,119,155,1,stimuli/objects/trombone.jpg,right,new,156,,,,,,,,
,,,,,,,,1,2020-10-13_17h06.35.859,premce_ses-02_part-02_label-phase2,2020.1.2,Win32,60,left,0.887555,4,0.003095,0,120,120,136,1,stimuli/objects/dreamcatcher.jpg,left,old,137,,,,,,,,
,,,,,,,,1,2020-10-13_17h06.35.859,premce_ses-02_part-02_label-phase2,2020.1.2,Win32,60,right,3.635425,4,0.50344,0,121,121,21,1,stimuli/objects/hockeypuck.jpg,left,old,22,,,,,,,,
,,,,,,,,1,2020-10-13_17h06.35.859,premce_ses-02_part-02_label-phase2,2020.1.2,Win32,60,left,2.272955,1,0.3679,0,122,122,35,1,stimuli/objects/flag.jpg,left,old,36,,,,,,,,
,,,,,,,,1,2020-10-13_17h06.35.859,premce_ses-02_part-02_label-phase2,2020.1.2,Win32,60,right,2.303145,1,0.869545,0,123,123,66,1,stimuli/objects/desktopcomputer.jpg,left,old,67,,,,,,,,
,,,,,,,,1,2020-10-13_17h06.35.859,premce_ses-02_part-02_label-phase2,2020.1.2,Win32,60,right,1.112835,1,0.470315,0,124,124,120,1,stimuli/objects/mortarandpestle.jpg,left,old,121,,,,,,,,
,,,,,,,,1,2020-10-13_17h06.35.859,premce_ses-02_part-02_label-phase2,2020.1.2,Win32,60,right,0.93205,1,0.006425,0,125,125,123,1,stimuli/objects/scooter.jpg,right,new,124,,,,,,,,
,,,,,,,,1,2020-10-13_17h06.35.859,premce_ses-02_part-02_label-phase2,2020.1.2,Win32,60,left,2.39758,4,0.318955,0,126,126,57,1,stimuli/objects/weddingcake.jpg,left,old,58,,,,,,,,
,,,,,,,,1,2020-10-13_17h06.35.859,premce_ses-02_part-02_label-phase2,2020.1.2,Win32,60,right,0.823315,1,0.008385,0,127,127,84,1,stimuli/objects/diploma02.jpg,left,old,85,,,,,,,,
,,,,,,,,1,2020-10-13_17h06.35.859,premce_ses-02_part-02_label-phase2,2020.1.2,Win32,60,left,0.945705,4,0.012075,0,128,128,28,1,stimuli/objects/seaturtle.jpg,left,old,29,,,,,,,,
,,,,,,,,1,2020-10-13_17h06.35.859,premce_ses-02_part-02_label-phase2,2020.1.2,Win32,60,left,1.437055,3,0.003535,0,129,129,54,1,stimuli/objects/floorlamp.jpg,right,new,55,,,,,,,,
,,,,,,,,1,2020-10-13_17h06.35.859,premce_ses-02_part-02_label-phase2,2020.1.2,Win32,60,right,0.903295,2,0.348905,0,130,130,34,1,stimuli/objects/ceilingfan01.jpg,right,new,35,,,,,,,,
,,,,,,,,1,2020-10-13_17h06.35.859,premce_ses-02_part-02_label-phase2,2020.1.2,Win32,60,left,1.073015,3,0.33724,0,131,131,157,1,stimuli/objects/volleyball.jpg,left,old,158,,,,,,,,
,,,,,,,,1,2020-10-13_17h06.35.859,premce_ses-02_part-02_label-phase2,2020.1.2,Win32,60,left,1.38701,2,0.298265,0,132,132,88,1,stimuli/objects/bison.jpg,left,old,89,,,,,,,,
,,,,,,,,1,2020-10-13_17h06.35.859,premce_ses-02_part-02_label-phase2,2020.1.2,Win32,60,left,1.27719,3,0.33937,0,133,133,152,1,stimuli/objects/xylophone.jpg,left,old,153,,,,,,,,
,,,,,,,,1,2020-10-13_17h06.35.859,premce_ses-02_part-02_label-phase2,2020.1.2,Win32,60,right,1.09918,2,0.30032,0,134,134,141,1,stimuli/objects/lintroller.jpg,left,old,142,,,,,,,,
,,,,,,,,1,2020-10-13_17h06.35.859,premce_ses-02_part-02_label-phase2,2020.1.2,Win32,60,right,0.86038,2,0.33016,0,135,135,108,1,stimuli/objects/brassknuckle.jpg,left,old,109,,,,,,,,
,,,,,,,,1,2020-10-13_17h06.35.859,premce_ses-02_part-02_label-phase2,2020.1.2,Win32,60,right,0.66954,2,0.27077,0,136,136,49,1,stimuli/objects/microphone01.jpg,right,new,50,,,,,,,,
,,,,,,,,1,2020-10-13_17h06.35.859,premce_ses-02_part-02_label-phase2,2020.1.2,Win32,60,right,0.849505,2,0.294235,0,137,137,68,1,stimuli/objects/ipad02.jpg,right,new,69,,,,,,,,
,,,,,,,,1,2020-10-13_17h06.35.859,premce_ses-02_part-02_label-phase2,2020.1.2,Win32,60,right,1.073585,3,0.846585,0,138,138,17,1,stimuli/objects/car.jpg,right,new,18,,,,,,,,
,,,,,,,,1,2020-10-13_17h06.35.859,premce_ses-02_part-02_label-phase2,2020.1.2,Win32,60,right,0.81015,2,0.37024,0,139,139,156,1,stimuli/objects/battleaxe.jpg,right,new,157,,,,,,,,
,,,,,,,,1,2020-10-13_17h06.35.859,premce_ses-02_part-02_label-phase2,2020.1.2,Win32,60,right,0.68942,2,0.22113,0,140,140,94,1,stimuli/objects/statue.jpg,right,new,95,,,,,,,,
,,,,,,,,1,2020-10-13_17h06.35.859,premce_ses-02_part-02_label-phase2,2020.1.2,Win32,60,right,0.778505,2,0.562225,0,141,141,56,1,stimuli/objects/cannon.jpg,left,old,57,,,,,,,,
,,,,,,,,1,2020-10-13_17h06.35.859,premce_ses-02_part-02_label-phase2,2020.1.2,Win32,60,right,0.53709,2,0.00239,0,142,142,58,1,stimuli/objects/file.jpg,right,new,59,,,,,,,,
,,,,,,,,1,2020-10-13_17h06.35.859,premce_ses-02_part-02_label-phase2,2020.1.2,Win32,60,right,0.61472,2,0.25998,0,143,143,3,1,stimuli/objects/sealion.jpg,left,old,4,,,,,,,,
,,,,,,,,1,2020-10-13_17h06.35.859,premce_ses-02_part-02_label-phase2,2020.1.2,Win32,60,right,1.06484,2,0.269125,0,144,144,148,1,stimuli/objects/skihelmet01.jpg,left,old,149,,,,,,,,
,,,,,,,,1,2020-10-13_17h06.35.859,premce_ses-02_part-02_label-phase2,2020.1.2,Win32,60,right,0.95657,1,0.675635,0,145,145,24,1,stimuli/objects/christmaslights.jpg,left,old,25,,,,,,,,
,,,,,,,,1,2020-10-13_17h06.35.859,premce_ses-02_part-02_label-phase2,2020.1.2,Win32,60,right,0.59285,2,0.0184,0,146,146,127,1,stimuli/objects/macaroni01.jpg,right,new,128,,,,,,,,
,,,,,,,,1,2020-10-13_17h06.35.859,premce_ses-02_part-02_label-phase2,2020.1.2,Win32,60,right,0.69403,2,0.37117,0,147,147,12,1,stimuli/objects/pingpongtable.jpg,right,new,13,,,,,,,,
,,,,,,,,1,2020-10-13_17h06.35.859,premce_ses-02_part-02_label-phase2,2020.1.2,Win32,60,right,2.418325,3,0.24369,0,148,148,75,1,stimuli/objects/castle.jpg,right,new,76,,,,,,,,
,,,,,,,,1,2020-10-13_17h06.35.859,premce_ses-02_part-02_label-phase2,2020.1.2,Win32,60,right,0.509975,2,0.019485,0,149,149,89,1,stimuli/objects/carbattery.jpg,left,old,90,,,,,,,,
,,,,,,,,1,2020-10-13_17h06.35.859,premce_ses-02_part-02_label-phase2,2020.1.2,Win32,60,right,0.67946,1,0.612,0,150,150,29,1,stimuli/objects/tombstone.jpg,left,old,30,,,,,,,,
,,,,,,,,1,2020-10-13_17h06.35.859,premce_ses-02_part-02_label-phase2,2020.1.2,Win32,60,right,0.675875,2,0.351425,0,151,151,16,1,stimuli/objects/cashregister01.jpg,left,old,17,,,,,,,,
,,,,,,,,1,2020-10-13_17h06.35.859,premce_ses-02_part-02_label-phase2,2020.1.2,Win32,60,right,0.749795,2,0.29889,0,152,152,9,1,stimuli/objects/granolabar01.jpg,left,old,10,,,,,,,,
,,,,,,,,1,2020-10-13_17h06.35.859,premce_ses-02_part-02_label-phase2,2020.1.2,Win32,60,right,0.527415,1,0.2401,0,153,153,65,1,stimuli/objects/blender.jpg,left,old,66,,,,,,,,
,,,,,,,,1,2020-10-13_17h06.35.859,premce_ses-02_part-02_label-phase2,2020.1.2,Win32,60,right,0.90088,2,0.3897,0,154,154,71,1,stimuli/objects/bikelock.jpg,left,old,72,,,,,,,,
,,,,,,,,1,2020-10-13_17h06.35.859,premce_ses-02_part-02_label-phase2,2020.1.2,Win32,60,left,0.983815,4,0.3049,0,155,155,18,1,stimuli/objects/snowman.jpg,left,old,19,,,,,,,,
,,,,,,,,1,2020-10-13_17h06.35.859,premce_ses-02_part-02_label-phase2,2020.1.2,Win32,60,right,1.02474,1,2.15284,0,156,156,42,1,stimuli/objects/bowlingball.jpg,right,new,43,,,,,,,,
,,,,,,,,1,2020-10-13_17h06.35.859,premce_ses-02_part-02_label-phase2,2020.1.2,Win32,60,right,0.89563,1,0.089945,0,157,157,113,1,stimuli/objects/fortunecookie.jpg,right,new,114,,,,,,,,
,,,,,,,,1,2020-10-13_17h06.35.859,premce_ses-02_part-02_label-phase2,2020.1.2,Win32,60,right,5.0639,1,0.06154,0,158,158,43,1,stimuli/objects/slushiemachine.jpg,right,new,44,,,,,,,,
,,,,,,,,1,2020-10-13_17h06.35.859,premce_ses-02_part-02_label-phase2,2020.1.2,Win32,60,right,1.340205,1,0.013825,0,159,159,76,1,stimuli/objects/dromedary.jpg,left,old,77,,,,,,,,
,,,,,,,,1,2020-10-13_17h06.35.859,premce_ses-02_part-02_label-phase2,2020.1.2,Win32,60,,,,,,,,,,,,,,space,5.116325,0,1,1,0,1,ImagesforRecog1.csv
