instructions_loop.thisRepN,instructions_loop.thisTrialN,instructions_loop.thisN,instructions_loop.thisIndex,instructions_loop.ran,text1,text2,text3,participant,date,expName,psychopyVersion,OS,frameRate,recog_resp.keys,recog_resp.rt,conf_resp.keys,conf_resp.rt,recog_loop.thisRepN,recog_loop.thisTrialN,recog_loop.thisN,recog_loop.thisIndex,recog_loop.ran,images,corr_ans,type,order,key_resp_break.keys,key_resp_break.rt,list_loop.thisRepN,list_loop.thisTrialN,list_loop.thisN,list_loop.thisIndex,list_loop.ran,recog_list
0,0,0,0,1,Welcome to the last phase of this experiment!,,Please press the space bar to continue,2,2020-10-15_14h30.55.878,premce_ses-02_part-02_label-phase2,2020.1.2,MacIntel,60,,,,,,,,,,,,,,,,,,,,,
0,1,1,1,1,,"In this phase, you will see some objects. 

For each object, you should indicate whether you have seen it before during the experiment.

Press LEFT ARROW for YES
Press RIGHT ARROW for NO

",Please press the space bar to continue ,2,2020-10-15_14h30.55.878,premce_ses-02_part-02_label-phase2,2020.1.2,MacIntel,60,,,,,,,,,,,,,,,,,,,,,
0,2,2,2,1,,"After that, you will be asked how confident you are of your choice.

Please rate the confidence in your choce with the numbers from 1 to 4 of your keyboard. 

The numbers correspond to:

1 = Very unsure
2 = Unsure
3 = Sure
4 = Very Sure",Please press the space bar to continue,2,2020-10-15_14h30.55.878,premce_ses-02_part-02_label-phase2,2020.1.2,MacIntel,60,,,,,,,,,,,,,,,,,,,,,
,,,,,,,,2,2020-10-15_14h30.55.878,premce_ses-02_part-02_label-phase2,2020.1.2,MacIntel,60,left,0.983785,4,2.25005,0,0,0,2,1,stimuli/objects/shelves.jpg,left,old,163,,,,,,,,
,,,,,,,,2,2020-10-15_14h30.55.878,premce_ses-02_part-02_label-phase2,2020.1.2,MacIntel,60,right,2.443635,3,2.09887,0,1,1,107,1,stimuli/objects/skipole.jpg,left,old,268,,,,,,,,
,,,,,,,,2,2020-10-15_14h30.55.878,premce_ses-02_part-02_label-phase2,2020.1.2,MacIntel,60,right,1.94388,2,1.583625,0,2,2,92,1,stimuli/objects/buoy.jpg,left,old,253,,,,,,,,
,,,,,,,,2,2020-10-15_14h30.55.878,premce_ses-02_part-02_label-phase2,2020.1.2,MacIntel,60,left,1.35594,4,0.39602,0,3,3,114,1,stimuli/objects/turkey.jpg,left,old,275,,,,,,,,
,,,,,,,,2,2020-10-15_14h30.55.878,premce_ses-02_part-02_label-phase2,2020.1.2,MacIntel,60,left,0.99059,4,0.099075,0,4,4,53,1,stimuli/objects/ear.jpg,left,old,214,,,,,,,,
,,,,,,,,2,2020-10-15_14h30.55.878,premce_ses-02_part-02_label-phase2,2020.1.2,MacIntel,60,left,1.023405,3,0.303215,0,5,5,116,1,stimuli/objects/greywolf.jpg,left,old,277,,,,,,,,
,,,,,,,,2,2020-10-15_14h30.55.878,premce_ses-02_part-02_label-phase2,2020.1.2,MacIntel,60,right,1.23591,3,0.802465,0,6,6,26,1,stimuli/objects/cookingpot.jpg,right,new,187,,,,,,,,
,,,,,,,,2,2020-10-15_14h30.55.878,premce_ses-02_part-02_label-phase2,2020.1.2,MacIntel,60,left,1.43467,4,0.7069,0,7,7,50,1,stimuli/objects/honeybee.jpg,left,old,211,,,,,,,,
,,,,,,,,2,2020-10-15_14h30.55.878,premce_ses-02_part-02_label-phase2,2020.1.2,MacIntel,60,right,1.55047,2,1.899385,0,8,8,30,1,stimuli/objects/waterfountain02.jpg,right,new,191,,,,,,,,
,,,,,,,,2,2020-10-15_14h30.55.878,premce_ses-02_part-02_label-phase2,2020.1.2,MacIntel,60,right,1.020735,3,0.564915,0,9,9,66,1,stimuli/objects/tulip02.jpg,right,new,227,,,,,,,,
,,,,,,,,2,2020-10-15_14h30.55.878,premce_ses-02_part-02_label-phase2,2020.1.2,MacIntel,60,right,1.655045,4,1.19908,0,10,10,152,1,stimuli/objects/waterfall.jpg,right,new,313,,,,,,,,
,,,,,,,,2,2020-10-15_14h30.55.878,premce_ses-02_part-02_label-phase2,2020.1.2,MacIntel,60,left,1.17673,4,0.29391,0,11,11,83,1,stimuli/objects/redonion.jpg,left,old,244,,,,,,,,
,,,,,,,,2,2020-10-15_14h30.55.878,premce_ses-02_part-02_label-phase2,2020.1.2,MacIntel,60,left,0.969015,4,0.240715,0,12,12,121,1,stimuli/objects/musicsheet.jpg,left,old,282,,,,,,,,
,,,,,,,,2,2020-10-15_14h30.55.878,premce_ses-02_part-02_label-phase2,2020.1.2,MacIntel,60,left,0.928285,4,0.27375,0,13,13,153,1,stimuli/objects/toysoldier01b.jpg,left,old,314,,,,,,,,
,,,,,,,,2,2020-10-15_14h30.55.878,premce_ses-02_part-02_label-phase2,2020.1.2,MacIntel,60,right,0.91123,3,0.345,0,14,14,111,1,stimuli/objects/trailer.jpg,right,new,272,,,,,,,,
,,,,,,,,2,2020-10-15_14h30.55.878,premce_ses-02_part-02_label-phase2,2020.1.2,MacIntel,60,right,2.616435,3,1.834575,0,15,15,143,1,stimuli/objects/squirrel.jpg,right,new,304,,,,,,,,
,,,,,,,,2,2020-10-15_14h30.55.878,premce_ses-02_part-02_label-phase2,2020.1.2,MacIntel,60,left,1.06562,4,0.16833,0,16,16,158,1,stimuli/objects/bed.jpg,left,old,319,,,,,,,,
,,,,,,,,2,2020-10-15_14h30.55.878,premce_ses-02_part-02_label-phase2,2020.1.2,MacIntel,60,left,0.751545,4,0.244025,0,17,17,61,1,stimuli/objects/graduationcap.jpg,left,old,222,,,,,,,,
,,,,,,,,2,2020-10-15_14h30.55.878,premce_ses-02_part-02_label-phase2,2020.1.2,MacIntel,60,right,0.918705,3,0.500885,0,18,18,28,1,stimuli/objects/freezer02.jpg,right,new,189,,,,,,,,
,,,,,,,,2,2020-10-15_14h30.55.878,premce_ses-02_part-02_label-phase2,2020.1.2,MacIntel,60,right,1.872935,4,0.334085,0,19,19,129,1,stimuli/objects/treestump.jpg,right,new,290,,,,,,,,
,,,,,,,,2,2020-10-15_14h30.55.878,premce_ses-02_part-02_label-phase2,2020.1.2,MacIntel,60,left,1.12432,4,0.2326,0,20,20,57,1,stimuli/objects/pumpkin.jpg,left,old,218,,,,,,,,
,,,,,,,,2,2020-10-15_14h30.55.878,premce_ses-02_part-02_label-phase2,2020.1.2,MacIntel,60,right,1.26705,2,1.09596,0,21,21,130,1,stimuli/objects/sausage.jpg,right,new,291,,,,,,,,
,,,,,,,,2,2020-10-15_14h30.55.878,premce_ses-02_part-02_label-phase2,2020.1.2,MacIntel,60,right,1.54098,4,0.11852,0,22,22,147,1,stimuli/objects/hotdog.jpg,right,new,308,,,,,,,,
,,,,,,,,2,2020-10-15_14h30.55.878,premce_ses-02_part-02_label-phase2,2020.1.2,MacIntel,60,left,0.92658,4,0.21398,0,23,23,9,1,stimuli/objects/dolphin01.jpg,left,old,170,,,,,,,,
,,,,,,,,2,2020-10-15_14h30.55.878,premce_ses-02_part-02_label-phase2,2020.1.2,MacIntel,60,right,0.916225,4,0.26897,0,24,24,112,1,stimuli/objects/scorpion.jpg,right,new,273,,,,,,,,
,,,,,,,,2,2020-10-15_14h30.55.878,premce_ses-02_part-02_label-phase2,2020.1.2,MacIntel,60,left,1.034255,4,0.126345,0,25,25,105,1,stimuli/objects/cuttlefish.jpg,left,old,266,,,,,,,,
,,,,,,,,2,2020-10-15_14h30.55.878,premce_ses-02_part-02_label-phase2,2020.1.2,MacIntel,60,right,2.441985,2,0.38198,0,26,26,118,1,stimuli/objects/trophy01.jpg,left,old,279,,,,,,,,
,,,,,,,,2,2020-10-15_14h30.55.878,premce_ses-02_part-02_label-phase2,2020.1.2,MacIntel,60,left,1.472275,1,1.49523,0,27,27,65,1,stimuli/objects/armchair02.jpg,right,new,226,,,,,,,,
,,,,,,,,2,2020-10-15_14h30.55.878,premce_ses-02_part-02_label-phase2,2020.1.2,MacIntel,60,right,6.280215,2,2.028115,0,28,28,55,1,stimuli/objects/chime.jpg,right,new,216,,,,,,,,
,,,,,,,,2,2020-10-15_14h30.55.878,premce_ses-02_part-02_label-phase2,2020.1.2,MacIntel,60,right,2.0598,3,0.459585,0,29,29,137,1,stimuli/objects/jackrabbit.jpg,left,old,298,,,,,,,,
,,,,,,,,2,2020-10-15_14h30.55.878,premce_ses-02_part-02_label-phase2,2020.1.2,MacIntel,60,left,0.959675,4,0.170625,0,30,30,120,1,stimuli/objects/soccerball.jpg,left,old,281,,,,,,,,
,,,,,,,,2,2020-10-15_14h30.55.878,premce_ses-02_part-02_label-phase2,2020.1.2,MacIntel,60,right,2.786305,3,2.71029,0,31,31,126,1,stimuli/objects/entrancegate.jpg,left,old,287,,,,,,,,
,,,,,,,,2,2020-10-15_14h30.55.878,premce_ses-02_part-02_label-phase2,2020.1.2,MacIntel,60,left,1.337875,3,1.52102,0,32,32,54,1,stimuli/objects/stepladder.jpg,left,old,215,,,,,,,,
,,,,,,,,2,2020-10-15_14h30.55.878,premce_ses-02_part-02_label-phase2,2020.1.2,MacIntel,60,left,1.006675,4,0.165175,0,33,33,34,1,stimuli/objects/sandcastle.jpg,left,old,195,,,,,,,,
,,,,,,,,2,2020-10-15_14h30.55.878,premce_ses-02_part-02_label-phase2,2020.1.2,MacIntel,60,left,1.04,4,0.135015,0,34,34,40,1,stimuli/objects/porcupine.jpg,left,old,201,,,,,,,,
,,,,,,,,2,2020-10-15_14h30.55.878,premce_ses-02_part-02_label-phase2,2020.1.2,MacIntel,60,right,1.79753,3,0.72184,0,35,35,5,1,stimuli/objects/morningstar.jpg,right,new,166,,,,,,,,
,,,,,,,,2,2020-10-15_14h30.55.878,premce_ses-02_part-02_label-phase2,2020.1.2,MacIntel,60,right,1.610895,3,1.41501,0,36,36,98,1,stimuli/objects/pig.jpg,right,new,259,,,,,,,,
,,,,,,,,2,2020-10-15_14h30.55.878,premce_ses-02_part-02_label-phase2,2020.1.2,MacIntel,60,right,2.008025,4,1.660515,0,37,37,102,1,stimuli/objects/englishcucumber.jpg,right,new,263,,,,,,,,
,,,,,,,,2,2020-10-15_14h30.55.878,premce_ses-02_part-02_label-phase2,2020.1.2,MacIntel,60,right,1.14671,4,0.546435,0,38,38,41,1,stimuli/objects/salmon.jpg,right,new,202,,,,,,,,
,,,,,,,,2,2020-10-15_14h30.55.878,premce_ses-02_part-02_label-phase2,2020.1.2,MacIntel,60,right,0.951685,3,0.43362,0,39,39,106,1,stimuli/objects/nosmokingsign.jpg,right,new,267,,,,,,,,
,,,,,,,,2,2020-10-15_14h30.55.878,premce_ses-02_part-02_label-phase2,2020.1.2,MacIntel,60,left,1.44919,4,0.849075,0,40,40,91,1,stimuli/objects/lawnmower.jpg,right,new,252,,,,,,,,
,,,,,,,,2,2020-10-15_14h30.55.878,premce_ses-02_part-02_label-phase2,2020.1.2,MacIntel,60,right,1.053095,4,1.248345,0,41,41,4,1,stimuli/objects/bowrake.jpg,right,new,165,,,,,,,,
,,,,,,,,2,2020-10-15_14h30.55.878,premce_ses-02_part-02_label-phase2,2020.1.2,MacIntel,60,right,1.22067,3,0.576365,0,42,42,3,1,stimuli/objects/pitchfork.jpg,right,new,164,,,,,,,,
,,,,,,,,2,2020-10-15_14h30.55.878,premce_ses-02_part-02_label-phase2,2020.1.2,MacIntel,60,right,1.485335,2,1.325625,0,43,43,58,1,stimuli/objects/shipinabottle.jpg,right,new,219,,,,,,,,
,,,,,,,,2,2020-10-15_14h30.55.878,premce_ses-02_part-02_label-phase2,2020.1.2,MacIntel,60,right,3.10137,2,2.145,0,44,44,159,1,stimuli/objects/shovel01.jpg,left,old,320,,,,,,,,
,,,,,,,,2,2020-10-15_14h30.55.878,premce_ses-02_part-02_label-phase2,2020.1.2,MacIntel,60,left,1.369185,4,0.254385,0,45,45,99,1,stimuli/objects/basketball01.jpg,left,old,260,,,,,,,,
,,,,,,,,2,2020-10-15_14h30.55.878,premce_ses-02_part-02_label-phase2,2020.1.2,MacIntel,60,right,5.872225,3,0.656685,0,46,46,68,1,stimuli/objects/sailboat.jpg,right,new,229,,,,,,,,
,,,,,,,,2,2020-10-15_14h30.55.878,premce_ses-02_part-02_label-phase2,2020.1.2,MacIntel,60,right,1.51277,3,0.34091,0,47,47,60,1,stimuli/objects/dormer.jpg,left,old,221,,,,,,,,
,,,,,,,,2,2020-10-15_14h30.55.878,premce_ses-02_part-02_label-phase2,2020.1.2,MacIntel,60,left,1.104275,4,0.19211,0,48,48,72,1,stimuli/objects/shoppingcart.jpg,left,old,233,,,,,,,,
,,,,,,,,2,2020-10-15_14h30.55.878,premce_ses-02_part-02_label-phase2,2020.1.2,MacIntel,60,right,2.444085,2,0.312475,0,49,49,124,1,stimuli/objects/kangaroo01.jpg,right,new,285,,,,,,,,
,,,,,,,,2,2020-10-15_14h30.55.878,premce_ses-02_part-02_label-phase2,2020.1.2,MacIntel,60,right,1.32787,4,0.32643,0,50,50,75,1,stimuli/objects/snowshoe.jpg,right,new,236,,,,,,,,
,,,,,,,,2,2020-10-15_14h30.55.878,premce_ses-02_part-02_label-phase2,2020.1.2,MacIntel,60,left,3.889215,2,0.579565,0,51,51,125,1,stimuli/objects/chipmunk.jpg,right,new,286,,,,,,,,
,,,,,,,,2,2020-10-15_14h30.55.878,premce_ses-02_part-02_label-phase2,2020.1.2,MacIntel,60,right,3.054935,4,0.366685,0,52,52,131,1,stimuli/objects/tablesaw.jpg,left,old,292,,,,,,,,
,,,,,,,,2,2020-10-15_14h30.55.878,premce_ses-02_part-02_label-phase2,2020.1.2,MacIntel,60,right,1.057685,4,0.224745,0,53,53,154,1,stimuli/objects/guitarcase.jpg,right,new,315,,,,,,,,
,,,,,,,,2,2020-10-15_14h30.55.878,premce_ses-02_part-02_label-phase2,2020.1.2,MacIntel,60,left,0.979345,4,0.14793,0,54,54,145,1,stimuli/objects/makiroll.jpg,left,old,306,,,,,,,,
,,,,,,,,2,2020-10-15_14h30.55.878,premce_ses-02_part-02_label-phase2,2020.1.2,MacIntel,60,left,1.358405,4,0.029085,0,55,55,134,1,stimuli/objects/windturbine.jpg,left,old,295,,,,,,,,
,,,,,,,,2,2020-10-15_14h30.55.878,premce_ses-02_part-02_label-phase2,2020.1.2,MacIntel,60,right,2.3991,3,1.28144,0,56,56,36,1,stimuli/objects/recyclingbin.jpg,right,new,197,,,,,,,,
,,,,,,,,2,2020-10-15_14h30.55.878,premce_ses-02_part-02_label-phase2,2020.1.2,MacIntel,60,right,1.11404,3,0.337915,0,57,57,18,1,stimuli/objects/discoball.jpg,right,new,179,,,,,,,,
,,,,,,,,2,2020-10-15_14h30.55.878,premce_ses-02_part-02_label-phase2,2020.1.2,MacIntel,60,left,1.01813,4,0.275,0,58,58,13,1,stimuli/objects/monarchbutterfly.jpg,left,old,174,,,,,,,,
,,,,,,,,2,2020-10-15_14h30.55.878,premce_ses-02_part-02_label-phase2,2020.1.2,MacIntel,60,left,1.28404,3,0.467015,0,59,59,43,1,stimuli/objects/tricycle.jpg,left,old,204,,,,,,,,
,,,,,,,,2,2020-10-15_14h30.55.878,premce_ses-02_part-02_label-phase2,2020.1.2,MacIntel,60,right,1.27225,3,0.24449,0,60,60,95,1,stimuli/objects/mouse.jpg,right,new,256,,,,,,,,
,,,,,,,,2,2020-10-15_14h30.55.878,premce_ses-02_part-02_label-phase2,2020.1.2,MacIntel,60,left,1.37855,4,0.0311,0,61,61,73,1,stimuli/objects/barrel01.jpg,left,old,234,,,,,,,,
,,,,,,,,2,2020-10-15_14h30.55.878,premce_ses-02_part-02_label-phase2,2020.1.2,MacIntel,60,right,0.919185,3,0.28557,0,62,62,48,1,stimuli/objects/fishskeleton.jpg,right,new,209,,,,,,,,
,,,,,,,,2,2020-10-15_14h30.55.878,premce_ses-02_part-02_label-phase2,2020.1.2,MacIntel,60,right,1.908245,2,0.220385,0,63,63,155,1,stimuli/objects/popcorn.jpg,left,old,316,,,,,,,,
,,,,,,,,2,2020-10-15_14h30.55.878,premce_ses-02_part-02_label-phase2,2020.1.2,MacIntel,60,right,1.12664,3,0.748305,0,64,64,128,1,stimuli/objects/tricornhat.jpg,right,new,289,,,,,,,,
,,,,,,,,2,2020-10-15_14h30.55.878,premce_ses-02_part-02_label-phase2,2020.1.2,MacIntel,60,right,1.370315,3,0.346485,0,65,65,69,1,stimuli/objects/banjo.jpg,right,new,230,,,,,,,,
,,,,,,,,2,2020-10-15_14h30.55.878,premce_ses-02_part-02_label-phase2,2020.1.2,MacIntel,60,right,2.28921,3,0.459875,0,66,66,140,1,stimuli/objects/hammerheadshark.jpg,right,new,301,,,,,,,,
,,,,,,,,2,2020-10-15_14h30.55.878,premce_ses-02_part-02_label-phase2,2020.1.2,MacIntel,60,left,1.422275,3,0.27922,0,67,67,84,1,stimuli/objects/musicstand.jpg,left,old,245,,,,,,,,
,,,,,,,,2,2020-10-15_14h30.55.878,premce_ses-02_part-02_label-phase2,2020.1.2,MacIntel,60,left,1.088015,4,0.000815,0,68,68,47,1,stimuli/objects/jellyfish.jpg,left,old,208,,,,,,,,
,,,,,,,,2,2020-10-15_14h30.55.878,premce_ses-02_part-02_label-phase2,2020.1.2,MacIntel,60,left,0.843835,4,0.280165,0,69,69,37,1,stimuli/objects/pigeon.jpg,left,old,198,,,,,,,,
,,,,,,,,2,2020-10-15_14h30.55.878,premce_ses-02_part-02_label-phase2,2020.1.2,MacIntel,60,right,1.01282,3,0.89409,0,70,70,19,1,stimuli/objects/chimney.jpg,right,new,180,,,,,,,,
,,,,,,,,2,2020-10-15_14h30.55.878,premce_ses-02_part-02_label-phase2,2020.1.2,MacIntel,60,right,1.75675,3,0.241445,0,71,71,89,1,stimuli/objects/bowlingpin.jpg,left,old,250,,,,,,,,
,,,,,,,,2,2020-10-15_14h30.55.878,premce_ses-02_part-02_label-phase2,2020.1.2,MacIntel,60,right,1.00023,4,0.21279,0,72,72,86,1,stimuli/objects/masquerademask01.jpg,right,new,247,,,,,,,,
,,,,,,,,2,2020-10-15_14h30.55.878,premce_ses-02_part-02_label-phase2,2020.1.2,MacIntel,60,left,1.026975,4,0.023455,0,73,73,151,1,stimuli/objects/gecko.jpg,left,old,312,,,,,,,,
,,,,,,,,2,2020-10-15_14h30.55.878,premce_ses-02_part-02_label-phase2,2020.1.2,MacIntel,60,right,0.878425,3,0.53633,0,74,74,67,1,stimuli/objects/golfball.jpg,left,old,228,,,,,,,,
,,,,,,,,2,2020-10-15_14h30.55.878,premce_ses-02_part-02_label-phase2,2020.1.2,MacIntel,60,left,1.779245,3,0.42023,0,75,75,146,1,stimuli/objects/chainsaw.jpg,left,old,307,,,,,,,,
,,,,,,,,2,2020-10-15_14h30.55.878,premce_ses-02_part-02_label-phase2,2020.1.2,MacIntel,60,left,1.21776,4,0.00054,0,76,76,25,1,stimuli/objects/beehive.jpg,left,old,186,,,,,,,,
,,,,,,,,2,2020-10-15_14h30.55.878,premce_ses-02_part-02_label-phase2,2020.1.2,MacIntel,60,right,1.00657,3,0.448865,0,77,77,74,1,stimuli/objects/noparkingsign.jpg,right,new,235,,,,,,,,
,,,,,,,,2,2020-10-15_14h30.55.878,premce_ses-02_part-02_label-phase2,2020.1.2,MacIntel,60,right,3.83139,2,1.13586,0,78,78,139,1,stimuli/objects/floortile02.jpg,right,new,300,,,,,,,,
,,,,,,,,2,2020-10-15_14h30.55.878,premce_ses-02_part-02_label-phase2,2020.1.2,MacIntel,60,left,1.168915,4,0.065975,0,79,79,133,1,stimuli/objects/kneepad01c.jpg,left,old,294,,,,,,,,
,,,,,,,,2,2020-10-15_14h30.55.878,premce_ses-02_part-02_label-phase2,2020.1.2,MacIntel,60,left,1.20765,3,0.47456,0,80,80,0,1,stimuli/objects/ostrich.jpg,right,new,161,,,,,,,,
,,,,,,,,2,2020-10-15_14h30.55.878,premce_ses-02_part-02_label-phase2,2020.1.2,MacIntel,60,left,1.047245,3,0.12733,0,81,81,80,1,stimuli/objects/parkfountain.jpg,left,old,241,,,,,,,,
,,,,,,,,2,2020-10-15_14h30.55.878,premce_ses-02_part-02_label-phase2,2020.1.2,MacIntel,60,right,1.77807,3,0.328805,0,82,82,77,1,stimuli/objects/cowbell.jpg,right,new,238,,,,,,,,
,,,,,,,,2,2020-10-15_14h30.55.878,premce_ses-02_part-02_label-phase2,2020.1.2,MacIntel,60,left,0.904245,4,0.12833,0,83,83,149,1,stimuli/objects/hulahoop.jpg,left,old,310,,,,,,,,
,,,,,,,,2,2020-10-15_14h30.55.878,premce_ses-02_part-02_label-phase2,2020.1.2,MacIntel,60,right,0.761175,3,0.21964,0,84,84,64,1,stimuli/objects/cupcake.jpg,right,new,225,,,,,,,,
,,,,,,,,2,2020-10-15_14h30.55.878,premce_ses-02_part-02_label-phase2,2020.1.2,MacIntel,60,left,0.90328,4,0.14699,0,85,85,150,1,stimuli/objects/urinal.jpg,left,old,311,,,,,,,,
,,,,,,,,2,2020-10-15_14h30.55.878,premce_ses-02_part-02_label-phase2,2020.1.2,MacIntel,60,left,1.132815,4,0.08593,0,86,86,122,1,stimuli/objects/crosscountryski.jpg,left,old,283,,,,,,,,
,,,,,,,,2,2020-10-15_14h30.55.878,premce_ses-02_part-02_label-phase2,2020.1.2,MacIntel,60,right,1.5049,3,0.06021,0,87,87,15,1,stimuli/objects/tent.jpg,left,old,176,,,,,,,,
,,,,,,,,2,2020-10-15_14h30.55.878,premce_ses-02_part-02_label-phase2,2020.1.2,MacIntel,60,right,2.057295,3,1.287525,0,88,88,157,1,stimuli/objects/lip.jpg,right,new,318,,,,,,,,
,,,,,,,,2,2020-10-15_14h30.55.878,premce_ses-02_part-02_label-phase2,2020.1.2,MacIntel,60,right,1.939395,3,0.22093,0,89,89,94,1,stimuli/objects/cormorant.jpg,right,new,255,,,,,,,,
,,,,,,,,2,2020-10-15_14h30.55.878,premce_ses-02_part-02_label-phase2,2020.1.2,MacIntel,60,left,1.014995,4,0.000745,0,90,90,119,1,stimuli/objects/surfboard.jpg,left,old,280,,,,,,,,
,,,,,,,,2,2020-10-15_14h30.55.878,premce_ses-02_part-02_label-phase2,2020.1.2,MacIntel,60,left,2.98785,2,0.359915,0,91,91,79,1,stimuli/objects/beerbottle.jpg,left,old,240,,,,,,,,
,,,,,,,,2,2020-10-15_14h30.55.878,premce_ses-02_part-02_label-phase2,2020.1.2,MacIntel,60,right,3.976615,4,0.616655,0,92,92,56,1,stimuli/objects/bumpercar.jpg,right,new,217,,,,,,,,
,,,,,,,,2,2020-10-15_14h30.55.878,premce_ses-02_part-02_label-phase2,2020.1.2,MacIntel,60,left,0.890355,4,0.007735,0,93,93,27,1,stimuli/objects/star.jpg,left,old,188,,,,,,,,
,,,,,,,,2,2020-10-15_14h30.55.878,premce_ses-02_part-02_label-phase2,2020.1.2,MacIntel,60,left,0.88206,4,0.000575,0,94,94,109,1,stimuli/objects/spaghetti01.jpg,left,old,270,,,,,,,,
,,,,,,,,2,2020-10-15_14h30.55.878,premce_ses-02_part-02_label-phase2,2020.1.2,MacIntel,60,right,2.67467,1,0.03046,0,95,95,1,1,stimuli/objects/bridge.jpg,right,new,162,,,,,,,,
,,,,,,,,2,2020-10-15_14h30.55.878,premce_ses-02_part-02_label-phase2,2020.1.2,MacIntel,60,left,2.07039,4,0.00151,0,96,96,96,1,stimuli/objects/jeans01.jpg,left,old,257,,,,,,,,
,,,,,,,,2,2020-10-15_14h30.55.878,premce_ses-02_part-02_label-phase2,2020.1.2,MacIntel,60,right,1.12757,3,3.377725,0,97,97,156,1,stimuli/objects/faxmachine.jpg,right,new,317,,,,,,,,
,,,,,,,,2,2020-10-15_14h30.55.878,premce_ses-02_part-02_label-phase2,2020.1.2,MacIntel,60,right,2.5707,3,1.897555,0,98,98,88,1,stimuli/objects/handbrush02.jpg,left,old,249,,,,,,,,
,,,,,,,,2,2020-10-15_14h30.55.878,premce_ses-02_part-02_label-phase2,2020.1.2,MacIntel,60,right,1.08649,4,0.271585,0,99,99,49,1,stimuli/objects/moon.jpg,right,new,210,,,,,,,,
,,,,,,,,2,2020-10-15_14h30.55.878,premce_ses-02_part-02_label-phase2,2020.1.2,MacIntel,60,right,1.350775,4,0.15433,0,100,100,38,1,stimuli/objects/bull.jpg,right,new,199,,,,,,,,
,,,,,,,,2,2020-10-15_14h30.55.878,premce_ses-02_part-02_label-phase2,2020.1.2,MacIntel,60,right,1.39149,4,0.20914,0,101,101,24,1,stimuli/objects/stool01.jpg,left,old,185,,,,,,,,
,,,,,,,,2,2020-10-15_14h30.55.878,premce_ses-02_part-02_label-phase2,2020.1.2,MacIntel,60,right,1.20121,4,0.28166,0,102,102,35,1,stimuli/objects/eiffeltower.jpg,right,new,196,,,,,,,,
,,,,,,,,2,2020-10-15_14h30.55.878,premce_ses-02_part-02_label-phase2,2020.1.2,MacIntel,60,right,0.997055,4,0.060415,0,103,103,142,1,stimuli/objects/curtain.jpg,right,new,303,,,,,,,,
,,,,,,,,2,2020-10-15_14h30.55.878,premce_ses-02_part-02_label-phase2,2020.1.2,MacIntel,60,left,1.08278,4,0.102795,0,104,104,42,1,stimuli/objects/electricguitar01.jpg,left,old,203,,,,,,,,
,,,,,,,,2,2020-10-15_14h30.55.878,premce_ses-02_part-02_label-phase2,2020.1.2,MacIntel,60,left,1.88351,4,0.26669,0,105,105,135,1,stimuli/objects/toiletbrush.jpg,right,new,296,,,,,,,,
,,,,,,,,2,2020-10-15_14h30.55.878,premce_ses-02_part-02_label-phase2,2020.1.2,MacIntel,60,right,1.183935,3,0.19884,0,106,106,90,1,stimuli/objects/vacuumcleaner01.jpg,right,new,251,,,,,,,,
,,,,,,,,2,2020-10-15_14h30.55.878,premce_ses-02_part-02_label-phase2,2020.1.2,MacIntel,60,right,3.64502,1,0.556135,0,107,107,110,1,stimuli/objects/scalpel.jpg,left,old,271,,,,,,,,
,,,,,,,,2,2020-10-15_14h30.55.878,premce_ses-02_part-02_label-phase2,2020.1.2,MacIntel,60,left,3.54862,3,0.626935,0,108,108,104,1,stimuli/objects/mirror02.jpg,left,old,265,,,,,,,,
,,,,,,,,2,2020-10-15_14h30.55.878,premce_ses-02_part-02_label-phase2,2020.1.2,MacIntel,60,right,0.981145,2,0.59595,0,109,109,51,1,stimuli/objects/bus.jpg,left,old,212,,,,,,,,
,,,,,,,,2,2020-10-15_14h30.55.878,premce_ses-02_part-02_label-phase2,2020.1.2,MacIntel,60,left,1.5614,4,0.839775,0,110,110,63,1,stimuli/objects/witchhat.jpg,left,old,224,,,,,,,,
,,,,,,,,2,2020-10-15_14h30.55.878,premce_ses-02_part-02_label-phase2,2020.1.2,MacIntel,60,right,1.25769,3,1.560505,0,111,111,12,1,stimuli/objects/safe.jpg,right,new,173,,,,,,,,
,,,,,,,,2,2020-10-15_14h30.55.878,premce_ses-02_part-02_label-phase2,2020.1.2,MacIntel,60,left,1.670935,4,0.612185,0,112,112,44,1,stimuli/objects/canoepaddle02.jpg,left,old,205,,,,,,,,
,,,,,,,,2,2020-10-15_14h30.55.878,premce_ses-02_part-02_label-phase2,2020.1.2,MacIntel,60,right,1.15493,4,0.11503,0,113,113,81,1,stimuli/objects/painting.jpg,right,new,242,,,,,,,,
,,,,,,,,2,2020-10-15_14h30.55.878,premce_ses-02_part-02_label-phase2,2020.1.2,MacIntel,60,right,0.78639,4,0.311655,0,114,114,17,1,stimuli/objects/mrpotatohead.jpg,right,new,178,,,,,,,,
,,,,,,,,2,2020-10-15_14h30.55.878,premce_ses-02_part-02_label-phase2,2020.1.2,MacIntel,60,right,1.550635,3,1.936455,0,115,115,22,1,stimuli/objects/schoolbus.jpg,right,new,183,,,,,,,,
,,,,,,,,2,2020-10-15_14h30.55.878,premce_ses-02_part-02_label-phase2,2020.1.2,MacIntel,60,left,1.46218,4,0.22001,0,116,116,101,1,stimuli/objects/stairs.jpg,left,old,262,,,,,,,,
,,,,,,,,2,2020-10-15_14h30.55.878,premce_ses-02_part-02_label-phase2,2020.1.2,MacIntel,60,right,1.222865,3,1.95218,0,117,117,93,1,stimuli/objects/moth.jpg,right,new,254,,,,,,,,
,,,,,,,,2,2020-10-15_14h30.55.878,premce_ses-02_part-02_label-phase2,2020.1.2,MacIntel,60,right,3.748995,2,0.77402,0,118,118,76,1,stimuli/objects/snowshovel.jpg,right,new,237,,,,,,,,
,,,,,,,,2,2020-10-15_14h30.55.878,premce_ses-02_part-02_label-phase2,2020.1.2,MacIntel,60,right,1.213915,3,0.118755,0,119,119,100,1,stimuli/objects/gps.jpg,right,new,261,,,,,,,,
,,,,,,,,2,2020-10-15_14h30.55.878,premce_ses-02_part-02_label-phase2,2020.1.2,MacIntel,60,right,2.94102,3,0.651875,0,120,120,16,1,stimuli/objects/cymbal.jpg,right,new,177,,,,,,,,
,,,,,,,,2,2020-10-15_14h30.55.878,premce_ses-02_part-02_label-phase2,2020.1.2,MacIntel,60,right,1.07719,3,0.13506,0,121,121,7,1,stimuli/objects/sink.jpg,right,new,168,,,,,,,,
,,,,,,,,2,2020-10-15_14h30.55.878,premce_ses-02_part-02_label-phase2,2020.1.2,MacIntel,60,right,1.40899,3,0.2726,0,122,122,62,1,stimuli/objects/sandbarshark.jpg,right,new,223,,,,,,,,
,,,,,,,,2,2020-10-15_14h30.55.878,premce_ses-02_part-02_label-phase2,2020.1.2,MacIntel,60,right,2.45995,3,1.102695,0,123,123,52,1,stimuli/objects/drumstick.jpg,right,new,213,,,,,,,,
,,,,,,,,2,2020-10-15_14h30.55.878,premce_ses-02_part-02_label-phase2,2020.1.2,MacIntel,60,left,1.384945,2,2.364315,0,124,124,8,1,stimuli/objects/bluejay.jpg,left,old,169,,,,,,,,
,,,,,,,,2,2020-10-15_14h30.55.878,premce_ses-02_part-02_label-phase2,2020.1.2,MacIntel,60,left,1.16962,4,0.07692,0,125,125,127,1,stimuli/objects/jaguar.jpg,left,old,288,,,,,,,,
,,,,,,,,2,2020-10-15_14h30.55.878,premce_ses-02_part-02_label-phase2,2020.1.2,MacIntel,60,left,1.90444,4,0.09126,0,126,126,87,1,stimuli/objects/gazebo.jpg,left,old,248,,,,,,,,
,,,,,,,,2,2020-10-15_14h30.55.878,premce_ses-02_part-02_label-phase2,2020.1.2,MacIntel,60,right,0.993255,2,0.407,0,127,127,31,1,stimuli/objects/swing.jpg,right,new,192,,,,,,,,
,,,,,,,,2,2020-10-15_14h30.55.878,premce_ses-02_part-02_label-phase2,2020.1.2,MacIntel,60,right,1.073405,4,0.170965,0,128,128,46,1,stimuli/objects/kite.jpg,right,new,207,,,,,,,,
,,,,,,,,2,2020-10-15_14h30.55.878,premce_ses-02_part-02_label-phase2,2020.1.2,MacIntel,60,right,1.23324,4,0.098765,0,129,129,82,1,stimuli/objects/missile.jpg,right,new,243,,,,,,,,
,,,,,,,,2,2020-10-15_14h30.55.878,premce_ses-02_part-02_label-phase2,2020.1.2,MacIntel,60,right,3.11625,2,0.00067,0,130,130,45,1,stimuli/objects/dolly01.jpg,right,new,206,,,,,,,,
,,,,,,,,2,2020-10-15_14h30.55.878,premce_ses-02_part-02_label-phase2,2020.1.2,MacIntel,60,right,0.999405,3,0.2881,0,131,131,59,1,stimuli/objects/saltshaker03a.jpg,right,new,220,,,,,,,,
,,,,,,,,2,2020-10-15_14h30.55.878,premce_ses-02_part-02_label-phase2,2020.1.2,MacIntel,60,right,1.050495,3,0.053415,0,132,132,70,1,stimuli/objects/fluorescentlightbulb.jpg,right,new,231,,,,,,,,
,,,,,,,,2,2020-10-15_14h30.55.878,premce_ses-02_part-02_label-phase2,2020.1.2,MacIntel,60,right,0.6969,3,0.604275,0,133,133,115,1,stimuli/objects/contactlens.jpg,right,new,276,,,,,,,,
,,,,,,,,2,2020-10-15_14h30.55.878,premce_ses-02_part-02_label-phase2,2020.1.2,MacIntel,60,right,4.798505,2,2.200955,0,134,134,132,1,stimuli/objects/duck01.jpg,right,new,293,,,,,,,,
,,,,,,,,2,2020-10-15_14h30.55.878,premce_ses-02_part-02_label-phase2,2020.1.2,MacIntel,60,right,1.291845,1,1.56879,0,135,135,29,1,stimuli/objects/showerhead01.jpg,left,old,190,,,,,,,,
,,,,,,,,2,2020-10-15_14h30.55.878,premce_ses-02_part-02_label-phase2,2020.1.2,MacIntel,60,right,4.946545,3,0.99123,0,136,136,85,1,stimuli/objects/gong.jpg,right,new,246,,,,,,,,
,,,,,,,,2,2020-10-15_14h30.55.878,premce_ses-02_part-02_label-phase2,2020.1.2,MacIntel,60,left,1.948305,2,1.064195,0,137,137,117,1,stimuli/objects/cloud.jpg,left,old,278,,,,,,,,
,,,,,,,,2,2020-10-15_14h30.55.878,premce_ses-02_part-02_label-phase2,2020.1.2,MacIntel,60,right,2.1704,3,2.11268,0,138,138,71,1,stimuli/objects/cross01.jpg,right,new,232,,,,,,,,
,,,,,,,,2,2020-10-15_14h30.55.878,premce_ses-02_part-02_label-phase2,2020.1.2,MacIntel,60,left,1.23127,3,0.50522,0,139,139,33,1,stimuli/objects/doghouse.jpg,left,old,194,,,,,,,,
,,,,,,,,2,2020-10-15_14h30.55.878,premce_ses-02_part-02_label-phase2,2020.1.2,MacIntel,60,left,2.974085,3,1.274565,0,140,140,10,1,stimuli/objects/locomotive.jpg,left,old,171,,,,,,,,
,,,,,,,,2,2020-10-15_14h30.55.878,premce_ses-02_part-02_label-phase2,2020.1.2,MacIntel,60,left,1.572165,4,1.404385,0,141,141,103,1,stimuli/objects/beaver.jpg,left,old,264,,,,,,,,
,,,,,,,,2,2020-10-15_14h30.55.878,premce_ses-02_part-02_label-phase2,2020.1.2,MacIntel,60,left,1.33545,3,0.207525,0,142,142,23,1,stimuli/objects/flugglehorn.jpg,left,old,184,,,,,,,,
,,,,,,,,2,2020-10-15_14h30.55.878,premce_ses-02_part-02_label-phase2,2020.1.2,MacIntel,60,right,0.797555,3,0.24228,0,143,143,39,1,stimuli/objects/stroller.jpg,left,old,200,,,,,,,,
,,,,,,,,2,2020-10-15_14h30.55.878,premce_ses-02_part-02_label-phase2,2020.1.2,MacIntel,60,right,1.572625,3,0.39153,0,144,144,141,1,stimuli/objects/parachute.jpg,right,new,302,,,,,,,,
,,,,,,,,2,2020-10-15_14h30.55.878,premce_ses-02_part-02_label-phase2,2020.1.2,MacIntel,60,left,0.971975,4,0.1604,0,145,145,21,1,stimuli/objects/acorn.jpg,left,old,182,,,,,,,,
,,,,,,,,2,2020-10-15_14h30.55.878,premce_ses-02_part-02_label-phase2,2020.1.2,MacIntel,60,left,0.8296,4,0.216855,0,146,146,20,1,stimuli/objects/football.jpg,left,old,181,,,,,,,,
,,,,,,,,2,2020-10-15_14h30.55.878,premce_ses-02_part-02_label-phase2,2020.1.2,MacIntel,60,right,1.52152,3,0.201735,0,147,147,144,1,stimuli/objects/filingcabinet.jpg,right,new,305,,,,,,,,
,,,,,,,,2,2020-10-15_14h30.55.878,premce_ses-02_part-02_label-phase2,2020.1.2,MacIntel,60,right,1.37353,4,0.15765,0,148,148,78,1,stimuli/objects/smartboard.jpg,right,new,239,,,,,,,,
,,,,,,,,2,2020-10-15_14h30.55.878,premce_ses-02_part-02_label-phase2,2020.1.2,MacIntel,60,left,1.231645,3,0.26885,0,149,149,123,1,stimuli/objects/zebra.jpg,left,old,284,,,,,,,,
,,,,,,,,2,2020-10-15_14h30.55.878,premce_ses-02_part-02_label-phase2,2020.1.2,MacIntel,60,right,0.845485,4,0.15979,0,150,150,108,1,stimuli/objects/boxingglove01.jpg,right,new,269,,,,,,,,
,,,,,,,,2,2020-10-15_14h30.55.878,premce_ses-02_part-02_label-phase2,2020.1.2,MacIntel,60,left,1.171195,4,0.159295,0,151,151,97,1,stimuli/objects/blackolive.jpg,left,old,258,,,,,,,,
,,,,,,,,2,2020-10-15_14h30.55.878,premce_ses-02_part-02_label-phase2,2020.1.2,MacIntel,60,right,0.824495,3,0.6661,0,152,152,138,1,stimuli/objects/wallclock.jpg,right,new,299,,,,,,,,
,,,,,,,,2,2020-10-15_14h30.55.878,premce_ses-02_part-02_label-phase2,2020.1.2,MacIntel,60,right,1.661465,3,0.273895,0,153,153,148,1,stimuli/objects/shield02.jpg,right,new,309,,,,,,,,
,,,,,,,,2,2020-10-15_14h30.55.878,premce_ses-02_part-02_label-phase2,2020.1.2,MacIntel,60,right,7.95169,2,0.49903,0,154,154,6,1,stimuli/objects/rollerblade.jpg,right,new,167,,,,,,,,
,,,,,,,,2,2020-10-15_14h30.55.878,premce_ses-02_part-02_label-phase2,2020.1.2,MacIntel,60,left,2.047815,4,0.272055,0,155,155,113,1,stimuli/objects/dogsled.jpg,left,old,274,,,,,,,,
,,,,,,,,2,2020-10-15_14h30.55.878,premce_ses-02_part-02_label-phase2,2020.1.2,MacIntel,60,left,0.888975,4,0.001455,0,156,156,14,1,stimuli/objects/hockeystick.jpg,left,old,175,,,,,,,,
,,,,,,,,2,2020-10-15_14h30.55.878,premce_ses-02_part-02_label-phase2,2020.1.2,MacIntel,60,left,1.308485,4,0.08517,0,157,157,32,1,stimuli/objects/seagull.jpg,left,old,193,,,,,,,,
,,,,,,,,2,2020-10-15_14h30.55.878,premce_ses-02_part-02_label-phase2,2020.1.2,MacIntel,60,right,0.79465,3,0.134775,0,158,158,11,1,stimuli/objects/nunchuk.jpg,right,new,172,,,,,,,,
,,,,,,,,2,2020-10-15_14h30.55.878,premce_ses-02_part-02_label-phase2,2020.1.2,MacIntel,60,right,6.331545,3,0.276705,0,159,159,136,1,stimuli/objects/platypus.jpg,right,new,297,,,,,,,,
,,,,,,,,2,2020-10-15_14h30.55.878,premce_ses-02_part-02_label-phase2,2020.1.2,MacIntel,60,,,,,,,,,,,,,,space,97.854585,0,0,0,1,1,ImagesforRecog2.csv
,,,,,,,,2,2020-10-15_14h30.55.878,premce_ses-02_part-02_label-phase2,2020.1.2,MacIntel,60,left,1.580245,3,0.13254,0,0,0,8,1,stimuli/objects/treadmill.jpg,left,old,9,,,,,,,,
,,,,,,,,2,2020-10-15_14h30.55.878,premce_ses-02_part-02_label-phase2,2020.1.2,MacIntel,60,right,1.711565,3,0.035655,0,1,1,133,1,stimuli/objects/skateboard.jpg,left,old,134,,,,,,,,
,,,,,,,,2,2020-10-15_14h30.55.878,premce_ses-02_part-02_label-phase2,2020.1.2,MacIntel,60,left,1.423595,4,0.055755,0,2,2,129,1,stimuli/objects/walkietalkie.jpg,left,old,130,,,,,,,,
,,,,,,,,2,2020-10-15_14h30.55.878,premce_ses-02_part-02_label-phase2,2020.1.2,MacIntel,60,right,0.67039,3,0.00064,0,3,3,113,1,stimuli/objects/fortunecookie.jpg,right,new,114,,,,,,,,
,,,,,,,,2,2020-10-15_14h30.55.878,premce_ses-02_part-02_label-phase2,2020.1.2,MacIntel,60,right,0.91555,3,0.160945,0,4,4,33,1,stimuli/objects/helicopter.jpg,right,new,34,,,,,,,,
,,,,,,,,2,2020-10-15_14h30.55.878,premce_ses-02_part-02_label-phase2,2020.1.2,MacIntel,60,left,0.658905,4,0.142825,0,5,5,119,1,stimuli/objects/polarbear.jpg,left,old,120,,,,,,,,
,,,,,,,,2,2020-10-15_14h30.55.878,premce_ses-02_part-02_label-phase2,2020.1.2,MacIntel,60,right,0.85711,3,0.22759,0,6,6,74,1,stimuli/objects/road02.jpg,right,new,75,,,,,,,,
,,,,,,,,2,2020-10-15_14h30.55.878,premce_ses-02_part-02_label-phase2,2020.1.2,MacIntel,60,right,0.922705,3,0.15446,0,7,7,146,1,stimuli/objects/martiniglass01b.jpg,left,old,147,,,,,,,,
,,,,,,,,2,2020-10-15_14h30.55.878,premce_ses-02_part-02_label-phase2,2020.1.2,MacIntel,60,left,2.39037,4,0.220185,0,8,8,29,1,stimuli/objects/tombstone.jpg,left,old,30,,,,,,,,
,,,,,,,,2,2020-10-15_14h30.55.878,premce_ses-02_part-02_label-phase2,2020.1.2,MacIntel,60,left,1.517985,1,0.769575,0,9,9,157,1,stimuli/objects/volleyball.jpg,left,old,158,,,,,,,,
,,,,,,,,2,2020-10-15_14h30.55.878,premce_ses-02_part-02_label-phase2,2020.1.2,MacIntel,60,right,1.782725,4,0.186235,0,10,10,53,1,stimuli/objects/rooster.jpg,right,new,54,,,,,,,,
,,,,,,,,2,2020-10-15_14h30.55.878,premce_ses-02_part-02_label-phase2,2020.1.2,MacIntel,60,left,1.53187,3,0.08342,0,11,11,128,1,stimuli/objects/toilet.jpg,right,new,129,,,,,,,,
,,,,,,,,2,2020-10-15_14h30.55.878,premce_ses-02_part-02_label-phase2,2020.1.2,MacIntel,60,left,1.075715,4,0.14105,0,12,12,25,1,stimuli/objects/kiwi03.jpg,left,old,26,,,,,,,,
,,,,,,,,2,2020-10-15_14h30.55.878,premce_ses-02_part-02_label-phase2,2020.1.2,MacIntel,60,right,1.61568,3,0.071205,0,13,13,149,1,stimuli/objects/electrictoothbrush01c.jpg,right,new,150,,,,,,,,
,,,,,,,,2,2020-10-15_14h30.55.878,premce_ses-02_part-02_label-phase2,2020.1.2,MacIntel,60,right,1.111345,3,0.103835,0,14,14,93,1,stimuli/objects/pirateflag.jpg,right,new,94,,,,,,,,
,,,,,,,,2,2020-10-15_14h30.55.878,premce_ses-02_part-02_label-phase2,2020.1.2,MacIntel,60,right,0.863735,3,0.19274,0,15,15,68,1,stimuli/objects/ipad02.jpg,right,new,69,,,,,,,,
,,,,,,,,2,2020-10-15_14h30.55.878,premce_ses-02_part-02_label-phase2,2020.1.2,MacIntel,60,left,3.76068,4,0.417295,0,16,16,35,1,stimuli/objects/flag.jpg,left,old,36,,,,,,,,
,,,,,,,,2,2020-10-15_14h30.55.878,premce_ses-02_part-02_label-phase2,2020.1.2,MacIntel,60,right,1.23423,3,0.18466,0,17,17,134,1,stimuli/objects/rubikcube.jpg,right,new,135,,,,,,,,
,,,,,,,,2,2020-10-15_14h30.55.878,premce_ses-02_part-02_label-phase2,2020.1.2,MacIntel,60,right,1.050565,3,0.247465,0,18,18,102,1,stimuli/objects/sheriffhat.jpg,left,old,103,,,,,,,,
,,,,,,,,2,2020-10-15_14h30.55.878,premce_ses-02_part-02_label-phase2,2020.1.2,MacIntel,60,left,1.04875,4,0.143785,0,19,19,85,1,stimuli/objects/frisbee.jpg,left,old,86,,,,,,,,
,,,,,,,,2,2020-10-15_14h30.55.878,premce_ses-02_part-02_label-phase2,2020.1.2,MacIntel,60,right,1.53636,3,0.247325,0,20,20,97,1,stimuli/objects/watercooler.jpg,left,old,98,,,,,,,,
,,,,,,,,2,2020-10-15_14h30.55.878,premce_ses-02_part-02_label-phase2,2020.1.2,MacIntel,60,right,2.927115,2,0.88177,0,21,21,67,1,stimuli/objects/steeringwheel.jpg,right,new,68,,,,,,,,
,,,,,,,,2,2020-10-15_14h30.55.878,premce_ses-02_part-02_label-phase2,2020.1.2,MacIntel,60,left,1.09753,4,0.13064,0,22,22,115,1,stimuli/objects/bleachers.jpg,left,old,116,,,,,,,,
,,,,,,,,2,2020-10-15_14h30.55.878,premce_ses-02_part-02_label-phase2,2020.1.2,MacIntel,60,right,0.82603,4,0.1733,0,23,23,23,1,stimuli/objects/bat.jpg,right,new,24,,,,,,,,
,,,,,,,,2,2020-10-15_14h30.55.878,premce_ses-02_part-02_label-phase2,2020.1.2,MacIntel,60,right,1.020985,4,0.0929,0,24,24,151,1,stimuli/objects/bolt01a.jpg,right,new,152,,,,,,,,
,,,,,,,,2,2020-10-15_14h30.55.878,premce_ses-02_part-02_label-phase2,2020.1.2,MacIntel,60,right,1.171115,4,0.058705,0,25,25,87,1,stimuli/objects/parkingmeter.jpg,left,old,88,,,,,,,,
,,,,,,,,2,2020-10-15_14h30.55.878,premce_ses-02_part-02_label-phase2,2020.1.2,MacIntel,60,left,0.671395,4,0.00061,0,26,26,9,1,stimuli/objects/granolabar01.jpg,left,old,10,,,,,,,,
,,,,,,,,2,2020-10-15_14h30.55.878,premce_ses-02_part-02_label-phase2,2020.1.2,MacIntel,60,left,0.93986,4,0.078515,0,27,27,78,1,stimuli/objects/exitsign.jpg,left,old,79,,,,,,,,
,,,,,,,,2,2020-10-15_14h30.55.878,premce_ses-02_part-02_label-phase2,2020.1.2,MacIntel,60,left,1.062865,4,0.06509,0,28,28,120,1,stimuli/objects/mortarandpestle.jpg,left,old,121,,,,,,,,
,,,,,,,,2,2020-10-15_14h30.55.878,premce_ses-02_part-02_label-phase2,2020.1.2,MacIntel,60,right,0.891635,3,0.08143,0,29,29,112,1,stimuli/objects/webcam.jpg,right,new,113,,,,,,,,
,,,,,,,,2,2020-10-15_14h30.55.878,premce_ses-02_part-02_label-phase2,2020.1.2,MacIntel,60,right,0.69201,4,0.097325,0,30,30,26,1,stimuli/objects/snowglobe.jpg,right,new,27,,,,,,,,
,,,,,,,,2,2020-10-15_14h30.55.878,premce_ses-02_part-02_label-phase2,2020.1.2,MacIntel,60,right,0.855495,4,0.258605,0,31,31,51,1,stimuli/objects/cork02.jpg,right,new,52,,,,,,,,
,,,,,,,,2,2020-10-15_14h30.55.878,premce_ses-02_part-02_label-phase2,2020.1.2,MacIntel,60,left,0.88322,4,0.308935,0,32,32,40,1,stimuli/objects/bread.jpg,left,old,41,,,,,,,,
,,,,,,,,2,2020-10-15_14h30.55.878,premce_ses-02_part-02_label-phase2,2020.1.2,MacIntel,60,right,1.21095,3,0.197845,0,33,33,75,1,stimuli/objects/castle.jpg,right,new,76,,,,,,,,
,,,,,,,,2,2020-10-15_14h30.55.878,premce_ses-02_part-02_label-phase2,2020.1.2,MacIntel,60,right,1.93463,2,0.21737,0,34,34,21,1,stimuli/objects/hockeypuck.jpg,left,old,22,,,,,,,,
,,,,,,,,2,2020-10-15_14h30.55.878,premce_ses-02_part-02_label-phase2,2020.1.2,MacIntel,60,right,0.910555,3,0.21204,0,35,35,104,1,stimuli/objects/sledgehammer.jpg,right,new,105,,,,,,,,
,,,,,,,,2,2020-10-15_14h30.55.878,premce_ses-02_part-02_label-phase2,2020.1.2,MacIntel,60,left,3.732265,2,0.65926,0,36,36,5,1,stimuli/objects/winniethepooh.jpg,left,old,6,,,,,,,,
,,,,,,,,2,2020-10-15_14h30.55.878,premce_ses-02_part-02_label-phase2,2020.1.2,MacIntel,60,left,1.098875,4,0.037125,0,37,37,88,1,stimuli/objects/bison.jpg,left,old,89,,,,,,,,
,,,,,,,,2,2020-10-15_14h30.55.878,premce_ses-02_part-02_label-phase2,2020.1.2,MacIntel,60,right,0.898125,3,0.07652,0,38,38,145,1,stimuli/objects/ironingboard01.jpg,right,new,146,,,,,,,,
,,,,,,,,2,2020-10-15_14h30.55.878,premce_ses-02_part-02_label-phase2,2020.1.2,MacIntel,60,left,1.105225,3,0.176775,0,39,39,152,1,stimuli/objects/xylophone.jpg,left,old,153,,,,,,,,
,,,,,,,,2,2020-10-15_14h30.55.878,premce_ses-02_part-02_label-phase2,2020.1.2,MacIntel,60,right,0.9937,4,0.06857,0,40,40,79,1,stimuli/objects/jellybean.jpg,left,old,80,,,,,,,,
,,,,,,,,2,2020-10-15_14h30.55.878,premce_ses-02_part-02_label-phase2,2020.1.2,MacIntel,60,right,0.919605,3,0.02914,0,41,41,125,1,stimuli/objects/horse.jpg,left,old,126,,,,,,,,
,,,,,,,,2,2020-10-15_14h30.55.878,premce_ses-02_part-02_label-phase2,2020.1.2,MacIntel,60,right,0.773715,4,0.16092,0,42,42,109,1,stimuli/objects/bathtub.jpg,right,new,110,,,,,,,,
,,,,,,,,2,2020-10-15_14h30.55.878,premce_ses-02_part-02_label-phase2,2020.1.2,MacIntel,60,right,0.756905,4,0.1208,0,43,43,72,1,stimuli/objects/crown.jpg,left,old,73,,,,,,,,
,,,,,,,,2,2020-10-15_14h30.55.878,premce_ses-02_part-02_label-phase2,2020.1.2,MacIntel,60,right,0.799685,4,0.100245,0,44,44,64,1,stimuli/objects/baseballglove.jpg,right,new,65,,,,,,,,
,,,,,,,,2,2020-10-15_14h30.55.878,premce_ses-02_part-02_label-phase2,2020.1.2,MacIntel,60,left,0.85311,4,0.141825,0,45,45,110,1,stimuli/objects/leafblower01.jpg,left,old,111,,,,,,,,
,,,,,,,,2,2020-10-15_14h30.55.878,premce_ses-02_part-02_label-phase2,2020.1.2,MacIntel,60,right,0.845385,3,0.06805,0,46,46,2,1,stimuli/objects/accordion01.jpg,right,new,3,,,,,,,,
,,,,,,,,2,2020-10-15_14h30.55.878,premce_ses-02_part-02_label-phase2,2020.1.2,MacIntel,60,right,0.56163,3,0.09645,0,47,47,131,1,stimuli/objects/funnel.jpg,right,new,132,,,,,,,,
,,,,,,,,2,2020-10-15_14h30.55.878,premce_ses-02_part-02_label-phase2,2020.1.2,MacIntel,60,left,0.83325,4,0.03775,0,48,48,61,1,stimuli/objects/birdnest.jpg,left,old,62,,,,,,,,
,,,,,,,,2,2020-10-15_14h30.55.878,premce_ses-02_part-02_label-phase2,2020.1.2,MacIntel,60,right,1.632965,3,0.093765,0,49,49,98,1,stimuli/objects/well.jpg,left,old,99,,,,,,,,
,,,,,,,,2,2020-10-15_14h30.55.878,premce_ses-02_part-02_label-phase2,2020.1.2,MacIntel,60,right,2.61999,4,0.268005,0,50,50,7,1,stimuli/objects/whiteout.jpg,right,new,8,,,,,,,,
,,,,,,,,2,2020-10-15_14h30.55.878,premce_ses-02_part-02_label-phase2,2020.1.2,MacIntel,60,right,1.270565,3,0.123875,0,51,51,65,1,stimuli/objects/blender.jpg,left,old,66,,,,,,,,
,,,,,,,,2,2020-10-15_14h30.55.878,premce_ses-02_part-02_label-phase2,2020.1.2,MacIntel,60,left,0.85338,4,0.0163,0,52,52,107,1,stimuli/objects/candycane01a.jpg,left,old,108,,,,,,,,
,,,,,,,,2,2020-10-15_14h30.55.878,premce_ses-02_part-02_label-phase2,2020.1.2,MacIntel,60,right,0.834545,3,0.014735,0,53,53,127,1,stimuli/objects/macaroni01.jpg,right,new,128,,,,,,,,
,,,,,,,,2,2020-10-15_14h30.55.878,premce_ses-02_part-02_label-phase2,2020.1.2,MacIntel,60,right,1.155125,2,1.32904,0,54,54,142,1,stimuli/objects/cow.jpg,right,new,143,,,,,,,,
,,,,,,,,2,2020-10-15_14h30.55.878,premce_ses-02_part-02_label-phase2,2020.1.2,MacIntel,60,left,1.29277,4,0.05649,0,55,55,37,1,stimuli/objects/donut.jpg,left,old,38,,,,,,,,
,,,,,,,,2,2020-10-15_14h30.55.878,premce_ses-02_part-02_label-phase2,2020.1.2,MacIntel,60,right,1.039625,3,0.082585,0,56,56,126,1,stimuli/objects/toynutcracker.jpg,right,new,127,,,,,,,,
,,,,,,,,2,2020-10-15_14h30.55.878,premce_ses-02_part-02_label-phase2,2020.1.2,MacIntel,60,right,1.34565,3,0.03379,0,57,57,3,1,stimuli/objects/sealion.jpg,left,old,4,,,,,,,,
,,,,,,,,2,2020-10-15_14h30.55.878,premce_ses-02_part-02_label-phase2,2020.1.2,MacIntel,60,right,1.475335,3,0.06381,0,58,58,156,1,stimuli/objects/battleaxe.jpg,right,new,157,,,,,,,,
,,,,,,,,2,2020-10-15_14h30.55.878,premce_ses-02_part-02_label-phase2,2020.1.2,MacIntel,60,right,0.93174,1,1.11311,0,59,59,101,1,stimuli/objects/wheelchair.jpg,left,old,102,,,,,,,,
,,,,,,,,2,2020-10-15_14h30.55.878,premce_ses-02_part-02_label-phase2,2020.1.2,MacIntel,60,right,1.0848,3,2.337865,0,60,60,27,1,stimuli/objects/fingerprint.jpg,left,old,28,,,,,,,,
,,,,,,,,2,2020-10-15_14h30.55.878,premce_ses-02_part-02_label-phase2,2020.1.2,MacIntel,60,left,1.08824,4,0.019205,0,61,61,70,1,stimuli/objects/apron.jpg,left,old,71,,,,,,,,
,,,,,,,,2,2020-10-15_14h30.55.878,premce_ses-02_part-02_label-phase2,2020.1.2,MacIntel,60,right,0.827725,3,0.000765,0,62,62,42,1,stimuli/objects/bowlingball.jpg,right,new,43,,,,,,,,
,,,,,,,,2,2020-10-15_14h30.55.878,premce_ses-02_part-02_label-phase2,2020.1.2,MacIntel,60,right,0.69046,3,0.08372,0,63,63,137,1,stimuli/objects/handheldtelescope.jpg,right,new,138,,,,,,,,
,,,,,,,,2,2020-10-15_14h30.55.878,premce_ses-02_part-02_label-phase2,2020.1.2,MacIntel,60,right,1.70964,3,0.10489,0,64,64,76,1,stimuli/objects/dromedary.jpg,left,old,77,,,,,,,,
,,,,,,,,2,2020-10-15_14h30.55.878,premce_ses-02_part-02_label-phase2,2020.1.2,MacIntel,60,right,0.89395,3,0.21307,0,65,65,96,1,stimuli/objects/pin.jpg,right,new,97,,,,,,,,
,,,,,,,,2,2020-10-15_14h30.55.878,premce_ses-02_part-02_label-phase2,2020.1.2,MacIntel,60,right,1.073555,4,0.377715,0,66,66,17,1,stimuli/objects/car.jpg,right,new,18,,,,,,,,
,,,,,,,,2,2020-10-15_14h30.55.878,premce_ses-02_part-02_label-phase2,2020.1.2,MacIntel,60,right,1.15322,4,0.160345,0,67,67,55,1,stimuli/objects/cremebrulee.jpg,right,new,56,,,,,,,,
,,,,,,,,2,2020-10-15_14h30.55.878,premce_ses-02_part-02_label-phase2,2020.1.2,MacIntel,60,right,0.82065,4,0.281045,0,68,68,32,1,stimuli/objects/paperairplane.jpg,right,new,33,,,,,,,,
,,,,,,,,2,2020-10-15_14h30.55.878,premce_ses-02_part-02_label-phase2,2020.1.2,MacIntel,60,right,3.810285,3,0.434035,0,69,69,31,1,stimuli/objects/faucet.jpg,right,new,32,,,,,,,,
,,,,,,,,2,2020-10-15_14h30.55.878,premce_ses-02_part-02_label-phase2,2020.1.2,MacIntel,60,right,0.6512,3,0.094025,0,70,70,77,1,stimuli/objects/aquarium.jpg,right,new,78,,,,,,,,
,,,,,,,,2,2020-10-15_14h30.55.878,premce_ses-02_part-02_label-phase2,2020.1.2,MacIntel,60,left,1.351645,2,0.776065,0,71,71,28,1,stimuli/objects/seaturtle.jpg,left,old,29,,,,,,,,
,,,,,,,,2,2020-10-15_14h30.55.878,premce_ses-02_part-02_label-phase2,2020.1.2,MacIntel,60,left,1.354665,3,0.122635,0,72,72,16,1,stimuli/objects/cashregister01.jpg,left,old,17,,,,,,,,
,,,,,,,,2,2020-10-15_14h30.55.878,premce_ses-02_part-02_label-phase2,2020.1.2,MacIntel,60,right,2.464945,2,2.04594,0,73,73,44,1,stimuli/objects/calendar.jpg,right,new,45,,,,,,,,
,,,,,,,,2,2020-10-15_14h30.55.878,premce_ses-02_part-02_label-phase2,2020.1.2,MacIntel,60,right,1.52292,3,0.00054,0,74,74,123,1,stimuli/objects/scooter.jpg,right,new,124,,,,,,,,
,,,,,,,,2,2020-10-15_14h30.55.878,premce_ses-02_part-02_label-phase2,2020.1.2,MacIntel,60,right,0.87952,3,0.00056,0,75,75,154,1,stimuli/objects/dartboard.jpg,left,old,155,,,,,,,,
,,,,,,,,2,2020-10-15_14h30.55.878,premce_ses-02_part-02_label-phase2,2020.1.2,MacIntel,60,left,0.87989,4,0.065155,0,76,76,135,1,stimuli/objects/dalmatian.jpg,left,old,136,,,,,,,,
,,,,,,,,2,2020-10-15_14h30.55.878,premce_ses-02_part-02_label-phase2,2020.1.2,MacIntel,60,right,0.9207,3,0.083185,0,77,77,1,1,stimuli/objects/key07.jpg,right,new,2,,,,,,,,
,,,,,,,,2,2020-10-15_14h30.55.878,premce_ses-02_part-02_label-phase2,2020.1.2,MacIntel,60,right,1.259955,3,0.48344,0,78,78,12,1,stimuli/objects/pingpongtable.jpg,right,new,13,,,,,,,,
,,,,,,,,2,2020-10-15_14h30.55.878,premce_ses-02_part-02_label-phase2,2020.1.2,MacIntel,60,right,2.95603,3,0.12901,0,79,79,43,1,stimuli/objects/slushiemachine.jpg,right,new,44,,,,,,,,
,,,,,,,,2,2020-10-15_14h30.55.878,premce_ses-02_part-02_label-phase2,2020.1.2,MacIntel,60,left,0.992225,4,0.14075,0,80,80,57,1,stimuli/objects/weddingcake.jpg,left,old,58,,,,,,,,
,,,,,,,,2,2020-10-15_14h30.55.878,premce_ses-02_part-02_label-phase2,2020.1.2,MacIntel,60,left,1.109295,4,0.05198,0,81,81,24,1,stimuli/objects/christmaslights.jpg,left,old,25,,,,,,,,
,,,,,,,,2,2020-10-15_14h30.55.878,premce_ses-02_part-02_label-phase2,2020.1.2,MacIntel,60,right,1.383375,3,0.07114,0,82,82,81,1,stimuli/objects/artichoke01b.jpg,right,new,82,,,,,,,,
,,,,,,,,2,2020-10-15_14h30.55.878,premce_ses-02_part-02_label-phase2,2020.1.2,MacIntel,60,right,0.726405,4,0.14283,0,83,83,15,1,stimuli/objects/lantern03.jpg,right,new,16,,,,,,,,
,,,,,,,,2,2020-10-15_14h30.55.878,premce_ses-02_part-02_label-phase2,2020.1.2,MacIntel,60,right,0.84154,4,0.163745,0,84,84,0,1,stimuli/objects/fishingrod.jpg,right,new,1,,,,,,,,
,,,,,,,,2,2020-10-15_14h30.55.878,premce_ses-02_part-02_label-phase2,2020.1.2,MacIntel,60,right,0.68812,1,0.868545,0,85,85,69,1,stimuli/objects/lightswitch01.jpg,left,old,70,,,,,,,,
,,,,,,,,2,2020-10-15_14h30.55.878,premce_ses-02_part-02_label-phase2,2020.1.2,MacIntel,60,left,2.310085,4,0.00075,0,86,86,122,1,stimuli/objects/pickaxe02.jpg,left,old,123,,,,,,,,
,,,,,,,,2,2020-10-15_14h30.55.878,premce_ses-02_part-02_label-phase2,2020.1.2,MacIntel,60,right,0.96488,3,0.027215,0,87,87,150,1,stimuli/objects/asianelephant.jpg,left,old,151,,,,,,,,
,,,,,,,,2,2020-10-15_14h30.55.878,premce_ses-02_part-02_label-phase2,2020.1.2,MacIntel,60,left,0.985215,4,0.119525,0,88,88,99,1,stimuli/objects/cactus.jpg,left,old,100,,,,,,,,
,,,,,,,,2,2020-10-15_14h30.55.878,premce_ses-02_part-02_label-phase2,2020.1.2,MacIntel,60,left,0.757155,4,0.03984,0,89,89,114,1,stimuli/objects/tie02.jpg,left,old,115,,,,,,,,
,,,,,,,,2,2020-10-15_14h30.55.878,premce_ses-02_part-02_label-phase2,2020.1.2,MacIntel,60,left,2.564545,4,0.161365,0,90,90,39,1,stimuli/objects/fridge.jpg,left,old,40,,,,,,,,
,,,,,,,,2,2020-10-15_14h30.55.878,premce_ses-02_part-02_label-phase2,2020.1.2,MacIntel,60,left,0.772035,4,0.13476,0,91,91,136,1,stimuli/objects/dreamcatcher.jpg,left,old,137,,,,,,,,
,,,,,,,,2,2020-10-15_14h30.55.878,premce_ses-02_part-02_label-phase2,2020.1.2,MacIntel,60,left,0.81757,4,0.167615,0,92,92,147,1,stimuli/objects/panda.jpg,left,old,148,,,,,,,,
,,,,,,,,2,2020-10-15_14h30.55.878,premce_ses-02_part-02_label-phase2,2020.1.2,MacIntel,60,right,2.82663,3,0.052775,0,93,93,155,1,stimuli/objects/trombone.jpg,right,new,156,,,,,,,,
,,,,,,,,2,2020-10-15_14h30.55.878,premce_ses-02_part-02_label-phase2,2020.1.2,MacIntel,60,right,1.295055,3,0.05971,0,94,94,38,1,stimuli/objects/coffeemaker.jpg,right,new,39,,,,,,,,
,,,,,,,,2,2020-10-15_14h30.55.878,premce_ses-02_part-02_label-phase2,2020.1.2,MacIntel,60,right,0.65344,4,0.06449,0,95,95,140,1,stimuli/objects/pooltable.jpg,right,new,141,,,,,,,,
,,,,,,,,2,2020-10-15_14h30.55.878,premce_ses-02_part-02_label-phase2,2020.1.2,MacIntel,60,right,0.634435,4,0.083415,0,96,96,124,1,stimuli/objects/birdhouse.jpg,right,new,125,,,,,,,,
,,,,,,,,2,2020-10-15_14h30.55.878,premce_ses-02_part-02_label-phase2,2020.1.2,MacIntel,60,left,0.82954,4,0.911725,0,97,97,95,1,stimuli/objects/spicerack.jpg,left,old,96,,,,,,,,
,,,,,,,,2,2020-10-15_14h30.55.878,premce_ses-02_part-02_label-phase2,2020.1.2,MacIntel,60,right,1.118415,3,1.186555,0,98,98,130,1,stimuli/objects/toyanimal05.jpg,left,old,131,,,,,,,,
,,,,,,,,2,2020-10-15_14h30.55.878,premce_ses-02_part-02_label-phase2,2020.1.2,MacIntel,60,left,1.036555,4,0.09891,0,99,99,36,1,stimuli/objects/cutlass.jpg,left,old,37,,,,,,,,
,,,,,,,,2,2020-10-15_14h30.55.878,premce_ses-02_part-02_label-phase2,2020.1.2,MacIntel,60,right,2.088765,3,0.24917,0,100,100,46,1,stimuli/objects/coffeemachine.jpg,right,new,47,,,,,,,,
,,,,,,,,2,2020-10-15_14h30.55.878,premce_ses-02_part-02_label-phase2,2020.1.2,MacIntel,60,left,1.139835,4,0.090945,0,101,101,62,1,stimuli/objects/icecube02.jpg,left,old,63,,,,,,,,
,,,,,,,,2,2020-10-15_14h30.55.878,premce_ses-02_part-02_label-phase2,2020.1.2,MacIntel,60,right,0.875685,3,0.02089,0,102,102,66,1,stimuli/objects/desktopcomputer.jpg,left,old,67,,,,,,,,
,,,,,,,,2,2020-10-15_14h30.55.878,premce_ses-02_part-02_label-phase2,2020.1.2,MacIntel,60,left,0.80387,1,0.610575,0,103,103,4,1,stimuli/objects/zipper.jpg,right,new,5,,,,,,,,
,,,,,,,,2,2020-10-15_14h30.55.878,premce_ses-02_part-02_label-phase2,2020.1.2,MacIntel,60,left,1.349615,4,0.001225,0,104,104,10,1,stimuli/objects/americanwhitepelican.jpg,left,old,11,,,,,,,,
,,,,,,,,2,2020-10-15_14h30.55.878,premce_ses-02_part-02_label-phase2,2020.1.2,MacIntel,60,right,0.78121,3,0.094515,0,105,105,90,1,stimuli/objects/ducttape.jpg,right,new,91,,,,,,,,
,,,,,,,,2,2020-10-15_14h30.55.878,premce_ses-02_part-02_label-phase2,2020.1.2,MacIntel,60,left,0.927745,4,0.065785,0,106,106,18,1,stimuli/objects/snowman.jpg,left,old,19,,,,,,,,
,,,,,,,,2,2020-10-15_14h30.55.878,premce_ses-02_part-02_label-phase2,2020.1.2,MacIntel,60,right,0.94667,3,0.000535,0,107,107,139,1,stimuli/objects/callbell.jpg,right,new,140,,,,,,,,
,,,,,,,,2,2020-10-15_14h30.55.878,premce_ses-02_part-02_label-phase2,2020.1.2,MacIntel,60,left,2.649185,2,0.25697,0,108,108,82,1,stimuli/objects/giraffe.jpg,left,old,83,,,,,,,,
,,,,,,,,2,2020-10-15_14h30.55.878,premce_ses-02_part-02_label-phase2,2020.1.2,MacIntel,60,right,1.353045,3,0.739265,0,109,109,138,1,stimuli/objects/raccoon.jpg,right,new,139,,,,,,,,
,,,,,,,,2,2020-10-15_14h30.55.878,premce_ses-02_part-02_label-phase2,2020.1.2,MacIntel,60,right,0.793625,3,0.182625,0,110,110,52,1,stimuli/objects/tree.jpg,right,new,53,,,,,,,,
,,,,,,,,2,2020-10-15_14h30.55.878,premce_ses-02_part-02_label-phase2,2020.1.2,MacIntel,60,right,2.18617,4,0.286985,0,111,111,94,1,stimuli/objects/statue.jpg,right,new,95,,,,,,,,
,,,,,,,,2,2020-10-15_14h30.55.878,premce_ses-02_part-02_label-phase2,2020.1.2,MacIntel,60,right,0.95016,4,0.325735,0,112,112,158,1,stimuli/objects/vulture.jpg,right,new,159,,,,,,,,
,,,,,,,,2,2020-10-15_14h30.55.878,premce_ses-02_part-02_label-phase2,2020.1.2,MacIntel,60,right,0.981705,4,0.026565,0,113,113,54,1,stimuli/objects/floorlamp.jpg,right,new,55,,,,,,,,
,,,,,,,,2,2020-10-15_14h30.55.878,premce_ses-02_part-02_label-phase2,2020.1.2,MacIntel,60,left,0.90424,4,0.1089,0,114,114,116,1,stimuli/objects/gavel.jpg,left,old,117,,,,,,,,
,,,,,,,,2,2020-10-15_14h30.55.878,premce_ses-02_part-02_label-phase2,2020.1.2,MacIntel,60,left,1.291595,4,0.09455,0,115,115,84,1,stimuli/objects/diploma02.jpg,left,old,85,,,,,,,,
,,,,,,,,2,2020-10-15_14h30.55.878,premce_ses-02_part-02_label-phase2,2020.1.2,MacIntel,60,left,0.930745,4,0.10327,0,116,116,144,1,stimuli/objects/eyepatch.jpg,left,old,145,,,,,,,,
,,,,,,,,2,2020-10-15_14h30.55.878,premce_ses-02_part-02_label-phase2,2020.1.2,MacIntel,60,left,0.77461,4,0.06118,0,117,117,141,1,stimuli/objects/lintroller.jpg,left,old,142,,,,,,,,
,,,,,,,,2,2020-10-15_14h30.55.878,premce_ses-02_part-02_label-phase2,2020.1.2,MacIntel,60,right,0.814145,3,0.02634,0,118,118,117,1,stimuli/objects/lollipop04.jpg,right,new,118,,,,,,,,
,,,,,,,,2,2020-10-15_14h30.55.878,premce_ses-02_part-02_label-phase2,2020.1.2,MacIntel,60,right,0.68456,3,0.02514,0,119,119,159,1,stimuli/objects/parrot01.jpg,left,old,160,,,,,,,,
,,,,,,,,2,2020-10-15_14h30.55.878,premce_ses-02_part-02_label-phase2,2020.1.2,MacIntel,60,right,1.03573,3,0.135875,0,120,120,50,1,stimuli/objects/windshieldwiper02.jpg,right,new,51,,,,,,,,
,,,,,,,,2,2020-10-15_14h30.55.878,premce_ses-02_part-02_label-phase2,2020.1.2,MacIntel,60,right,0.866375,4,0.180195,0,121,121,118,1,stimuli/objects/cruiseship.jpg,left,old,119,,,,,,,,
,,,,,,,,2,2020-10-15_14h30.55.878,premce_ses-02_part-02_label-phase2,2020.1.2,MacIntel,60,right,1.134715,1,0.54979,0,122,122,56,1,stimuli/objects/cannon.jpg,left,old,57,,,,,,,,
,,,,,,,,2,2020-10-15_14h30.55.878,premce_ses-02_part-02_label-phase2,2020.1.2,MacIntel,60,left,4.692365,2,0.23185,0,123,123,153,1,stimuli/objects/harmonica.jpg,right,new,154,,,,,,,,
,,,,,,,,2,2020-10-15_14h30.55.878,premce_ses-02_part-02_label-phase2,2020.1.2,MacIntel,60,right,1.825175,4,0.344945,0,124,124,71,1,stimuli/objects/bikelock.jpg,left,old,72,,,,,,,,
,,,,,,,,2,2020-10-15_14h30.55.878,premce_ses-02_part-02_label-phase2,2020.1.2,MacIntel,60,right,1.919665,3,0.000705,0,125,125,60,1,stimuli/objects/worldmap.jpg,left,old,61,,,,,,,,
,,,,,,,,2,2020-10-15_14h30.55.878,premce_ses-02_part-02_label-phase2,2020.1.2,MacIntel,60,right,0.9281,3,0.096465,0,126,126,105,1,stimuli/objects/penguin.jpg,right,new,106,,,,,,,,
,,,,,,,,2,2020-10-15_14h30.55.878,premce_ses-02_part-02_label-phase2,2020.1.2,MacIntel,60,left,3.727705,2,0.21858,0,127,127,148,1,stimuli/objects/skihelmet01.jpg,left,old,149,,,,,,,,
,,,,,,,,2,2020-10-15_14h30.55.878,premce_ses-02_part-02_label-phase2,2020.1.2,MacIntel,60,right,1.28726,3,1.16256,0,128,128,19,1,stimuli/objects/peacock.jpg,right,new,20,,,,,,,,
,,,,,,,,2,2020-10-15_14h30.55.878,premce_ses-02_part-02_label-phase2,2020.1.2,MacIntel,60,right,1.11327,4,0.125565,0,129,129,30,1,stimuli/objects/siamesecat.jpg,right,new,31,,,,,,,,
,,,,,,,,2,2020-10-15_14h30.55.878,premce_ses-02_part-02_label-phase2,2020.1.2,MacIntel,60,right,0.70135,4,0.00067,0,130,130,89,1,stimuli/objects/carbattery.jpg,left,old,90,,,,,,,,
,,,,,,,,2,2020-10-15_14h30.55.878,premce_ses-02_part-02_label-phase2,2020.1.2,MacIntel,60,left,2.50697,4,0.04981,0,131,131,80,1,stimuli/objects/church.jpg,left,old,81,,,,,,,,
,,,,,,,,2,2020-10-15_14h30.55.878,premce_ses-02_part-02_label-phase2,2020.1.2,MacIntel,60,left,1.386805,4,0.23286,0,132,132,143,1,stimuli/objects/turnstile.jpg,left,old,144,,,,,,,,
,,,,,,,,2,2020-10-15_14h30.55.878,premce_ses-02_part-02_label-phase2,2020.1.2,MacIntel,60,right,3.078745,2,0.671265,0,133,133,91,1,stimuli/objects/airhockeytable.jpg,right,new,92,,,,,,,,
,,,,,,,,2,2020-10-15_14h30.55.878,premce_ses-02_part-02_label-phase2,2020.1.2,MacIntel,60,right,4.294305,2,0.01561,0,134,134,34,1,stimuli/objects/ceilingfan01.jpg,right,new,35,,,,,,,,
,,,,,,,,2,2020-10-15_14h30.55.878,premce_ses-02_part-02_label-phase2,2020.1.2,MacIntel,60,left,1.152,4,0.137615,0,135,135,92,1,stimuli/objects/athleticsock.jpg,left,old,93,,,,,,,,
,,,,,,,,2,2020-10-15_14h30.55.878,premce_ses-02_part-02_label-phase2,2020.1.2,MacIntel,60,right,0.86556,3,0.164,0,136,136,73,1,stimuli/objects/ladybug03.jpg,right,new,74,,,,,,,,
,,,,,,,,2,2020-10-15_14h30.55.878,premce_ses-02_part-02_label-phase2,2020.1.2,MacIntel,60,right,1.1219,3,1.728255,0,137,137,121,1,stimuli/objects/triangle.jpg,left,old,122,,,,,,,,
,,,,,,,,2,2020-10-15_14h30.55.878,premce_ses-02_part-02_label-phase2,2020.1.2,MacIntel,60,right,2.160665,3,0.083675,0,138,138,13,1,stimuli/objects/lighthouse.jpg,right,new,14,,,,,,,,
,,,,,,,,2,2020-10-15_14h30.55.878,premce_ses-02_part-02_label-phase2,2020.1.2,MacIntel,60,right,0.960195,3,0.170705,0,139,139,103,1,stimuli/objects/skiboot01a.jpg,right,new,104,,,,,,,,
,,,,,,,,2,2020-10-15_14h30.55.878,premce_ses-02_part-02_label-phase2,2020.1.2,MacIntel,60,right,0.66708,3,0.138565,0,140,140,86,1,stimuli/objects/gorilla.jpg,right,new,87,,,,,,,,
,,,,,,,,2,2020-10-15_14h30.55.878,premce_ses-02_part-02_label-phase2,2020.1.2,MacIntel,60,right,0.679975,3,0.16721,0,141,141,108,1,stimuli/objects/brassknuckle.jpg,left,old,109,,,,,,,,
,,,,,,,,2,2020-10-15_14h30.55.878,premce_ses-02_part-02_label-phase2,2020.1.2,MacIntel,60,right,0.68658,3,0.103315,0,142,142,111,1,stimuli/objects/honeycomb.jpg,right,new,112,,,,,,,,
,,,,,,,,2,2020-10-15_14h30.55.878,premce_ses-02_part-02_label-phase2,2020.1.2,MacIntel,60,right,0.56508,3,0.10802,0,143,143,83,1,stimuli/objects/crab01.jpg,left,old,84,,,,,,,,
,,,,,,,,2,2020-10-15_14h30.55.878,premce_ses-02_part-02_label-phase2,2020.1.2,MacIntel,60,left,2.28968,3,0.01647,0,144,144,106,1,stimuli/objects/brownsugar.jpg,left,old,107,,,,,,,,
,,,,,,,,2,2020-10-15_14h30.55.878,premce_ses-02_part-02_label-phase2,2020.1.2,MacIntel,60,right,2.10393,3,0.000875,0,145,145,6,1,stimuli/objects/trojanhorse.jpg,right,new,7,,,,,,,,
,,,,,,,,2,2020-10-15_14h30.55.878,premce_ses-02_part-02_label-phase2,2020.1.2,MacIntel,60,right,0.794755,4,0.14048,0,146,146,22,1,stimuli/objects/toasteroven.jpg,right,new,23,,,,,,,,
,,,,,,,,2,2020-10-15_14h30.55.878,premce_ses-02_part-02_label-phase2,2020.1.2,MacIntel,60,right,1.88398,4,0.822785,0,147,147,41,1,stimuli/objects/spiderweb.jpg,right,new,42,,,,,,,,
,,,,,,,,2,2020-10-15_14h30.55.878,premce_ses-02_part-02_label-phase2,2020.1.2,MacIntel,60,right,5.25623,1,0.317465,0,148,148,59,1,stimuli/objects/forklift.jpg,left,old,60,,,,,,,,
,,,,,,,,2,2020-10-15_14h30.55.878,premce_ses-02_part-02_label-phase2,2020.1.2,MacIntel,60,right,2.53593,3,0.03412,0,149,149,47,1,stimuli/objects/ant.jpg,right,new,48,,,,,,,,
,,,,,,,,2,2020-10-15_14h30.55.878,premce_ses-02_part-02_label-phase2,2020.1.2,MacIntel,60,right,1.83626,3,0.23275,0,150,150,45,1,stimuli/objects/horseshoe.jpg,right,new,46,,,,,,,,
,,,,,,,,2,2020-10-15_14h30.55.878,premce_ses-02_part-02_label-phase2,2020.1.2,MacIntel,60,left,1.649015,4,0.95484,0,151,151,48,1,stimuli/objects/taxisign.jpg,left,old,49,,,,,,,,
,,,,,,,,2,2020-10-15_14h30.55.878,premce_ses-02_part-02_label-phase2,2020.1.2,MacIntel,60,right,0.723545,3,0.01191,0,152,152,49,1,stimuli/objects/microphone01.jpg,right,new,50,,,,,,,,
,,,,,,,,2,2020-10-15_14h30.55.878,premce_ses-02_part-02_label-phase2,2020.1.2,MacIntel,60,left,2.012755,2,0.260875,0,153,153,11,1,stimuli/objects/footballhelmet.jpg,left,old,12,,,,,,,,
,,,,,,,,2,2020-10-15_14h30.55.878,premce_ses-02_part-02_label-phase2,2020.1.2,MacIntel,60,left,3.60724,3,0.49009,0,154,154,14,1,stimuli/objects/riverotter.jpg,right,new,15,,,,,,,,
,,,,,,,,2,2020-10-15_14h30.55.878,premce_ses-02_part-02_label-phase2,2020.1.2,MacIntel,60,right,12.61976,3,2.06297,0,155,155,63,1,stimuli/objects/rose.jpg,right,new,64,,,,,,,,
,,,,,,,,2,2020-10-15_14h30.55.878,premce_ses-02_part-02_label-phase2,2020.1.2,MacIntel,60,right,1.368685,3,0.06329,0,156,156,58,1,stimuli/objects/file.jpg,right,new,59,,,,,,,,
,,,,,,,,2,2020-10-15_14h30.55.878,premce_ses-02_part-02_label-phase2,2020.1.2,MacIntel,60,right,1.34342,3,0.00923,0,157,157,20,1,stimuli/objects/escalator.jpg,left,old,21,,,,,,,,
,,,,,,,,2,2020-10-15_14h30.55.878,premce_ses-02_part-02_label-phase2,2020.1.2,MacIntel,60,left,1.23427,4,0.37166,0,158,158,100,1,stimuli/objects/baseballbat.jpg,left,old,101,,,,,,,,
,,,,,,,,2,2020-10-15_14h30.55.878,premce_ses-02_part-02_label-phase2,2020.1.2,MacIntel,60,left,0.57052,4,0.1369,0,159,159,132,1,stimuli/objects/trafficlight.jpg,left,old,133,,,,,,,,
,,,,,,,,2,2020-10-15_14h30.55.878,premce_ses-02_part-02_label-phase2,2020.1.2,MacIntel,60,,,,,,,,,,,,,,space,3.52556,0,1,1,0,1,ImagesforRecog1.csv
