instructions_loop.thisRepN,instructions_loop.thisTrialN,instructions_loop.thisN,instructions_loop.thisIndex,instructions_loop.ran,text1,text2,text3,participant,date,expName,psychopyVersion,OS,frameRate,recog_resp.keys,recog_resp.rt,conf_resp.keys,conf_resp.rt,recog_loop.thisRepN,recog_loop.thisTrialN,recog_loop.thisN,recog_loop.thisIndex,recog_loop.ran,images,corr_ans,type,order,key_resp_break.keys,key_resp_break.rt,list_loop.thisRepN,list_loop.thisTrialN,list_loop.thisN,list_loop.thisIndex,list_loop.ran,recog_list
0,0,0,0,1,Welcome to the last phase of this experiment!,,Please press the space bar to continue,3,2020-10-15_17h30.55.137,premce_ses-02_part-02_label-phase2,2020.1.2,Win32,60,,,,,,,,,,,,,,,,,,,,,
0,1,1,1,1,,"In this phase, you will see some objects. 

For each object, you should indicate whether you have seen it before during the experiment.

Press LEFT ARROW for YES
Press RIGHT ARROW for NO

",Please press the space bar to continue ,3,2020-10-15_17h30.55.137,premce_ses-02_part-02_label-phase2,2020.1.2,Win32,60,,,,,,,,,,,,,,,,,,,,,
0,2,2,2,1,,"After that, you will be asked how confident you are of your choice.

Please rate the confidence in your choce with the numbers from 1 to 4 of your keyboard. 

The numbers correspond to:

1 = Very unsure
2 = Unsure
3 = Sure
4 = Very Sure",Please press the space bar to continue,3,2020-10-15_17h30.55.137,premce_ses-02_part-02_label-phase2,2020.1.2,Win32,60,,,,,,,,,,,,,,,,,,,,,
,,,,,,,,3,2020-10-15_17h30.55.137,premce_ses-02_part-02_label-phase2,2020.1.2,Win32,60,left,1.72877,4,1.413,0,0,0,114,1,stimuli/objects/tie02.jpg,left,old,115,,,,,,,,
,,,,,,,,3,2020-10-15_17h30.55.137,premce_ses-02_part-02_label-phase2,2020.1.2,Win32,60,left,0.903155,4,0.604705,0,1,1,70,1,stimuli/objects/apron.jpg,left,old,71,,,,,,,,
,,,,,,,,3,2020-10-15_17h30.55.137,premce_ses-02_part-02_label-phase2,2020.1.2,Win32,60,left,1.40523,4,0.73453,0,2,2,99,1,stimuli/objects/cactus.jpg,left,old,100,,,,,,,,
,,,,,,,,3,2020-10-15_17h30.55.137,premce_ses-02_part-02_label-phase2,2020.1.2,Win32,60,right,1.08399,2,1.34722,0,3,3,20,1,stimuli/objects/escalator.jpg,left,old,21,,,,,,,,
,,,,,,,,3,2020-10-15_17h30.55.137,premce_ses-02_part-02_label-phase2,2020.1.2,Win32,60,left,1.342845,3,1.55668,0,4,4,56,1,stimuli/objects/cannon.jpg,left,old,57,,,,,,,,
,,,,,,,,3,2020-10-15_17h30.55.137,premce_ses-02_part-02_label-phase2,2020.1.2,Win32,60,left,1.059715,3,0.779955,0,5,5,61,1,stimuli/objects/birdnest.jpg,left,old,62,,,,,,,,
,,,,,,,,3,2020-10-15_17h30.55.137,premce_ses-02_part-02_label-phase2,2020.1.2,Win32,60,right,1.21053,2,1.44466,0,6,6,139,1,stimuli/objects/callbell.jpg,right,new,140,,,,,,,,
,,,,,,,,3,2020-10-15_17h30.55.137,premce_ses-02_part-02_label-phase2,2020.1.2,Win32,60,left,0.949275,4,0.3647,0,7,7,48,1,stimuli/objects/taxisign.jpg,left,old,49,,,,,,,,
,,,,,,,,3,2020-10-15_17h30.55.137,premce_ses-02_part-02_label-phase2,2020.1.2,Win32,60,right,1.334995,3,1.32205,0,8,8,127,1,stimuli/objects/macaroni01.jpg,right,new,128,,,,,,,,
,,,,,,,,3,2020-10-15_17h30.55.137,premce_ses-02_part-02_label-phase2,2020.1.2,Win32,60,left,1.09878,4,1.253535,0,9,9,72,1,stimuli/objects/crown.jpg,left,old,73,,,,,,,,
,,,,,,,,3,2020-10-15_17h30.55.137,premce_ses-02_part-02_label-phase2,2020.1.2,Win32,60,right,1.28971,3,1.638965,0,10,10,22,1,stimuli/objects/toasteroven.jpg,right,new,23,,,,,,,,
,,,,,,,,3,2020-10-15_17h30.55.137,premce_ses-02_part-02_label-phase2,2020.1.2,Win32,60,right,1.31475,3,0.979965,0,11,11,33,1,stimuli/objects/helicopter.jpg,right,new,34,,,,,,,,
,,,,,,,,3,2020-10-15_17h30.55.137,premce_ses-02_part-02_label-phase2,2020.1.2,Win32,60,left,0.761905,4,0.470065,0,12,12,85,1,stimuli/objects/frisbee.jpg,left,old,86,,,,,,,,
,,,,,,,,3,2020-10-15_17h30.55.137,premce_ses-02_part-02_label-phase2,2020.1.2,Win32,60,right,1.592275,3,1.11144,0,13,13,151,1,stimuli/objects/bolt01a.jpg,right,new,152,,,,,,,,
,,,,,,,,3,2020-10-15_17h30.55.137,premce_ses-02_part-02_label-phase2,2020.1.2,Win32,60,right,1.556435,2,1.628005,0,14,14,2,1,stimuli/objects/accordion01.jpg,right,new,3,,,,,,,,
,,,,,,,,3,2020-10-15_17h30.55.137,premce_ses-02_part-02_label-phase2,2020.1.2,Win32,60,right,0.942285,4,1.381625,0,15,15,130,1,stimuli/objects/toyanimal05.jpg,left,old,131,,,,,,,,
,,,,,,,,3,2020-10-15_17h30.55.137,premce_ses-02_part-02_label-phase2,2020.1.2,Win32,60,left,0.761875,4,0.387935,0,16,16,27,1,stimuli/objects/fingerprint.jpg,left,old,28,,,,,,,,
,,,,,,,,3,2020-10-15_17h30.55.137,premce_ses-02_part-02_label-phase2,2020.1.2,Win32,60,right,1.413695,4,0.83394,0,17,17,71,1,stimuli/objects/bikelock.jpg,left,old,72,,,,,,,,
,,,,,,,,3,2020-10-15_17h30.55.137,premce_ses-02_part-02_label-phase2,2020.1.2,Win32,60,left,0.815995,4,1.11519,0,18,18,28,1,stimuli/objects/seaturtle.jpg,left,old,29,,,,,,,,
,,,,,,,,3,2020-10-15_17h30.55.137,premce_ses-02_part-02_label-phase2,2020.1.2,Win32,60,right,0.78127,3,1.592085,0,19,19,147,1,stimuli/objects/panda.jpg,left,old,148,,,,,,,,
,,,,,,,,3,2020-10-15_17h30.55.137,premce_ses-02_part-02_label-phase2,2020.1.2,Win32,60,right,1.31732,4,1.225855,0,20,20,92,1,stimuli/objects/athleticsock.jpg,left,old,93,,,,,,,,
,,,,,,,,3,2020-10-15_17h30.55.137,premce_ses-02_part-02_label-phase2,2020.1.2,Win32,60,right,1.07228,3,1.643225,0,21,21,131,1,stimuli/objects/funnel.jpg,right,new,132,,,,,,,,
,,,,,,,,3,2020-10-15_17h30.55.137,premce_ses-02_part-02_label-phase2,2020.1.2,Win32,60,right,0.88065,4,1.10201,0,22,22,31,1,stimuli/objects/faucet.jpg,right,new,32,,,,,,,,
,,,,,,,,3,2020-10-15_17h30.55.137,premce_ses-02_part-02_label-phase2,2020.1.2,Win32,60,left,2.61865,2,1.03274,0,23,23,145,1,stimuli/objects/ironingboard01.jpg,right,new,146,,,,,,,,
,,,,,,,,3,2020-10-15_17h30.55.137,premce_ses-02_part-02_label-phase2,2020.1.2,Win32,60,right,0.85707,4,1.119995,0,24,24,17,1,stimuli/objects/car.jpg,right,new,18,,,,,,,,
,,,,,,,,3,2020-10-15_17h30.55.137,premce_ses-02_part-02_label-phase2,2020.1.2,Win32,60,left,1.33072,1,0.94948,0,25,25,140,1,stimuli/objects/pooltable.jpg,right,new,141,,,,,,,,
,,,,,,,,3,2020-10-15_17h30.55.137,premce_ses-02_part-02_label-phase2,2020.1.2,Win32,60,left,1.169015,1,0.6315,0,26,26,96,1,stimuli/objects/pin.jpg,right,new,97,,,,,,,,
,,,,,,,,3,2020-10-15_17h30.55.137,premce_ses-02_part-02_label-phase2,2020.1.2,Win32,60,left,1.09602,4,0.283685,0,27,27,132,1,stimuli/objects/trafficlight.jpg,left,old,133,,,,,,,,
,,,,,,,,3,2020-10-15_17h30.55.137,premce_ses-02_part-02_label-phase2,2020.1.2,Win32,60,right,1.50836,2,0.80937,0,28,28,21,1,stimuli/objects/hockeypuck.jpg,left,old,22,,,,,,,,
,,,,,,,,3,2020-10-15_17h30.55.137,premce_ses-02_part-02_label-phase2,2020.1.2,Win32,60,left,1.75204,4,0.94212,0,29,29,3,1,stimuli/objects/sealion.jpg,left,old,4,,,,,,,,
,,,,,,,,3,2020-10-15_17h30.55.137,premce_ses-02_part-02_label-phase2,2020.1.2,Win32,60,right,1.63816,3,0.9295,0,30,30,105,1,stimuli/objects/penguin.jpg,right,new,106,,,,,,,,
,,,,,,,,3,2020-10-15_17h30.55.137,premce_ses-02_part-02_label-phase2,2020.1.2,Win32,60,right,0.95539,2,1.456085,0,31,31,42,1,stimuli/objects/bowlingball.jpg,right,new,43,,,,,,,,
,,,,,,,,3,2020-10-15_17h30.55.137,premce_ses-02_part-02_label-phase2,2020.1.2,Win32,60,left,1.318015,4,0.77108,0,32,32,83,1,stimuli/objects/crab01.jpg,left,old,84,,,,,,,,
,,,,,,,,3,2020-10-15_17h30.55.137,premce_ses-02_part-02_label-phase2,2020.1.2,Win32,60,right,1.373755,3,0.991725,0,33,33,59,1,stimuli/objects/forklift.jpg,left,old,60,,,,,,,,
,,,,,,,,3,2020-10-15_17h30.55.137,premce_ses-02_part-02_label-phase2,2020.1.2,Win32,60,right,1.192485,3,1.08135,0,34,34,52,1,stimuli/objects/tree.jpg,right,new,53,,,,,,,,
,,,,,,,,3,2020-10-15_17h30.55.137,premce_ses-02_part-02_label-phase2,2020.1.2,Win32,60,right,1.07022,3,0.604905,0,35,35,138,1,stimuli/objects/raccoon.jpg,right,new,139,,,,,,,,
,,,,,,,,3,2020-10-15_17h30.55.137,premce_ses-02_part-02_label-phase2,2020.1.2,Win32,60,right,1.03854,3,1.064045,0,36,36,152,1,stimuli/objects/xylophone.jpg,left,old,153,,,,,,,,
,,,,,,,,3,2020-10-15_17h30.55.137,premce_ses-02_part-02_label-phase2,2020.1.2,Win32,60,left,1.005485,4,1.409175,0,37,37,135,1,stimuli/objects/dalmatian.jpg,left,old,136,,,,,,,,
,,,,,,,,3,2020-10-15_17h30.55.137,premce_ses-02_part-02_label-phase2,2020.1.2,Win32,60,right,0.782195,3,1.111955,0,38,38,141,1,stimuli/objects/lintroller.jpg,left,old,142,,,,,,,,
,,,,,,,,3,2020-10-15_17h30.55.137,premce_ses-02_part-02_label-phase2,2020.1.2,Win32,60,left,1.219015,4,0.915085,0,39,39,106,1,stimuli/objects/brownsugar.jpg,left,old,107,,,,,,,,
,,,,,,,,3,2020-10-15_17h30.55.137,premce_ses-02_part-02_label-phase2,2020.1.2,Win32,60,right,1.304685,3,1.69713,0,40,40,41,1,stimuli/objects/spiderweb.jpg,right,new,42,,,,,,,,
,,,,,,,,3,2020-10-15_17h30.55.137,premce_ses-02_part-02_label-phase2,2020.1.2,Win32,60,right,1.360835,3,1.891495,0,41,41,123,1,stimuli/objects/scooter.jpg,right,new,124,,,,,,,,
,,,,,,,,3,2020-10-15_17h30.55.137,premce_ses-02_part-02_label-phase2,2020.1.2,Win32,60,left,2.004355,2,1.14382,0,42,42,37,1,stimuli/objects/donut.jpg,left,old,38,,,,,,,,
,,,,,,,,3,2020-10-15_17h30.55.137,premce_ses-02_part-02_label-phase2,2020.1.2,Win32,60,right,1.401405,4,1.23097,0,43,43,112,1,stimuli/objects/webcam.jpg,right,new,113,,,,,,,,
,,,,,,,,3,2020-10-15_17h30.55.137,premce_ses-02_part-02_label-phase2,2020.1.2,Win32,60,left,1.00307,4,1.31472,0,44,44,100,1,stimuli/objects/baseballbat.jpg,left,old,101,,,,,,,,
,,,,,,,,3,2020-10-15_17h30.55.137,premce_ses-02_part-02_label-phase2,2020.1.2,Win32,60,right,1.74051,2,1.282505,0,45,45,143,1,stimuli/objects/turnstile.jpg,left,old,144,,,,,,,,
,,,,,,,,3,2020-10-15_17h30.55.137,premce_ses-02_part-02_label-phase2,2020.1.2,Win32,60,left,1.32109,1,1.26378,0,46,46,69,1,stimuli/objects/lightswitch01.jpg,left,old,70,,,,,,,,
,,,,,,,,3,2020-10-15_17h30.55.137,premce_ses-02_part-02_label-phase2,2020.1.2,Win32,60,right,1.01148,3,1.20817,0,47,47,47,1,stimuli/objects/ant.jpg,right,new,48,,,,,,,,
,,,,,,,,3,2020-10-15_17h30.55.137,premce_ses-02_part-02_label-phase2,2020.1.2,Win32,60,left,0.797445,4,0.320905,0,48,48,107,1,stimuli/objects/candycane01a.jpg,left,old,108,,,,,,,,
,,,,,,,,3,2020-10-15_17h30.55.137,premce_ses-02_part-02_label-phase2,2020.1.2,Win32,60,right,1.21074,4,0.367315,0,49,49,109,1,stimuli/objects/bathtub.jpg,right,new,110,,,,,,,,
,,,,,,,,3,2020-10-15_17h30.55.137,premce_ses-02_part-02_label-phase2,2020.1.2,Win32,60,right,0.897925,4,0.91033,0,50,50,68,1,stimuli/objects/ipad02.jpg,right,new,69,,,,,,,,
,,,,,,,,3,2020-10-15_17h30.55.137,premce_ses-02_part-02_label-phase2,2020.1.2,Win32,60,left,1.20689,3,1.270415,0,51,51,58,1,stimuli/objects/file.jpg,right,new,59,,,,,,,,
,,,,,,,,3,2020-10-15_17h30.55.137,premce_ses-02_part-02_label-phase2,2020.1.2,Win32,60,right,0.94823,4,2.34966,0,52,52,113,1,stimuli/objects/fortunecookie.jpg,right,new,114,,,,,,,,
,,,,,,,,3,2020-10-15_17h30.55.137,premce_ses-02_part-02_label-phase2,2020.1.2,Win32,60,right,0.90951,2,0.889525,0,53,53,125,1,stimuli/objects/horse.jpg,left,old,126,,,,,,,,
,,,,,,,,3,2020-10-15_17h30.55.137,premce_ses-02_part-02_label-phase2,2020.1.2,Win32,60,left,0.86359,4,1.27536,0,54,54,110,1,stimuli/objects/leafblower01.jpg,left,old,111,,,,,,,,
,,,,,,,,3,2020-10-15_17h30.55.137,premce_ses-02_part-02_label-phase2,2020.1.2,Win32,60,right,1.607235,2,1.42893,0,55,55,36,1,stimuli/objects/cutlass.jpg,left,old,37,,,,,,,,
,,,,,,,,3,2020-10-15_17h30.55.137,premce_ses-02_part-02_label-phase2,2020.1.2,Win32,60,right,2.51576,2,0.87129,0,56,56,54,1,stimuli/objects/floorlamp.jpg,right,new,55,,,,,,,,
,,,,,,,,3,2020-10-15_17h30.55.137,premce_ses-02_part-02_label-phase2,2020.1.2,Win32,60,right,0.77395,2,1.208375,0,57,57,40,1,stimuli/objects/bread.jpg,left,old,41,,,,,,,,
,,,,,,,,3,2020-10-15_17h30.55.137,premce_ses-02_part-02_label-phase2,2020.1.2,Win32,60,right,0.75719,3,0.922415,0,58,58,91,1,stimuli/objects/airhockeytable.jpg,right,new,92,,,,,,,,
,,,,,,,,3,2020-10-15_17h30.55.137,premce_ses-02_part-02_label-phase2,2020.1.2,Win32,60,left,0.8382,4,0.92063,0,59,59,84,1,stimuli/objects/diploma02.jpg,left,old,85,,,,,,,,
,,,,,,,,3,2020-10-15_17h30.55.137,premce_ses-02_part-02_label-phase2,2020.1.2,Win32,60,left,1.253455,4,0.70931,0,60,60,102,1,stimuli/objects/sheriffhat.jpg,left,old,103,,,,,,,,
,,,,,,,,3,2020-10-15_17h30.55.137,premce_ses-02_part-02_label-phase2,2020.1.2,Win32,60,left,1.02697,3,0.65534,0,61,61,88,1,stimuli/objects/bison.jpg,left,old,89,,,,,,,,
,,,,,,,,3,2020-10-15_17h30.55.137,premce_ses-02_part-02_label-phase2,2020.1.2,Win32,60,right,0.994585,2,1.24743,0,62,62,157,1,stimuli/objects/volleyball.jpg,left,old,158,,,,,,,,
,,,,,,,,3,2020-10-15_17h30.55.137,premce_ses-02_part-02_label-phase2,2020.1.2,Win32,60,left,1.05945,4,1.093435,0,63,63,19,1,stimuli/objects/peacock.jpg,right,new,20,,,,,,,,
,,,,,,,,3,2020-10-15_17h30.55.137,premce_ses-02_part-02_label-phase2,2020.1.2,Win32,60,left,1.941995,2,1.2329,0,64,64,90,1,stimuli/objects/ducttape.jpg,right,new,91,,,,,,,,
,,,,,,,,3,2020-10-15_17h30.55.137,premce_ses-02_part-02_label-phase2,2020.1.2,Win32,60,left,1.30684,2,0.258335,0,65,65,153,1,stimuli/objects/harmonica.jpg,right,new,154,,,,,,,,
,,,,,,,,3,2020-10-15_17h30.55.137,premce_ses-02_part-02_label-phase2,2020.1.2,Win32,60,left,1.215225,1,1.00564,0,66,66,87,1,stimuli/objects/parkingmeter.jpg,left,old,88,,,,,,,,
,,,,,,,,3,2020-10-15_17h30.55.137,premce_ses-02_part-02_label-phase2,2020.1.2,Win32,60,right,1.28301,2,0.499415,0,67,67,133,1,stimuli/objects/skateboard.jpg,left,old,134,,,,,,,,
,,,,,,,,3,2020-10-15_17h30.55.137,premce_ses-02_part-02_label-phase2,2020.1.2,Win32,60,left,1.018265,4,0.428845,0,68,68,76,1,stimuli/objects/dromedary.jpg,left,old,77,,,,,,,,
,,,,,,,,3,2020-10-15_17h30.55.137,premce_ses-02_part-02_label-phase2,2020.1.2,Win32,60,right,1.06513,2,0.797425,0,69,69,159,1,stimuli/objects/parrot01.jpg,left,old,160,,,,,,,,
,,,,,,,,3,2020-10-15_17h30.55.137,premce_ses-02_part-02_label-phase2,2020.1.2,Win32,60,right,0.9149,3,1.410235,0,70,70,122,1,stimuli/objects/pickaxe02.jpg,left,old,123,,,,,,,,
,,,,,,,,3,2020-10-15_17h30.55.137,premce_ses-02_part-02_label-phase2,2020.1.2,Win32,60,left,0.82649,4,1.13768,0,71,71,119,1,stimuli/objects/polarbear.jpg,left,old,120,,,,,,,,
,,,,,,,,3,2020-10-15_17h30.55.137,premce_ses-02_part-02_label-phase2,2020.1.2,Win32,60,right,0.78634,4,0.84159,0,72,72,51,1,stimuli/objects/cork02.jpg,right,new,52,,,,,,,,
,,,,,,,,3,2020-10-15_17h30.55.137,premce_ses-02_part-02_label-phase2,2020.1.2,Win32,60,right,1.48139,4,0.475575,0,73,73,26,1,stimuli/objects/snowglobe.jpg,right,new,27,,,,,,,,
,,,,,,,,3,2020-10-15_17h30.55.137,premce_ses-02_part-02_label-phase2,2020.1.2,Win32,60,left,1.450345,2,1.10599,0,74,74,53,1,stimuli/objects/rooster.jpg,right,new,54,,,,,,,,
,,,,,,,,3,2020-10-15_17h30.55.137,premce_ses-02_part-02_label-phase2,2020.1.2,Win32,60,left,0.68322,2,0.2736,0,75,75,142,1,stimuli/objects/cow.jpg,right,new,143,,,,,,,,
,,,,,,,,3,2020-10-15_17h30.55.137,premce_ses-02_part-02_label-phase2,2020.1.2,Win32,60,right,1.822205,4,0.87645,0,76,76,115,1,stimuli/objects/bleachers.jpg,left,old,116,,,,,,,,
,,,,,,,,3,2020-10-15_17h30.55.137,premce_ses-02_part-02_label-phase2,2020.1.2,Win32,60,right,1.44788,4,0.71092,0,77,77,63,1,stimuli/objects/rose.jpg,right,new,64,,,,,,,,
,,,,,,,,3,2020-10-15_17h30.55.137,premce_ses-02_part-02_label-phase2,2020.1.2,Win32,60,right,0.883425,4,1.34729,0,78,78,108,1,stimuli/objects/brassknuckle.jpg,left,old,109,,,,,,,,
,,,,,,,,3,2020-10-15_17h30.55.137,premce_ses-02_part-02_label-phase2,2020.1.2,Win32,60,left,1.46462,3,2.03169,0,79,79,154,1,stimuli/objects/dartboard.jpg,left,old,155,,,,,,,,
,,,,,,,,3,2020-10-15_17h30.55.137,premce_ses-02_part-02_label-phase2,2020.1.2,Win32,60,left,0.87867,4,0.4109,0,80,80,29,1,stimuli/objects/tombstone.jpg,left,old,30,,,,,,,,
,,,,,,,,3,2020-10-15_17h30.55.137,premce_ses-02_part-02_label-phase2,2020.1.2,Win32,60,right,1.00877,4,0.851095,0,81,81,124,1,stimuli/objects/birdhouse.jpg,right,new,125,,,,,,,,
,,,,,,,,3,2020-10-15_17h30.55.137,premce_ses-02_part-02_label-phase2,2020.1.2,Win32,60,right,0.832985,4,0.225095,0,82,82,126,1,stimuli/objects/toynutcracker.jpg,right,new,127,,,,,,,,
,,,,,,,,3,2020-10-15_17h30.55.137,premce_ses-02_part-02_label-phase2,2020.1.2,Win32,60,left,1.01617,3,0.953255,0,83,83,11,1,stimuli/objects/footballhelmet.jpg,left,old,12,,,,,,,,
,,,,,,,,3,2020-10-15_17h30.55.137,premce_ses-02_part-02_label-phase2,2020.1.2,Win32,60,left,0.88807,4,0.76696,0,84,84,10,1,stimuli/objects/americanwhitepelican.jpg,left,old,11,,,,,,,,
,,,,,,,,3,2020-10-15_17h30.55.137,premce_ses-02_part-02_label-phase2,2020.1.2,Win32,60,left,1.91007,3,1.25821,0,85,85,148,1,stimuli/objects/skihelmet01.jpg,left,old,149,,,,,,,,
,,,,,,,,3,2020-10-15_17h30.55.137,premce_ses-02_part-02_label-phase2,2020.1.2,Win32,60,left,0.723065,4,0.146695,0,86,86,118,1,stimuli/objects/cruiseship.jpg,left,old,119,,,,,,,,
,,,,,,,,3,2020-10-15_17h30.55.137,premce_ses-02_part-02_label-phase2,2020.1.2,Win32,60,right,0.785895,4,0.41486,0,87,87,32,1,stimuli/objects/paperairplane.jpg,right,new,33,,,,,,,,
,,,,,,,,3,2020-10-15_17h30.55.137,premce_ses-02_part-02_label-phase2,2020.1.2,Win32,60,left,0.829115,4,0.002555,0,88,88,24,1,stimuli/objects/christmaslights.jpg,left,old,25,,,,,,,,
,,,,,,,,3,2020-10-15_17h30.55.137,premce_ses-02_part-02_label-phase2,2020.1.2,Win32,60,left,0.87693,4,0.323945,0,89,89,62,1,stimuli/objects/icecube02.jpg,left,old,63,,,,,,,,
,,,,,,,,3,2020-10-15_17h30.55.137,premce_ses-02_part-02_label-phase2,2020.1.2,Win32,60,left,0.836735,4,0.266815,0,90,90,16,1,stimuli/objects/cashregister01.jpg,left,old,17,,,,,,,,
,,,,,,,,3,2020-10-15_17h30.55.137,premce_ses-02_part-02_label-phase2,2020.1.2,Win32,60,left,1.085645,1,0.77973,0,91,91,74,1,stimuli/objects/road02.jpg,right,new,75,,,,,,,,
,,,,,,,,3,2020-10-15_17h30.55.137,premce_ses-02_part-02_label-phase2,2020.1.2,Win32,60,right,1.144215,4,0.600145,0,92,92,64,1,stimuli/objects/baseballglove.jpg,right,new,65,,,,,,,,
,,,,,,,,3,2020-10-15_17h30.55.137,premce_ses-02_part-02_label-phase2,2020.1.2,Win32,60,left,1.02218,3,1.26662,0,93,93,25,1,stimuli/objects/kiwi03.jpg,left,old,26,,,,,,,,
,,,,,,,,3,2020-10-15_17h30.55.137,premce_ses-02_part-02_label-phase2,2020.1.2,Win32,60,left,0.776705,4,0.40031,0,94,94,79,1,stimuli/objects/jellybean.jpg,left,old,80,,,,,,,,
,,,,,,,,3,2020-10-15_17h30.55.137,premce_ses-02_part-02_label-phase2,2020.1.2,Win32,60,left,0.70084,4,0.431595,0,95,95,80,1,stimuli/objects/church.jpg,left,old,81,,,,,,,,
,,,,,,,,3,2020-10-15_17h30.55.137,premce_ses-02_part-02_label-phase2,2020.1.2,Win32,60,left,0.71305,4,0.178315,0,96,96,60,1,stimuli/objects/worldmap.jpg,left,old,61,,,,,,,,
,,,,,,,,3,2020-10-15_17h30.55.137,premce_ses-02_part-02_label-phase2,2020.1.2,Win32,60,right,1.1804,2,1.23824,0,97,97,0,1,stimuli/objects/fishingrod.jpg,right,new,1,,,,,,,,
,,,,,,,,3,2020-10-15_17h30.55.137,premce_ses-02_part-02_label-phase2,2020.1.2,Win32,60,right,1.294095,4,0.42537,0,98,98,44,1,stimuli/objects/calendar.jpg,right,new,45,,,,,,,,
,,,,,,,,3,2020-10-15_17h30.55.137,premce_ses-02_part-02_label-phase2,2020.1.2,Win32,60,right,1.5424,4,2.61028,0,99,99,103,1,stimuli/objects/skiboot01a.jpg,right,new,104,,,,,,,,
,,,,,,,,3,2020-10-15_17h30.55.137,premce_ses-02_part-02_label-phase2,2020.1.2,Win32,60,right,1.12905,4,0.98746,0,100,100,5,1,stimuli/objects/winniethepooh.jpg,left,old,6,,,,,,,,
,,,,,,,,3,2020-10-15_17h30.55.137,premce_ses-02_part-02_label-phase2,2020.1.2,Win32,60,right,1.39625,4,1.43246,0,101,101,15,1,stimuli/objects/lantern03.jpg,right,new,16,,,,,,,,
,,,,,,,,3,2020-10-15_17h30.55.137,premce_ses-02_part-02_label-phase2,2020.1.2,Win32,60,right,1.00698,4,0.393655,0,102,102,81,1,stimuli/objects/artichoke01b.jpg,right,new,82,,,,,,,,
,,,,,,,,3,2020-10-15_17h30.55.137,premce_ses-02_part-02_label-phase2,2020.1.2,Win32,60,right,0.74701,4,0.401105,0,103,103,34,1,stimuli/objects/ceilingfan01.jpg,right,new,35,,,,,,,,
,,,,,,,,3,2020-10-15_17h30.55.137,premce_ses-02_part-02_label-phase2,2020.1.2,Win32,60,right,0.990335,4,0.418765,0,104,104,94,1,stimuli/objects/statue.jpg,right,new,95,,,,,,,,
,,,,,,,,3,2020-10-15_17h30.55.137,premce_ses-02_part-02_label-phase2,2020.1.2,Win32,60,right,0.934795,2,1.393905,0,105,105,73,1,stimuli/objects/ladybug03.jpg,right,new,74,,,,,,,,
,,,,,,,,3,2020-10-15_17h30.55.137,premce_ses-02_part-02_label-phase2,2020.1.2,Win32,60,left,1.23731,4,1.01558,0,106,106,78,1,stimuli/objects/exitsign.jpg,left,old,79,,,,,,,,
,,,,,,,,3,2020-10-15_17h30.55.137,premce_ses-02_part-02_label-phase2,2020.1.2,Win32,60,right,1.147315,3,2.55708,0,107,107,50,1,stimuli/objects/windshieldwiper02.jpg,right,new,51,,,,,,,,
,,,,,,,,3,2020-10-15_17h30.55.137,premce_ses-02_part-02_label-phase2,2020.1.2,Win32,60,right,2.057915,4,2.299215,0,108,108,95,1,stimuli/objects/spicerack.jpg,left,old,96,,,,,,,,
,,,,,,,,3,2020-10-15_17h30.55.137,premce_ses-02_part-02_label-phase2,2020.1.2,Win32,60,left,1.30302,3,1.093665,0,109,109,120,1,stimuli/objects/mortarandpestle.jpg,left,old,121,,,,,,,,
,,,,,,,,3,2020-10-15_17h30.55.137,premce_ses-02_part-02_label-phase2,2020.1.2,Win32,60,left,1.095115,4,1.2959,0,110,110,39,1,stimuli/objects/fridge.jpg,left,old,40,,,,,,,,
,,,,,,,,3,2020-10-15_17h30.55.137,premce_ses-02_part-02_label-phase2,2020.1.2,Win32,60,right,1.941815,1,1.5932,0,111,111,46,1,stimuli/objects/coffeemachine.jpg,right,new,47,,,,,,,,
,,,,,,,,3,2020-10-15_17h30.55.137,premce_ses-02_part-02_label-phase2,2020.1.2,Win32,60,right,1.080445,4,1.48202,0,112,112,49,1,stimuli/objects/microphone01.jpg,right,new,50,,,,,,,,
,,,,,,,,3,2020-10-15_17h30.55.137,premce_ses-02_part-02_label-phase2,2020.1.2,Win32,60,left,1.352585,4,0.8632,0,113,113,129,1,stimuli/objects/walkietalkie.jpg,left,old,130,,,,,,,,
,,,,,,,,3,2020-10-15_17h30.55.137,premce_ses-02_part-02_label-phase2,2020.1.2,Win32,60,right,1.26773,3,2.459,0,114,114,89,1,stimuli/objects/carbattery.jpg,left,old,90,,,,,,,,
,,,,,,,,3,2020-10-15_17h30.55.137,premce_ses-02_part-02_label-phase2,2020.1.2,Win32,60,left,0.8358,4,0.858275,0,115,115,14,1,stimuli/objects/riverotter.jpg,right,new,15,,,,,,,,
,,,,,,,,3,2020-10-15_17h30.55.137,premce_ses-02_part-02_label-phase2,2020.1.2,Win32,60,right,1.185405,2,1.035395,0,116,116,150,1,stimuli/objects/asianelephant.jpg,left,old,151,,,,,,,,
,,,,,,,,3,2020-10-15_17h30.55.137,premce_ses-02_part-02_label-phase2,2020.1.2,Win32,60,left,1.232545,4,0.844085,0,117,117,65,1,stimuli/objects/blender.jpg,left,old,66,,,,,,,,
,,,,,,,,3,2020-10-15_17h30.55.137,premce_ses-02_part-02_label-phase2,2020.1.2,Win32,60,right,0.88436,2,2.61149,0,118,118,116,1,stimuli/objects/gavel.jpg,left,old,117,,,,,,,,
,,,,,,,,3,2020-10-15_17h30.55.137,premce_ses-02_part-02_label-phase2,2020.1.2,Win32,60,left,1.71045,3,1.294585,0,119,119,111,1,stimuli/objects/honeycomb.jpg,right,new,112,,,,,,,,
,,,,,,,,3,2020-10-15_17h30.55.137,premce_ses-02_part-02_label-phase2,2020.1.2,Win32,60,right,0.96737,2,0.892625,0,120,120,137,1,stimuli/objects/handheldtelescope.jpg,right,new,138,,,,,,,,
,,,,,,,,3,2020-10-15_17h30.55.137,premce_ses-02_part-02_label-phase2,2020.1.2,Win32,60,right,0.80721,4,1.41544,0,121,121,93,1,stimuli/objects/pirateflag.jpg,right,new,94,,,,,,,,
,,,,,,,,3,2020-10-15_17h30.55.137,premce_ses-02_part-02_label-phase2,2020.1.2,Win32,60,right,1.4398,4,0.605065,0,122,122,128,1,stimuli/objects/toilet.jpg,right,new,129,,,,,,,,
,,,,,,,,3,2020-10-15_17h30.55.137,premce_ses-02_part-02_label-phase2,2020.1.2,Win32,60,right,0.682675,4,0.37125,0,123,123,104,1,stimuli/objects/sledgehammer.jpg,right,new,105,,,,,,,,
,,,,,,,,3,2020-10-15_17h30.55.137,premce_ses-02_part-02_label-phase2,2020.1.2,Win32,60,right,1.22599,4,0.420355,0,124,124,6,1,stimuli/objects/trojanhorse.jpg,right,new,7,,,,,,,,
,,,,,,,,3,2020-10-15_17h30.55.137,premce_ses-02_part-02_label-phase2,2020.1.2,Win32,60,right,2.22657,4,0.143615,0,125,125,67,1,stimuli/objects/steeringwheel.jpg,right,new,68,,,,,,,,
,,,,,,,,3,2020-10-15_17h30.55.137,premce_ses-02_part-02_label-phase2,2020.1.2,Win32,60,right,1.002745,4,0.47673,0,126,126,9,1,stimuli/objects/granolabar01.jpg,left,old,10,,,,,,,,
,,,,,,,,3,2020-10-15_17h30.55.137,premce_ses-02_part-02_label-phase2,2020.1.2,Win32,60,right,0.771505,4,0.36319,0,127,127,77,1,stimuli/objects/aquarium.jpg,right,new,78,,,,,,,,
,,,,,,,,3,2020-10-15_17h30.55.137,premce_ses-02_part-02_label-phase2,2020.1.2,Win32,60,right,0.702615,4,0.31648,0,128,128,1,1,stimuli/objects/key07.jpg,right,new,2,,,,,,,,
,,,,,,,,3,2020-10-15_17h30.55.137,premce_ses-02_part-02_label-phase2,2020.1.2,Win32,60,right,0.633745,4,0.392325,0,129,129,8,1,stimuli/objects/treadmill.jpg,left,old,9,,,,,,,,
,,,,,,,,3,2020-10-15_17h30.55.137,premce_ses-02_part-02_label-phase2,2020.1.2,Win32,60,left,0.793065,4,0.45078,0,130,130,18,1,stimuli/objects/snowman.jpg,left,old,19,,,,,,,,
,,,,,,,,3,2020-10-15_17h30.55.137,premce_ses-02_part-02_label-phase2,2020.1.2,Win32,60,right,1.139515,3,1.328925,0,131,131,30,1,stimuli/objects/siamesecat.jpg,right,new,31,,,,,,,,
,,,,,,,,3,2020-10-15_17h30.55.137,premce_ses-02_part-02_label-phase2,2020.1.2,Win32,60,right,1.23194,4,0.28053,0,132,132,75,1,stimuli/objects/castle.jpg,right,new,76,,,,,,,,
,,,,,,,,3,2020-10-15_17h30.55.137,premce_ses-02_part-02_label-phase2,2020.1.2,Win32,60,left,1.132185,3,1.12219,0,133,133,101,1,stimuli/objects/wheelchair.jpg,left,old,102,,,,,,,,
,,,,,,,,3,2020-10-15_17h30.55.137,premce_ses-02_part-02_label-phase2,2020.1.2,Win32,60,right,1.536765,2,0.92051,0,134,134,86,1,stimuli/objects/gorilla.jpg,right,new,87,,,,,,,,
,,,,,,,,3,2020-10-15_17h30.55.137,premce_ses-02_part-02_label-phase2,2020.1.2,Win32,60,right,1.01591,2,0.40135,0,135,135,23,1,stimuli/objects/bat.jpg,right,new,24,,,,,,,,
,,,,,,,,3,2020-10-15_17h30.55.137,premce_ses-02_part-02_label-phase2,2020.1.2,Win32,60,left,1.25781,2,0.49535,0,136,136,13,1,stimuli/objects/lighthouse.jpg,right,new,14,,,,,,,,
,,,,,,,,3,2020-10-15_17h30.55.137,premce_ses-02_part-02_label-phase2,2020.1.2,Win32,60,right,1.61083,4,1.485815,0,137,137,7,1,stimuli/objects/whiteout.jpg,right,new,8,,,,,,,,
,,,,,,,,3,2020-10-15_17h30.55.137,premce_ses-02_part-02_label-phase2,2020.1.2,Win32,60,left,0.8743,3,0.67172,0,138,138,158,1,stimuli/objects/vulture.jpg,right,new,159,,,,,,,,
,,,,,,,,3,2020-10-15_17h30.55.137,premce_ses-02_part-02_label-phase2,2020.1.2,Win32,60,right,0.76958,4,0.80341,0,139,139,156,1,stimuli/objects/battleaxe.jpg,right,new,157,,,,,,,,
,,,,,,,,3,2020-10-15_17h30.55.137,premce_ses-02_part-02_label-phase2,2020.1.2,Win32,60,left,1.134905,1,0.85812,0,140,140,45,1,stimuli/objects/horseshoe.jpg,right,new,46,,,,,,,,
,,,,,,,,3,2020-10-15_17h30.55.137,premce_ses-02_part-02_label-phase2,2020.1.2,Win32,60,left,1.659145,4,0.98936,0,141,141,144,1,stimuli/objects/eyepatch.jpg,left,old,145,,,,,,,,
,,,,,,,,3,2020-10-15_17h30.55.137,premce_ses-02_part-02_label-phase2,2020.1.2,Win32,60,right,0.85644,2,1.001955,0,142,142,66,1,stimuli/objects/desktopcomputer.jpg,left,old,67,,,,,,,,
,,,,,,,,3,2020-10-15_17h30.55.137,premce_ses-02_part-02_label-phase2,2020.1.2,Win32,60,right,0.893975,2,2.05822,0,143,143,38,1,stimuli/objects/coffeemaker.jpg,right,new,39,,,,,,,,
,,,,,,,,3,2020-10-15_17h30.55.137,premce_ses-02_part-02_label-phase2,2020.1.2,Win32,60,left,1.102035,3,0.83056,0,144,144,98,1,stimuli/objects/well.jpg,left,old,99,,,,,,,,
,,,,,,,,3,2020-10-15_17h30.55.137,premce_ses-02_part-02_label-phase2,2020.1.2,Win32,60,right,1.185815,2,1.220575,0,145,145,35,1,stimuli/objects/flag.jpg,left,old,36,,,,,,,,
,,,,,,,,3,2020-10-15_17h30.55.137,premce_ses-02_part-02_label-phase2,2020.1.2,Win32,60,right,1.21315,4,1.056595,0,146,146,43,1,stimuli/objects/slushiemachine.jpg,right,new,44,,,,,,,,
,,,,,,,,3,2020-10-15_17h30.55.137,premce_ses-02_part-02_label-phase2,2020.1.2,Win32,60,right,3.006195,3,1.492845,0,147,147,136,1,stimuli/objects/dreamcatcher.jpg,left,old,137,,,,,,,,
,,,,,,,,3,2020-10-15_17h30.55.137,premce_ses-02_part-02_label-phase2,2020.1.2,Win32,60,left,1.109235,4,0.738715,0,148,148,121,1,stimuli/objects/triangle.jpg,left,old,122,,,,,,,,
,,,,,,,,3,2020-10-15_17h30.55.137,premce_ses-02_part-02_label-phase2,2020.1.2,Win32,60,left,1.189425,4,0.353465,0,149,149,57,1,stimuli/objects/weddingcake.jpg,left,old,58,,,,,,,,
,,,,,,,,3,2020-10-15_17h30.55.137,premce_ses-02_part-02_label-phase2,2020.1.2,Win32,60,right,1.40746,3,2.0625,0,150,150,149,1,stimuli/objects/electrictoothbrush01c.jpg,right,new,150,,,,,,,,
,,,,,,,,3,2020-10-15_17h30.55.137,premce_ses-02_part-02_label-phase2,2020.1.2,Win32,60,left,1.333795,3,1.65791,0,151,151,146,1,stimuli/objects/martiniglass01b.jpg,left,old,147,,,,,,,,
,,,,,,,,3,2020-10-15_17h30.55.137,premce_ses-02_part-02_label-phase2,2020.1.2,Win32,60,left,1.175815,3,1.13769,0,152,152,12,1,stimuli/objects/pingpongtable.jpg,right,new,13,,,,,,,,
,,,,,,,,3,2020-10-15_17h30.55.137,premce_ses-02_part-02_label-phase2,2020.1.2,Win32,60,left,0.829555,4,0.00275,0,153,153,82,1,stimuli/objects/giraffe.jpg,left,old,83,,,,,,,,
,,,,,,,,3,2020-10-15_17h30.55.137,premce_ses-02_part-02_label-phase2,2020.1.2,Win32,60,right,2.06129,2,0.899375,0,154,154,134,1,stimuli/objects/rubikcube.jpg,right,new,135,,,,,,,,
,,,,,,,,3,2020-10-15_17h30.55.137,premce_ses-02_part-02_label-phase2,2020.1.2,Win32,60,right,0.985845,1,0.762595,0,155,155,55,1,stimuli/objects/cremebrulee.jpg,right,new,56,,,,,,,,
,,,,,,,,3,2020-10-15_17h30.55.137,premce_ses-02_part-02_label-phase2,2020.1.2,Win32,60,right,1.4157,1,0.617755,0,156,156,117,1,stimuli/objects/lollipop04.jpg,right,new,118,,,,,,,,
,,,,,,,,3,2020-10-15_17h30.55.137,premce_ses-02_part-02_label-phase2,2020.1.2,Win32,60,left,0.967845,3,0.899575,0,157,157,97,1,stimuli/objects/watercooler.jpg,left,old,98,,,,,,,,
,,,,,,,,3,2020-10-15_17h30.55.137,premce_ses-02_part-02_label-phase2,2020.1.2,Win32,60,right,1.88269,3,1.27071,0,158,158,4,1,stimuli/objects/zipper.jpg,right,new,5,,,,,,,,
,,,,,,,,3,2020-10-15_17h30.55.137,premce_ses-02_part-02_label-phase2,2020.1.2,Win32,60,left,1.173215,3,1.4159,0,159,159,155,1,stimuli/objects/trombone.jpg,right,new,156,,,,,,,,
,,,,,,,,3,2020-10-15_17h30.55.137,premce_ses-02_part-02_label-phase2,2020.1.2,Win32,60,,,,,,,,,,,,,,space,3.30183,0,0,0,0,1,ImagesforRecog1.csv
,,,,,,,,3,2020-10-15_17h30.55.137,premce_ses-02_part-02_label-phase2,2020.1.2,Win32,60,right,2.48798,2,1.75808,0,0,0,137,1,stimuli/objects/jackrabbit.jpg,left,old,298,,,,,,,,
,,,,,,,,3,2020-10-15_17h30.55.137,premce_ses-02_part-02_label-phase2,2020.1.2,Win32,60,left,1.332615,4,0.244375,0,1,1,32,1,stimuli/objects/seagull.jpg,left,old,193,,,,,,,,
,,,,,,,,3,2020-10-15_17h30.55.137,premce_ses-02_part-02_label-phase2,2020.1.2,Win32,60,left,1.438225,4,0.33264,0,2,2,3,1,stimuli/objects/pitchfork.jpg,right,new,164,,,,,,,,
,,,,,,,,3,2020-10-15_17h30.55.137,premce_ses-02_part-02_label-phase2,2020.1.2,Win32,60,left,1.011245,3,0.80689,0,3,3,136,1,stimuli/objects/platypus.jpg,right,new,297,,,,,,,,
,,,,,,,,3,2020-10-15_17h30.55.137,premce_ses-02_part-02_label-phase2,2020.1.2,Win32,60,right,1.388165,3,1.270695,0,4,4,156,1,stimuli/objects/faxmachine.jpg,right,new,317,,,,,,,,
,,,,,,,,3,2020-10-15_17h30.55.137,premce_ses-02_part-02_label-phase2,2020.1.2,Win32,60,right,2.145855,2,2.192355,0,5,5,143,1,stimuli/objects/squirrel.jpg,right,new,304,,,,,,,,
,,,,,,,,3,2020-10-15_17h30.55.137,premce_ses-02_part-02_label-phase2,2020.1.2,Win32,60,right,0.961815,3,1.64622,0,6,6,78,1,stimuli/objects/smartboard.jpg,right,new,239,,,,,,,,
,,,,,,,,3,2020-10-15_17h30.55.137,premce_ses-02_part-02_label-phase2,2020.1.2,Win32,60,left,1.68521,4,1.175305,0,7,7,22,1,stimuli/objects/schoolbus.jpg,right,new,183,,,,,,,,
,,,,,,,,3,2020-10-15_17h30.55.137,premce_ses-02_part-02_label-phase2,2020.1.2,Win32,60,left,2.48946,2,1.060665,0,8,8,94,1,stimuli/objects/cormorant.jpg,right,new,255,,,,,,,,
,,,,,,,,3,2020-10-15_17h30.55.137,premce_ses-02_part-02_label-phase2,2020.1.2,Win32,60,right,1.715385,3,1.36714,0,9,9,28,1,stimuli/objects/freezer02.jpg,right,new,189,,,,,,,,
,,,,,,,,3,2020-10-15_17h30.55.137,premce_ses-02_part-02_label-phase2,2020.1.2,Win32,60,right,0.988085,3,1.519825,0,10,10,48,1,stimuli/objects/fishskeleton.jpg,right,new,209,,,,,,,,
,,,,,,,,3,2020-10-15_17h30.55.137,premce_ses-02_part-02_label-phase2,2020.1.2,Win32,60,left,2.675555,4,1.2195,0,11,11,53,1,stimuli/objects/ear.jpg,left,old,214,,,,,,,,
,,,,,,,,3,2020-10-15_17h30.55.137,premce_ses-02_part-02_label-phase2,2020.1.2,Win32,60,left,0.90755,4,0.27915,0,12,12,15,1,stimuli/objects/tent.jpg,left,old,176,,,,,,,,
,,,,,,,,3,2020-10-15_17h30.55.137,premce_ses-02_part-02_label-phase2,2020.1.2,Win32,60,left,0.9337,4,0.20325,0,13,13,149,1,stimuli/objects/hulahoop.jpg,left,old,310,,,,,,,,
,,,,,,,,3,2020-10-15_17h30.55.137,premce_ses-02_part-02_label-phase2,2020.1.2,Win32,60,left,1.225735,4,0.637445,0,14,14,93,1,stimuli/objects/moth.jpg,right,new,254,,,,,,,,
,,,,,,,,3,2020-10-15_17h30.55.137,premce_ses-02_part-02_label-phase2,2020.1.2,Win32,60,left,1.1405,4,0.18425,0,15,15,133,1,stimuli/objects/kneepad01c.jpg,left,old,294,,,,,,,,
,,,,,,,,3,2020-10-15_17h30.55.137,premce_ses-02_part-02_label-phase2,2020.1.2,Win32,60,left,0.76057,4,0.105835,0,16,16,105,1,stimuli/objects/cuttlefish.jpg,left,old,266,,,,,,,,
,,,,,,,,3,2020-10-15_17h30.55.137,premce_ses-02_part-02_label-phase2,2020.1.2,Win32,60,left,1.061675,4,0.218305,0,17,17,35,1,stimuli/objects/eiffeltower.jpg,right,new,196,,,,,,,,
,,,,,,,,3,2020-10-15_17h30.55.137,premce_ses-02_part-02_label-phase2,2020.1.2,Win32,60,right,0.84832,3,1.039485,0,18,18,154,1,stimuli/objects/guitarcase.jpg,right,new,315,,,,,,,,
,,,,,,,,3,2020-10-15_17h30.55.137,premce_ses-02_part-02_label-phase2,2020.1.2,Win32,60,left,0.99426,4,0.398315,0,19,19,60,1,stimuli/objects/dormer.jpg,left,old,221,,,,,,,,
,,,,,,,,3,2020-10-15_17h30.55.137,premce_ses-02_part-02_label-phase2,2020.1.2,Win32,60,left,1.23655,4,0.05217,0,20,20,128,1,stimuli/objects/tricornhat.jpg,right,new,289,,,,,,,,
,,,,,,,,3,2020-10-15_17h30.55.137,premce_ses-02_part-02_label-phase2,2020.1.2,Win32,60,left,0.782925,4,0.002595,0,21,21,57,1,stimuli/objects/pumpkin.jpg,left,old,218,,,,,,,,
,,,,,,,,3,2020-10-15_17h30.55.137,premce_ses-02_part-02_label-phase2,2020.1.2,Win32,60,right,0.634855,3,0.824875,0,22,22,17,1,stimuli/objects/mrpotatohead.jpg,right,new,178,,,,,,,,
,,,,,,,,3,2020-10-15_17h30.55.137,premce_ses-02_part-02_label-phase2,2020.1.2,Win32,60,right,1.1344,3,0.53113,0,23,23,144,1,stimuli/objects/filingcabinet.jpg,right,new,305,,,,,,,,
,,,,,,,,3,2020-10-15_17h30.55.137,premce_ses-02_part-02_label-phase2,2020.1.2,Win32,60,right,1.451055,4,0.284495,0,24,24,147,1,stimuli/objects/hotdog.jpg,right,new,308,,,,,,,,
,,,,,,,,3,2020-10-15_17h30.55.137,premce_ses-02_part-02_label-phase2,2020.1.2,Win32,60,right,1.37474,3,0.152795,0,25,25,7,1,stimuli/objects/sink.jpg,right,new,168,,,,,,,,
,,,,,,,,3,2020-10-15_17h30.55.137,premce_ses-02_part-02_label-phase2,2020.1.2,Win32,60,left,0.85354,3,0.860405,0,26,26,72,1,stimuli/objects/shoppingcart.jpg,left,old,233,,,,,,,,
,,,,,,,,3,2020-10-15_17h30.55.137,premce_ses-02_part-02_label-phase2,2020.1.2,Win32,60,left,2.146065,4,0.14616,0,27,27,73,1,stimuli/objects/barrel01.jpg,left,old,234,,,,,,,,
,,,,,,,,3,2020-10-15_17h30.55.137,premce_ses-02_part-02_label-phase2,2020.1.2,Win32,60,right,1.15883,3,0.511485,0,28,28,66,1,stimuli/objects/tulip02.jpg,right,new,227,,,,,,,,
,,,,,,,,3,2020-10-15_17h30.55.137,premce_ses-02_part-02_label-phase2,2020.1.2,Win32,60,right,1.147835,3,1.005335,0,29,29,11,1,stimuli/objects/nunchuk.jpg,right,new,172,,,,,,,,
,,,,,,,,3,2020-10-15_17h30.55.137,premce_ses-02_part-02_label-phase2,2020.1.2,Win32,60,left,0.869805,4,0.19947,0,30,30,126,1,stimuli/objects/entrancegate.jpg,left,old,287,,,,,,,,
,,,,,,,,3,2020-10-15_17h30.55.137,premce_ses-02_part-02_label-phase2,2020.1.2,Win32,60,left,1.185495,4,0.00416,0,31,31,153,1,stimuli/objects/toysoldier01b.jpg,left,old,314,,,,,,,,
,,,,,,,,3,2020-10-15_17h30.55.137,premce_ses-02_part-02_label-phase2,2020.1.2,Win32,60,right,1.524155,2,1.361795,0,32,32,43,1,stimuli/objects/tricycle.jpg,left,old,204,,,,,,,,
,,,,,,,,3,2020-10-15_17h30.55.137,premce_ses-02_part-02_label-phase2,2020.1.2,Win32,60,right,1.260225,2,0.653395,0,33,33,6,1,stimuli/objects/rollerblade.jpg,right,new,167,,,,,,,,
,,,,,,,,3,2020-10-15_17h30.55.137,premce_ses-02_part-02_label-phase2,2020.1.2,Win32,60,left,0.994145,4,0.90504,0,34,34,106,1,stimuli/objects/nosmokingsign.jpg,right,new,267,,,,,,,,
,,,,,,,,3,2020-10-15_17h30.55.137,premce_ses-02_part-02_label-phase2,2020.1.2,Win32,60,right,0.93211,1,1.604915,0,35,35,2,1,stimuli/objects/shelves.jpg,left,old,163,,,,,,,,
,,,,,,,,3,2020-10-15_17h30.55.137,premce_ses-02_part-02_label-phase2,2020.1.2,Win32,60,right,1.6042,1,0.27019,0,36,36,99,1,stimuli/objects/basketball01.jpg,left,old,260,,,,,,,,
,,,,,,,,3,2020-10-15_17h30.55.137,premce_ses-02_part-02_label-phase2,2020.1.2,Win32,60,right,1.373965,3,0.77541,0,37,37,77,1,stimuli/objects/cowbell.jpg,right,new,238,,,,,,,,
,,,,,,,,3,2020-10-15_17h30.55.137,premce_ses-02_part-02_label-phase2,2020.1.2,Win32,60,left,0.73171,3,0.296265,0,38,38,44,1,stimuli/objects/canoepaddle02.jpg,left,old,205,,,,,,,,
,,,,,,,,3,2020-10-15_17h30.55.137,premce_ses-02_part-02_label-phase2,2020.1.2,Win32,60,right,0.96102,3,1.11559,0,39,39,81,1,stimuli/objects/painting.jpg,right,new,242,,,,,,,,
,,,,,,,,3,2020-10-15_17h30.55.137,premce_ses-02_part-02_label-phase2,2020.1.2,Win32,60,right,1.02928,2,0.523165,0,40,40,38,1,stimuli/objects/bull.jpg,right,new,199,,,,,,,,
,,,,,,,,3,2020-10-15_17h30.55.137,premce_ses-02_part-02_label-phase2,2020.1.2,Win32,60,left,1.225105,4,0.806975,0,41,41,50,1,stimuli/objects/honeybee.jpg,left,old,211,,,,,,,,
,,,,,,,,3,2020-10-15_17h30.55.137,premce_ses-02_part-02_label-phase2,2020.1.2,Win32,60,left,0.777125,4,0.171155,0,42,42,47,1,stimuli/objects/jellyfish.jpg,left,old,208,,,,,,,,
,,,,,,,,3,2020-10-15_17h30.55.137,premce_ses-02_part-02_label-phase2,2020.1.2,Win32,60,left,1.04803,4,1.270375,0,43,43,54,1,stimuli/objects/stepladder.jpg,left,old,215,,,,,,,,
,,,,,,,,3,2020-10-15_17h30.55.137,premce_ses-02_part-02_label-phase2,2020.1.2,Win32,60,right,0.792325,2,0.60505,0,44,44,82,1,stimuli/objects/missile.jpg,right,new,243,,,,,,,,
,,,,,,,,3,2020-10-15_17h30.55.137,premce_ses-02_part-02_label-phase2,2020.1.2,Win32,60,right,1.81238,3,1.793925,0,45,45,102,1,stimuli/objects/englishcucumber.jpg,right,new,263,,,,,,,,
,,,,,,,,3,2020-10-15_17h30.55.137,premce_ses-02_part-02_label-phase2,2020.1.2,Win32,60,left,0.88646,4,0.126035,0,46,46,158,1,stimuli/objects/bed.jpg,left,old,319,,,,,,,,
,,,,,,,,3,2020-10-15_17h30.55.137,premce_ses-02_part-02_label-phase2,2020.1.2,Win32,60,right,0.73066,4,1.01327,0,47,47,100,1,stimuli/objects/gps.jpg,right,new,261,,,,,,,,
,,,,,,,,3,2020-10-15_17h30.55.137,premce_ses-02_part-02_label-phase2,2020.1.2,Win32,60,right,0.91822,2,1.34389,0,48,48,69,1,stimuli/objects/banjo.jpg,right,new,230,,,,,,,,
,,,,,,,,3,2020-10-15_17h30.55.137,premce_ses-02_part-02_label-phase2,2020.1.2,Win32,60,left,1.82093,3,1.419575,0,49,49,104,1,stimuli/objects/mirror02.jpg,left,old,265,,,,,,,,
,,,,,,,,3,2020-10-15_17h30.55.137,premce_ses-02_part-02_label-phase2,2020.1.2,Win32,60,left,1.32344,3,2.04879,0,50,50,109,1,stimuli/objects/spaghetti01.jpg,left,old,270,,,,,,,,
,,,,,,,,3,2020-10-15_17h30.55.137,premce_ses-02_part-02_label-phase2,2020.1.2,Win32,60,left,0.98182,4,0.99356,0,51,51,13,1,stimuli/objects/monarchbutterfly.jpg,left,old,174,,,,,,,,
,,,,,,,,3,2020-10-15_17h30.55.137,premce_ses-02_part-02_label-phase2,2020.1.2,Win32,60,left,0.90193,4,0.17614,0,52,52,116,1,stimuli/objects/greywolf.jpg,left,old,277,,,,,,,,
,,,,,,,,3,2020-10-15_17h30.55.137,premce_ses-02_part-02_label-phase2,2020.1.2,Win32,60,right,1.748045,4,1.688075,0,53,53,152,1,stimuli/objects/waterfall.jpg,right,new,313,,,,,,,,
,,,,,,,,3,2020-10-15_17h30.55.137,premce_ses-02_part-02_label-phase2,2020.1.2,Win32,60,left,0.990085,4,0.165915,0,54,54,0,1,stimuli/objects/ostrich.jpg,right,new,161,,,,,,,,
,,,,,,,,3,2020-10-15_17h30.55.137,premce_ses-02_part-02_label-phase2,2020.1.2,Win32,60,right,1.042825,2,1.505635,0,55,55,87,1,stimuli/objects/gazebo.jpg,left,old,248,,,,,,,,
,,,,,,,,3,2020-10-15_17h30.55.137,premce_ses-02_part-02_label-phase2,2020.1.2,Win32,60,right,2.331035,3,2.81464,0,56,56,49,1,stimuli/objects/moon.jpg,right,new,210,,,,,,,,
,,,,,,,,3,2020-10-15_17h30.55.137,premce_ses-02_part-02_label-phase2,2020.1.2,Win32,60,right,1.110795,2,0.853315,0,57,57,67,1,stimuli/objects/golfball.jpg,left,old,228,,,,,,,,
,,,,,,,,3,2020-10-15_17h30.55.137,premce_ses-02_part-02_label-phase2,2020.1.2,Win32,60,left,1.30174,3,1.15314,0,58,58,79,1,stimuli/objects/beerbottle.jpg,left,old,240,,,,,,,,
,,,,,,,,3,2020-10-15_17h30.55.137,premce_ses-02_part-02_label-phase2,2020.1.2,Win32,60,left,0.855545,3,0.213175,0,59,59,88,1,stimuli/objects/handbrush02.jpg,left,old,249,,,,,,,,
,,,,,,,,3,2020-10-15_17h30.55.137,premce_ses-02_part-02_label-phase2,2020.1.2,Win32,60,right,1.018865,3,1.040585,0,60,60,141,1,stimuli/objects/parachute.jpg,right,new,302,,,,,,,,
,,,,,,,,3,2020-10-15_17h30.55.137,premce_ses-02_part-02_label-phase2,2020.1.2,Win32,60,right,0.717915,3,0.577295,0,61,61,31,1,stimuli/objects/swing.jpg,right,new,192,,,,,,,,
,,,,,,,,3,2020-10-15_17h30.55.137,premce_ses-02_part-02_label-phase2,2020.1.2,Win32,60,right,0.878425,3,0.433245,0,62,62,71,1,stimuli/objects/cross01.jpg,right,new,232,,,,,,,,
,,,,,,,,3,2020-10-15_17h30.55.137,premce_ses-02_part-02_label-phase2,2020.1.2,Win32,60,left,0.804895,4,0.419725,0,63,63,145,1,stimuli/objects/makiroll.jpg,left,old,306,,,,,,,,
,,,,,,,,3,2020-10-15_17h30.55.137,premce_ses-02_part-02_label-phase2,2020.1.2,Win32,60,right,1.08916,3,1.264275,0,64,64,150,1,stimuli/objects/urinal.jpg,left,old,311,,,,,,,,
,,,,,,,,3,2020-10-15_17h30.55.137,premce_ses-02_part-02_label-phase2,2020.1.2,Win32,60,right,0.7935,3,0.23677,0,65,65,111,1,stimuli/objects/trailer.jpg,right,new,272,,,,,,,,
,,,,,,,,3,2020-10-15_17h30.55.137,premce_ses-02_part-02_label-phase2,2020.1.2,Win32,60,right,1.036065,2,1.19384,0,66,66,131,1,stimuli/objects/tablesaw.jpg,left,old,292,,,,,,,,
,,,,,,,,3,2020-10-15_17h30.55.137,premce_ses-02_part-02_label-phase2,2020.1.2,Win32,60,right,0.89095,3,0.675445,0,67,67,62,1,stimuli/objects/sandbarshark.jpg,right,new,223,,,,,,,,
,,,,,,,,3,2020-10-15_17h30.55.137,premce_ses-02_part-02_label-phase2,2020.1.2,Win32,60,right,0.73754,2,1.173685,0,68,68,30,1,stimuli/objects/waterfountain02.jpg,right,new,191,,,,,,,,
,,,,,,,,3,2020-10-15_17h30.55.137,premce_ses-02_part-02_label-phase2,2020.1.2,Win32,60,right,0.960085,3,0.40949,0,69,69,33,1,stimuli/objects/doghouse.jpg,left,old,194,,,,,,,,
,,,,,,,,3,2020-10-15_17h30.55.137,premce_ses-02_part-02_label-phase2,2020.1.2,Win32,60,left,1.30281,2,1.347675,0,70,70,125,1,stimuli/objects/chipmunk.jpg,right,new,286,,,,,,,,
,,,,,,,,3,2020-10-15_17h30.55.137,premce_ses-02_part-02_label-phase2,2020.1.2,Win32,60,right,0.979315,3,0.67946,0,71,71,65,1,stimuli/objects/armchair02.jpg,right,new,226,,,,,,,,
,,,,,,,,3,2020-10-15_17h30.55.137,premce_ses-02_part-02_label-phase2,2020.1.2,Win32,60,right,2.40921,2,1.301355,0,72,72,59,1,stimuli/objects/saltshaker03a.jpg,right,new,220,,,,,,,,
,,,,,,,,3,2020-10-15_17h30.55.137,premce_ses-02_part-02_label-phase2,2020.1.2,Win32,60,right,1.5532,2,0.418525,0,73,73,34,1,stimuli/objects/sandcastle.jpg,left,old,195,,,,,,,,
,,,,,,,,3,2020-10-15_17h30.55.137,premce_ses-02_part-02_label-phase2,2020.1.2,Win32,60,left,0.9576,4,0.344845,0,74,74,155,1,stimuli/objects/popcorn.jpg,left,old,316,,,,,,,,
,,,,,,,,3,2020-10-15_17h30.55.137,premce_ses-02_part-02_label-phase2,2020.1.2,Win32,60,right,1.78933,2,1.1838,0,75,75,107,1,stimuli/objects/skipole.jpg,left,old,268,,,,,,,,
,,,,,,,,3,2020-10-15_17h30.55.137,premce_ses-02_part-02_label-phase2,2020.1.2,Win32,60,right,1.615025,2,0.81944,0,76,76,138,1,stimuli/objects/wallclock.jpg,right,new,299,,,,,,,,
,,,,,,,,3,2020-10-15_17h30.55.137,premce_ses-02_part-02_label-phase2,2020.1.2,Win32,60,left,0.725935,3,0.851925,0,77,77,40,1,stimuli/objects/porcupine.jpg,left,old,201,,,,,,,,
,,,,,,,,3,2020-10-15_17h30.55.137,premce_ses-02_part-02_label-phase2,2020.1.2,Win32,60,right,1.06536,3,0.576175,0,78,78,92,1,stimuli/objects/buoy.jpg,left,old,253,,,,,,,,
,,,,,,,,3,2020-10-15_17h30.55.137,premce_ses-02_part-02_label-phase2,2020.1.2,Win32,60,left,1.00899,3,1.11701,0,79,79,9,1,stimuli/objects/dolphin01.jpg,left,old,170,,,,,,,,
,,,,,,,,3,2020-10-15_17h30.55.137,premce_ses-02_part-02_label-phase2,2020.1.2,Win32,60,right,0.77205,3,0.895685,0,80,80,90,1,stimuli/objects/vacuumcleaner01.jpg,right,new,251,,,,,,,,
,,,,,,,,3,2020-10-15_17h30.55.137,premce_ses-02_part-02_label-phase2,2020.1.2,Win32,60,right,0.896125,3,0.63579,0,81,81,55,1,stimuli/objects/chime.jpg,right,new,216,,,,,,,,
,,,,,,,,3,2020-10-15_17h30.55.137,premce_ses-02_part-02_label-phase2,2020.1.2,Win32,60,right,1.724535,3,0.664335,0,82,82,51,1,stimuli/objects/bus.jpg,left,old,212,,,,,,,,
,,,,,,,,3,2020-10-15_17h30.55.137,premce_ses-02_part-02_label-phase2,2020.1.2,Win32,60,left,1.23536,4,0.47815,0,83,83,110,1,stimuli/objects/scalpel.jpg,left,old,271,,,,,,,,
,,,,,,,,3,2020-10-15_17h30.55.137,premce_ses-02_part-02_label-phase2,2020.1.2,Win32,60,left,0.913475,4,0.15979,0,84,84,61,1,stimuli/objects/graduationcap.jpg,left,old,222,,,,,,,,
,,,,,,,,3,2020-10-15_17h30.55.137,premce_ses-02_part-02_label-phase2,2020.1.2,Win32,60,right,0.736825,3,0.698035,0,85,85,16,1,stimuli/objects/cymbal.jpg,right,new,177,,,,,,,,
,,,,,,,,3,2020-10-15_17h30.55.137,premce_ses-02_part-02_label-phase2,2020.1.2,Win32,60,right,1.26628,3,1.12151,0,86,86,56,1,stimuli/objects/bumpercar.jpg,right,new,217,,,,,,,,
,,,,,,,,3,2020-10-15_17h30.55.137,premce_ses-02_part-02_label-phase2,2020.1.2,Win32,60,right,0.806845,2,0.64885,0,87,87,134,1,stimuli/objects/windturbine.jpg,left,old,295,,,,,,,,
,,,,,,,,3,2020-10-15_17h30.55.137,premce_ses-02_part-02_label-phase2,2020.1.2,Win32,60,left,1.56246,4,0.28075,0,88,88,21,1,stimuli/objects/acorn.jpg,left,old,182,,,,,,,,
,,,,,,,,3,2020-10-15_17h30.55.137,premce_ses-02_part-02_label-phase2,2020.1.2,Win32,60,right,0.78652,3,0.833255,0,89,89,139,1,stimuli/objects/floortile02.jpg,right,new,300,,,,,,,,
,,,,,,,,3,2020-10-15_17h30.55.137,premce_ses-02_part-02_label-phase2,2020.1.2,Win32,60,left,1.16866,4,1.358095,0,90,90,23,1,stimuli/objects/flugglehorn.jpg,left,old,184,,,,,,,,
,,,,,,,,3,2020-10-15_17h30.55.137,premce_ses-02_part-02_label-phase2,2020.1.2,Win32,60,right,2.47168,3,1.46694,0,91,91,26,1,stimuli/objects/cookingpot.jpg,right,new,187,,,,,,,,
,,,,,,,,3,2020-10-15_17h30.55.137,premce_ses-02_part-02_label-phase2,2020.1.2,Win32,60,left,0.693295,4,0.00149,0,92,92,96,1,stimuli/objects/jeans01.jpg,left,old,257,,,,,,,,
,,,,,,,,3,2020-10-15_17h30.55.137,premce_ses-02_part-02_label-phase2,2020.1.2,Win32,60,left,0.60071,4,0.614005,0,93,93,8,1,stimuli/objects/bluejay.jpg,left,old,169,,,,,,,,
,,,,,,,,3,2020-10-15_17h30.55.137,premce_ses-02_part-02_label-phase2,2020.1.2,Win32,60,right,0.790125,3,0.798565,0,94,94,68,1,stimuli/objects/sailboat.jpg,right,new,229,,,,,,,,
,,,,,,,,3,2020-10-15_17h30.55.137,premce_ses-02_part-02_label-phase2,2020.1.2,Win32,60,left,0.79329,2,0.60536,0,95,95,95,1,stimuli/objects/mouse.jpg,right,new,256,,,,,,,,
,,,,,,,,3,2020-10-15_17h30.55.137,premce_ses-02_part-02_label-phase2,2020.1.2,Win32,60,right,0.85536,2,0.47926,0,96,96,89,1,stimuli/objects/bowlingpin.jpg,left,old,250,,,,,,,,
,,,,,,,,3,2020-10-15_17h30.55.137,premce_ses-02_part-02_label-phase2,2020.1.2,Win32,60,left,2.2118,2,0.124835,0,97,97,36,1,stimuli/objects/recyclingbin.jpg,right,new,197,,,,,,,,
,,,,,,,,3,2020-10-15_17h30.55.137,premce_ses-02_part-02_label-phase2,2020.1.2,Win32,60,right,0.85556,3,0.7679,0,98,98,5,1,stimuli/objects/morningstar.jpg,right,new,166,,,,,,,,
,,,,,,,,3,2020-10-15_17h30.55.137,premce_ses-02_part-02_label-phase2,2020.1.2,Win32,60,left,0.8202,4,1.22844,0,99,99,24,1,stimuli/objects/stool01.jpg,left,old,185,,,,,,,,
,,,,,,,,3,2020-10-15_17h30.55.137,premce_ses-02_part-02_label-phase2,2020.1.2,Win32,60,right,1.022435,3,1.479965,0,100,100,29,1,stimuli/objects/showerhead01.jpg,left,old,190,,,,,,,,
,,,,,,,,3,2020-10-15_17h30.55.137,premce_ses-02_part-02_label-phase2,2020.1.2,Win32,60,right,0.929825,3,0.86582,0,101,101,64,1,stimuli/objects/cupcake.jpg,right,new,225,,,,,,,,
,,,,,,,,3,2020-10-15_17h30.55.137,premce_ses-02_part-02_label-phase2,2020.1.2,Win32,60,left,1.014785,4,1.043305,0,102,102,123,1,stimuli/objects/zebra.jpg,left,old,284,,,,,,,,
,,,,,,,,3,2020-10-15_17h30.55.137,premce_ses-02_part-02_label-phase2,2020.1.2,Win32,60,right,1.3083,4,1.03584,0,103,103,157,1,stimuli/objects/lip.jpg,right,new,318,,,,,,,,
,,,,,,,,3,2020-10-15_17h30.55.137,premce_ses-02_part-02_label-phase2,2020.1.2,Win32,60,left,0.899835,3,1.016885,0,104,104,91,1,stimuli/objects/lawnmower.jpg,right,new,252,,,,,,,,
,,,,,,,,3,2020-10-15_17h30.55.137,premce_ses-02_part-02_label-phase2,2020.1.2,Win32,60,left,1.13381,4,0.616845,0,105,105,113,1,stimuli/objects/dogsled.jpg,left,old,274,,,,,,,,
,,,,,,,,3,2020-10-15_17h30.55.137,premce_ses-02_part-02_label-phase2,2020.1.2,Win32,60,right,1.05973,3,2.489175,0,106,106,142,1,stimuli/objects/curtain.jpg,right,new,303,,,,,,,,
,,,,,,,,3,2020-10-15_17h30.55.137,premce_ses-02_part-02_label-phase2,2020.1.2,Win32,60,left,1.55403,2,0.230045,0,107,107,140,1,stimuli/objects/hammerheadshark.jpg,right,new,301,,,,,,,,
,,,,,,,,3,2020-10-15_17h30.55.137,premce_ses-02_part-02_label-phase2,2020.1.2,Win32,60,left,0.733675,3,1.361005,0,108,108,45,1,stimuli/objects/dolly01.jpg,right,new,206,,,,,,,,
,,,,,,,,3,2020-10-15_17h30.55.137,premce_ses-02_part-02_label-phase2,2020.1.2,Win32,60,right,1.227985,2,1.36639,0,109,109,98,1,stimuli/objects/pig.jpg,right,new,259,,,,,,,,
,,,,,,,,3,2020-10-15_17h30.55.137,premce_ses-02_part-02_label-phase2,2020.1.2,Win32,60,left,1.74476,4,0.20278,0,110,110,42,1,stimuli/objects/electricguitar01.jpg,left,old,203,,,,,,,,
,,,,,,,,3,2020-10-15_17h30.55.137,premce_ses-02_part-02_label-phase2,2020.1.2,Win32,60,left,1.000295,4,0.308215,0,111,111,114,1,stimuli/objects/turkey.jpg,left,old,275,,,,,,,,
,,,,,,,,3,2020-10-15_17h30.55.137,premce_ses-02_part-02_label-phase2,2020.1.2,Win32,60,right,1.04789,2,2.05802,0,112,112,130,1,stimuli/objects/sausage.jpg,right,new,291,,,,,,,,
,,,,,,,,3,2020-10-15_17h30.55.137,premce_ses-02_part-02_label-phase2,2020.1.2,Win32,60,right,1.73374,2,0.660775,0,113,113,84,1,stimuli/objects/musicstand.jpg,left,old,245,,,,,,,,
,,,,,,,,3,2020-10-15_17h30.55.137,premce_ses-02_part-02_label-phase2,2020.1.2,Win32,60,left,0.875105,3,1.993005,0,114,114,63,1,stimuli/objects/witchhat.jpg,left,old,224,,,,,,,,
,,,,,,,,3,2020-10-15_17h30.55.137,premce_ses-02_part-02_label-phase2,2020.1.2,Win32,60,left,0.738485,4,0.245035,0,115,115,10,1,stimuli/objects/locomotive.jpg,left,old,171,,,,,,,,
,,,,,,,,3,2020-10-15_17h30.55.137,premce_ses-02_part-02_label-phase2,2020.1.2,Win32,60,left,0.786565,4,1.00587,0,116,116,120,1,stimuli/objects/soccerball.jpg,left,old,281,,,,,,,,
,,,,,,,,3,2020-10-15_17h30.55.137,premce_ses-02_part-02_label-phase2,2020.1.2,Win32,60,left,0.743055,4,0.001865,0,117,117,124,1,stimuli/objects/kangaroo01.jpg,right,new,285,,,,,,,,
,,,,,,,,3,2020-10-15_17h30.55.137,premce_ses-02_part-02_label-phase2,2020.1.2,Win32,60,right,0.960505,2,0.997895,0,118,118,108,1,stimuli/objects/boxingglove01.jpg,right,new,269,,,,,,,,
,,,,,,,,3,2020-10-15_17h30.55.137,premce_ses-02_part-02_label-phase2,2020.1.2,Win32,60,right,1.09184,2,0.47938,0,119,119,58,1,stimuli/objects/shipinabottle.jpg,right,new,219,,,,,,,,
,,,,,,,,3,2020-10-15_17h30.55.137,premce_ses-02_part-02_label-phase2,2020.1.2,Win32,60,left,0.782925,4,0.756305,0,120,120,27,1,stimuli/objects/star.jpg,left,old,188,,,,,,,,
,,,,,,,,3,2020-10-15_17h30.55.137,premce_ses-02_part-02_label-phase2,2020.1.2,Win32,60,left,0.87753,4,0.114415,0,121,121,4,1,stimuli/objects/bowrake.jpg,right,new,165,,,,,,,,
,,,,,,,,3,2020-10-15_17h30.55.137,premce_ses-02_part-02_label-phase2,2020.1.2,Win32,60,right,0.729285,3,1.513505,0,122,122,115,1,stimuli/objects/contactlens.jpg,right,new,276,,,,,,,,
,,,,,,,,3,2020-10-15_17h30.55.137,premce_ses-02_part-02_label-phase2,2020.1.2,Win32,60,right,0.951435,1,1.323185,0,123,123,151,1,stimuli/objects/gecko.jpg,left,old,312,,,,,,,,
,,,,,,,,3,2020-10-15_17h30.55.137,premce_ses-02_part-02_label-phase2,2020.1.2,Win32,60,right,1.703035,4,1.382295,0,124,124,148,1,stimuli/objects/shield02.jpg,right,new,309,,,,,,,,
,,,,,,,,3,2020-10-15_17h30.55.137,premce_ses-02_part-02_label-phase2,2020.1.2,Win32,60,right,1.340775,4,0.011515,0,125,125,85,1,stimuli/objects/gong.jpg,right,new,246,,,,,,,,
,,,,,,,,3,2020-10-15_17h30.55.137,premce_ses-02_part-02_label-phase2,2020.1.2,Win32,60,right,0.88613,2,1.1208,0,126,126,129,1,stimuli/objects/treestump.jpg,right,new,290,,,,,,,,
,,,,,,,,3,2020-10-15_17h30.55.137,premce_ses-02_part-02_label-phase2,2020.1.2,Win32,60,right,1.262305,2,0.77651,0,127,127,12,1,stimuli/objects/safe.jpg,right,new,173,,,,,,,,
,,,,,,,,3,2020-10-15_17h30.55.137,premce_ses-02_part-02_label-phase2,2020.1.2,Win32,60,right,2.30983,3,1.18318,0,128,128,101,1,stimuli/objects/stairs.jpg,left,old,262,,,,,,,,
,,,,,,,,3,2020-10-15_17h30.55.137,premce_ses-02_part-02_label-phase2,2020.1.2,Win32,60,right,1.79559,3,0.705935,0,129,129,122,1,stimuli/objects/crosscountryski.jpg,left,old,283,,,,,,,,
,,,,,,,,3,2020-10-15_17h30.55.137,premce_ses-02_part-02_label-phase2,2020.1.2,Win32,60,left,0.927515,2,1.339395,0,130,130,127,1,stimuli/objects/jaguar.jpg,left,old,288,,,,,,,,
,,,,,,,,3,2020-10-15_17h30.55.137,premce_ses-02_part-02_label-phase2,2020.1.2,Win32,60,right,1.771905,2,0.26125,0,131,131,19,1,stimuli/objects/chimney.jpg,right,new,180,,,,,,,,
,,,,,,,,3,2020-10-15_17h30.55.137,premce_ses-02_part-02_label-phase2,2020.1.2,Win32,60,left,0.770335,3,0.8141,0,132,132,14,1,stimuli/objects/hockeystick.jpg,left,old,175,,,,,,,,
,,,,,,,,3,2020-10-15_17h30.55.137,premce_ses-02_part-02_label-phase2,2020.1.2,Win32,60,right,0.924795,1,0.94409,0,133,133,18,1,stimuli/objects/discoball.jpg,right,new,179,,,,,,,,
,,,,,,,,3,2020-10-15_17h30.55.137,premce_ses-02_part-02_label-phase2,2020.1.2,Win32,60,left,0.82861,2,2.64109,0,134,134,103,1,stimuli/objects/beaver.jpg,left,old,264,,,,,,,,
,,,,,,,,3,2020-10-15_17h30.55.137,premce_ses-02_part-02_label-phase2,2020.1.2,Win32,60,left,0.74551,4,1.38463,0,135,135,118,1,stimuli/objects/trophy01.jpg,left,old,279,,,,,,,,
,,,,,,,,3,2020-10-15_17h30.55.137,premce_ses-02_part-02_label-phase2,2020.1.2,Win32,60,right,1.837255,2,0.938635,0,136,136,117,1,stimuli/objects/cloud.jpg,left,old,278,,,,,,,,
,,,,,,,,3,2020-10-15_17h30.55.137,premce_ses-02_part-02_label-phase2,2020.1.2,Win32,60,left,1.13213,4,0.339505,0,137,137,121,1,stimuli/objects/musicsheet.jpg,left,old,282,,,,,,,,
,,,,,,,,3,2020-10-15_17h30.55.137,premce_ses-02_part-02_label-phase2,2020.1.2,Win32,60,left,1.27636,4,0.31506,0,138,138,52,1,stimuli/objects/drumstick.jpg,right,new,213,,,,,,,,
,,,,,,,,3,2020-10-15_17h30.55.137,premce_ses-02_part-02_label-phase2,2020.1.2,Win32,60,left,0.83471,4,0.00284,0,139,139,25,1,stimuli/objects/beehive.jpg,left,old,186,,,,,,,,
,,,,,,,,3,2020-10-15_17h30.55.137,premce_ses-02_part-02_label-phase2,2020.1.2,Win32,60,right,0.812985,2,0.94231,0,140,140,80,1,stimuli/objects/parkfountain.jpg,left,old,241,,,,,,,,
,,,,,,,,3,2020-10-15_17h30.55.137,premce_ses-02_part-02_label-phase2,2020.1.2,Win32,60,right,2.101325,3,1.535605,0,141,141,135,1,stimuli/objects/toiletbrush.jpg,right,new,296,,,,,,,,
,,,,,,,,3,2020-10-15_17h30.55.137,premce_ses-02_part-02_label-phase2,2020.1.2,Win32,60,left,1.026805,3,0.764005,0,142,142,1,1,stimuli/objects/bridge.jpg,right,new,162,,,,,,,,
,,,,,,,,3,2020-10-15_17h30.55.137,premce_ses-02_part-02_label-phase2,2020.1.2,Win32,60,left,0.69804,4,0.32985,0,143,143,37,1,stimuli/objects/pigeon.jpg,left,old,198,,,,,,,,
,,,,,,,,3,2020-10-15_17h30.55.137,premce_ses-02_part-02_label-phase2,2020.1.2,Win32,60,right,1.20435,3,0.762445,0,144,144,70,1,stimuli/objects/fluorescentlightbulb.jpg,right,new,231,,,,,,,,
,,,,,,,,3,2020-10-15_17h30.55.137,premce_ses-02_part-02_label-phase2,2020.1.2,Win32,60,left,0.955855,3,1.23641,0,145,145,74,1,stimuli/objects/noparkingsign.jpg,right,new,235,,,,,,,,
,,,,,,,,3,2020-10-15_17h30.55.137,premce_ses-02_part-02_label-phase2,2020.1.2,Win32,60,left,0.706415,3,0.375865,0,146,146,132,1,stimuli/objects/duck01.jpg,right,new,293,,,,,,,,
,,,,,,,,3,2020-10-15_17h30.55.137,premce_ses-02_part-02_label-phase2,2020.1.2,Win32,60,left,1.86267,4,0.222595,0,147,147,83,1,stimuli/objects/redonion.jpg,left,old,244,,,,,,,,
,,,,,,,,3,2020-10-15_17h30.55.137,premce_ses-02_part-02_label-phase2,2020.1.2,Win32,60,left,0.679795,4,0.638155,0,148,148,97,1,stimuli/objects/blackolive.jpg,left,old,258,,,,,,,,
,,,,,,,,3,2020-10-15_17h30.55.137,premce_ses-02_part-02_label-phase2,2020.1.2,Win32,60,right,0.84073,3,0.70445,0,149,149,75,1,stimuli/objects/snowshoe.jpg,right,new,236,,,,,,,,
,,,,,,,,3,2020-10-15_17h30.55.137,premce_ses-02_part-02_label-phase2,2020.1.2,Win32,60,left,1.14214,1,1.503675,0,150,150,46,1,stimuli/objects/kite.jpg,right,new,207,,,,,,,,
,,,,,,,,3,2020-10-15_17h30.55.137,premce_ses-02_part-02_label-phase2,2020.1.2,Win32,60,left,0.751585,2,0.61573,0,151,151,20,1,stimuli/objects/football.jpg,left,old,181,,,,,,,,
,,,,,,,,3,2020-10-15_17h30.55.137,premce_ses-02_part-02_label-phase2,2020.1.2,Win32,60,left,1.14493,4,0.49769,0,152,152,76,1,stimuli/objects/snowshovel.jpg,right,new,237,,,,,,,,
,,,,,,,,3,2020-10-15_17h30.55.137,premce_ses-02_part-02_label-phase2,2020.1.2,Win32,60,left,0.89854,4,0.035525,0,153,153,146,1,stimuli/objects/chainsaw.jpg,left,old,307,,,,,,,,
,,,,,,,,3,2020-10-15_17h30.55.137,premce_ses-02_part-02_label-phase2,2020.1.2,Win32,60,left,1.40543,3,0.221855,0,154,154,39,1,stimuli/objects/stroller.jpg,left,old,200,,,,,,,,
,,,,,,,,3,2020-10-15_17h30.55.137,premce_ses-02_part-02_label-phase2,2020.1.2,Win32,60,left,2.29238,3,0.63732,0,155,155,159,1,stimuli/objects/shovel01.jpg,left,old,320,,,,,,,,
,,,,,,,,3,2020-10-15_17h30.55.137,premce_ses-02_part-02_label-phase2,2020.1.2,Win32,60,left,0.71451,4,0.928785,0,156,156,112,1,stimuli/objects/scorpion.jpg,right,new,273,,,,,,,,
,,,,,,,,3,2020-10-15_17h30.55.137,premce_ses-02_part-02_label-phase2,2020.1.2,Win32,60,left,0.694655,4,0.26088,0,157,157,41,1,stimuli/objects/salmon.jpg,right,new,202,,,,,,,,
,,,,,,,,3,2020-10-15_17h30.55.137,premce_ses-02_part-02_label-phase2,2020.1.2,Win32,60,right,0.916105,3,1.73111,0,158,158,86,1,stimuli/objects/masquerademask01.jpg,right,new,247,,,,,,,,
,,,,,,,,3,2020-10-15_17h30.55.137,premce_ses-02_part-02_label-phase2,2020.1.2,Win32,60,right,1.566305,2,1.70969,0,159,159,119,1,stimuli/objects/surfboard.jpg,left,old,280,,,,,,,,
,,,,,,,,3,2020-10-15_17h30.55.137,premce_ses-02_part-02_label-phase2,2020.1.2,Win32,60,,,,,,,,,,,,,,space,4.662205,0,1,1,1,1,ImagesforRecog2.csv
