instructions_loop.thisRepN,instructions_loop.thisTrialN,instructions_loop.thisN,instructions_loop.thisIndex,instructions_loop.ran,text1,text2,text3,participant,date,expName,psychopyVersion,OS,frameRate,recog_resp.keys,recog_resp.rt,conf_resp.keys,conf_resp.rt,recog_loop.thisRepN,recog_loop.thisTrialN,recog_loop.thisN,recog_loop.thisIndex,recog_loop.ran,images,corr_ans,type,order,key_resp_break.keys,key_resp_break.rt,list_loop.thisRepN,list_loop.thisTrialN,list_loop.thisN,list_loop.thisIndex,list_loop.ran,recog_list
0,0,0,0,1,Welcome to the last phase of this experiment!,,Please press the space bar to continue,4,2020-10-15_17h28.07.110,premce_ses-02_part-02_label-phase2,2020.1.2,Win32,60,,,,,,,,,,,,,,,,,,,,,
0,1,1,1,1,,"In this phase, you will see some objects. 

For each object, you should indicate whether you have seen it before during the experiment.

Press LEFT ARROW for YES
Press RIGHT ARROW for NO

",Please press the space bar to continue ,4,2020-10-15_17h28.07.110,premce_ses-02_part-02_label-phase2,2020.1.2,Win32,60,,,,,,,,,,,,,,,,,,,,,
0,2,2,2,1,,"After that, you will be asked how confident you are of your choice.

Please rate the confidence in your choce with the numbers from 1 to 4 of your keyboard. 

The numbers correspond to:

1 = Very unsure
2 = Unsure
3 = Sure
4 = Very Sure",Please press the space bar to continue,4,2020-10-15_17h28.07.110,premce_ses-02_part-02_label-phase2,2020.1.2,Win32,60,,,,,,,,,,,,,,,,,,,,,
,,,,,,,,4,2020-10-15_17h28.07.110,premce_ses-02_part-02_label-phase2,2020.1.2,Win32,60,left,3.691515,2,2.03313,0,0,0,119,1,stimuli/objects/polarbear.jpg,left,old,120,,,,,,,,
,,,,,,,,4,2020-10-15_17h28.07.110,premce_ses-02_part-02_label-phase2,2020.1.2,Win32,60,right,1.16604,3,2.00866,0,1,1,1,1,stimuli/objects/key07.jpg,right,new,2,,,,,,,,
,,,,,,,,4,2020-10-15_17h28.07.110,premce_ses-02_part-02_label-phase2,2020.1.2,Win32,60,left,1.307785,4,0.92638,0,2,2,37,1,stimuli/objects/donut.jpg,left,old,38,,,,,,,,
,,,,,,,,4,2020-10-15_17h28.07.110,premce_ses-02_part-02_label-phase2,2020.1.2,Win32,60,right,1.57145,3,1.983135,0,3,3,146,1,stimuli/objects/martiniglass01b.jpg,left,old,147,,,,,,,,
,,,,,,,,4,2020-10-15_17h28.07.110,premce_ses-02_part-02_label-phase2,2020.1.2,Win32,60,left,1.860455,2,0.766075,0,4,4,36,1,stimuli/objects/cutlass.jpg,left,old,37,,,,,,,,
,,,,,,,,4,2020-10-15_17h28.07.110,premce_ses-02_part-02_label-phase2,2020.1.2,Win32,60,left,0.89931,4,0.39777,0,5,5,83,1,stimuli/objects/crab01.jpg,left,old,84,,,,,,,,
,,,,,,,,4,2020-10-15_17h28.07.110,premce_ses-02_part-02_label-phase2,2020.1.2,Win32,60,left,0.862445,4,0.342685,0,6,6,61,1,stimuli/objects/birdnest.jpg,left,old,62,,,,,,,,
,,,,,,,,4,2020-10-15_17h28.07.110,premce_ses-02_part-02_label-phase2,2020.1.2,Win32,60,right,2.4143,2,0.54337,0,7,7,12,1,stimuli/objects/pingpongtable.jpg,right,new,13,,,,,,,,
,,,,,,,,4,2020-10-15_17h28.07.110,premce_ses-02_part-02_label-phase2,2020.1.2,Win32,60,right,1.833315,3,3.127755,0,8,8,109,1,stimuli/objects/bathtub.jpg,right,new,110,,,,,,,,
,,,,,,,,4,2020-10-15_17h28.07.110,premce_ses-02_part-02_label-phase2,2020.1.2,Win32,60,right,1.93854,3,0.330285,0,9,9,88,1,stimuli/objects/bison.jpg,left,old,89,,,,,,,,
,,,,,,,,4,2020-10-15_17h28.07.110,premce_ses-02_part-02_label-phase2,2020.1.2,Win32,60,right,1.612575,3,0.864035,0,10,10,50,1,stimuli/objects/windshieldwiper02.jpg,right,new,51,,,,,,,,
,,,,,,,,4,2020-10-15_17h28.07.110,premce_ses-02_part-02_label-phase2,2020.1.2,Win32,60,right,1.190405,2,0.378375,0,11,11,128,1,stimuli/objects/toilet.jpg,right,new,129,,,,,,,,
,,,,,,,,4,2020-10-15_17h28.07.110,premce_ses-02_part-02_label-phase2,2020.1.2,Win32,60,right,0.95887,2,0.32677,0,12,12,89,1,stimuli/objects/carbattery.jpg,left,old,90,,,,,,,,
,,,,,,,,4,2020-10-15_17h28.07.110,premce_ses-02_part-02_label-phase2,2020.1.2,Win32,60,right,1.439265,2,0.28118,0,13,13,59,1,stimuli/objects/forklift.jpg,left,old,60,,,,,,,,
,,,,,,,,4,2020-10-15_17h28.07.110,premce_ses-02_part-02_label-phase2,2020.1.2,Win32,60,right,0.87608,4,0.643145,0,14,14,74,1,stimuli/objects/road02.jpg,right,new,75,,,,,,,,
,,,,,,,,4,2020-10-15_17h28.07.110,premce_ses-02_part-02_label-phase2,2020.1.2,Win32,60,right,3.90794,2,1.34711,0,15,15,10,1,stimuli/objects/americanwhitepelican.jpg,left,old,11,,,,,,,,
,,,,,,,,4,2020-10-15_17h28.07.110,premce_ses-02_part-02_label-phase2,2020.1.2,Win32,60,right,1.40988,3,0.61093,0,16,16,87,1,stimuli/objects/parkingmeter.jpg,left,old,88,,,,,,,,
,,,,,,,,4,2020-10-15_17h28.07.110,premce_ses-02_part-02_label-phase2,2020.1.2,Win32,60,right,1.362555,3,0.343535,0,17,17,66,1,stimuli/objects/desktopcomputer.jpg,left,old,67,,,,,,,,
,,,,,,,,4,2020-10-15_17h28.07.110,premce_ses-02_part-02_label-phase2,2020.1.2,Win32,60,right,3.34694,2,1.032525,0,18,18,76,1,stimuli/objects/dromedary.jpg,left,old,77,,,,,,,,
,,,,,,,,4,2020-10-15_17h28.07.110,premce_ses-02_part-02_label-phase2,2020.1.2,Win32,60,left,1.543325,3,1.09515,0,19,19,85,1,stimuli/objects/frisbee.jpg,left,old,86,,,,,,,,
,,,,,,,,4,2020-10-15_17h28.07.110,premce_ses-02_part-02_label-phase2,2020.1.2,Win32,60,right,1.46061,3,1.67737,0,20,20,144,1,stimuli/objects/eyepatch.jpg,left,old,145,,,,,,,,
,,,,,,,,4,2020-10-15_17h28.07.110,premce_ses-02_part-02_label-phase2,2020.1.2,Win32,60,right,1.659205,3,2.22698,0,21,21,116,1,stimuli/objects/gavel.jpg,left,old,117,,,,,,,,
,,,,,,,,4,2020-10-15_17h28.07.110,premce_ses-02_part-02_label-phase2,2020.1.2,Win32,60,right,0.73687,3,0.447625,0,22,22,153,1,stimuli/objects/harmonica.jpg,right,new,154,,,,,,,,
,,,,,,,,4,2020-10-15_17h28.07.110,premce_ses-02_part-02_label-phase2,2020.1.2,Win32,60,right,0.80165,4,0.31216,0,23,23,32,1,stimuli/objects/paperairplane.jpg,right,new,33,,,,,,,,
,,,,,,,,4,2020-10-15_17h28.07.110,premce_ses-02_part-02_label-phase2,2020.1.2,Win32,60,right,0.71283,4,0.587965,0,24,24,15,1,stimuli/objects/lantern03.jpg,right,new,16,,,,,,,,
,,,,,,,,4,2020-10-15_17h28.07.110,premce_ses-02_part-02_label-phase2,2020.1.2,Win32,60,right,1.4222,2,1.52831,0,25,25,54,1,stimuli/objects/floorlamp.jpg,right,new,55,,,,,,,,
,,,,,,,,4,2020-10-15_17h28.07.110,premce_ses-02_part-02_label-phase2,2020.1.2,Win32,60,right,0.70133,4,0.354365,0,26,26,118,1,stimuli/objects/cruiseship.jpg,left,old,119,,,,,,,,
,,,,,,,,4,2020-10-15_17h28.07.110,premce_ses-02_part-02_label-phase2,2020.1.2,Win32,60,right,0.647405,2,1.75628,0,27,27,130,1,stimuli/objects/toyanimal05.jpg,left,old,131,,,,,,,,
,,,,,,,,4,2020-10-15_17h28.07.110,premce_ses-02_part-02_label-phase2,2020.1.2,Win32,60,left,1.07529,3,0.858645,0,28,28,136,1,stimuli/objects/dreamcatcher.jpg,left,old,137,,,,,,,,
,,,,,,,,4,2020-10-15_17h28.07.110,premce_ses-02_part-02_label-phase2,2020.1.2,Win32,60,right,1.17352,2,0.261435,0,29,29,30,1,stimuli/objects/siamesecat.jpg,right,new,31,,,,,,,,
,,,,,,,,4,2020-10-15_17h28.07.110,premce_ses-02_part-02_label-phase2,2020.1.2,Win32,60,right,1.207415,3,0.613355,0,30,30,22,1,stimuli/objects/toasteroven.jpg,right,new,23,,,,,,,,
,,,,,,,,4,2020-10-15_17h28.07.110,premce_ses-02_part-02_label-phase2,2020.1.2,Win32,60,right,1.06154,2,0.28275,0,31,31,96,1,stimuli/objects/pin.jpg,right,new,97,,,,,,,,
,,,,,,,,4,2020-10-15_17h28.07.110,premce_ses-02_part-02_label-phase2,2020.1.2,Win32,60,right,3.5104,1,0.19493,0,32,32,131,1,stimuli/objects/funnel.jpg,right,new,132,,,,,,,,
,,,,,,,,4,2020-10-15_17h28.07.110,premce_ses-02_part-02_label-phase2,2020.1.2,Win32,60,left,1.014075,4,0.558335,0,33,33,60,1,stimuli/objects/worldmap.jpg,left,old,61,,,,,,,,
,,,,,,,,4,2020-10-15_17h28.07.110,premce_ses-02_part-02_label-phase2,2020.1.2,Win32,60,right,0.861725,2,0.31127,0,34,34,42,1,stimuli/objects/bowlingball.jpg,right,new,43,,,,,,,,
,,,,,,,,4,2020-10-15_17h28.07.110,premce_ses-02_part-02_label-phase2,2020.1.2,Win32,60,right,1.40382,1,0.981215,0,35,35,38,1,stimuli/objects/coffeemaker.jpg,right,new,39,,,,,,,,
,,,,,,,,4,2020-10-15_17h28.07.110,premce_ses-02_part-02_label-phase2,2020.1.2,Win32,60,left,1.121385,4,0.61723,0,36,36,48,1,stimuli/objects/taxisign.jpg,left,old,49,,,,,,,,
,,,,,,,,4,2020-10-15_17h28.07.110,premce_ses-02_part-02_label-phase2,2020.1.2,Win32,60,right,0.67857,3,0.54634,0,37,37,25,1,stimuli/objects/kiwi03.jpg,left,old,26,,,,,,,,
,,,,,,,,4,2020-10-15_17h28.07.110,premce_ses-02_part-02_label-phase2,2020.1.2,Win32,60,right,1.82931,2,0.26855,0,38,38,137,1,stimuli/objects/handheldtelescope.jpg,right,new,138,,,,,,,,
,,,,,,,,4,2020-10-15_17h28.07.110,premce_ses-02_part-02_label-phase2,2020.1.2,Win32,60,right,1.440205,2,0.902165,0,39,39,158,1,stimuli/objects/vulture.jpg,right,new,159,,,,,,,,
,,,,,,,,4,2020-10-15_17h28.07.110,premce_ses-02_part-02_label-phase2,2020.1.2,Win32,60,right,0.954705,2,0.51624,0,40,40,9,1,stimuli/objects/granolabar01.jpg,left,old,10,,,,,,,,
,,,,,,,,4,2020-10-15_17h28.07.110,premce_ses-02_part-02_label-phase2,2020.1.2,Win32,60,left,2.42515,2,0.278385,0,41,41,134,1,stimuli/objects/rubikcube.jpg,right,new,135,,,,,,,,
,,,,,,,,4,2020-10-15_17h28.07.110,premce_ses-02_part-02_label-phase2,2020.1.2,Win32,60,left,1.060865,4,0.48321,0,42,42,147,1,stimuli/objects/panda.jpg,left,old,148,,,,,,,,
,,,,,,,,4,2020-10-15_17h28.07.110,premce_ses-02_part-02_label-phase2,2020.1.2,Win32,60,right,0.97826,1,0.896015,0,43,43,92,1,stimuli/objects/athleticsock.jpg,left,old,93,,,,,,,,
,,,,,,,,4,2020-10-15_17h28.07.110,premce_ses-02_part-02_label-phase2,2020.1.2,Win32,60,right,0.96942,3,0.202485,0,44,44,149,1,stimuli/objects/electrictoothbrush01c.jpg,right,new,150,,,,,,,,
,,,,,,,,4,2020-10-15_17h28.07.110,premce_ses-02_part-02_label-phase2,2020.1.2,Win32,60,left,1.65532,2,1.282745,0,45,45,97,1,stimuli/objects/watercooler.jpg,left,old,98,,,,,,,,
,,,,,,,,4,2020-10-15_17h28.07.110,premce_ses-02_part-02_label-phase2,2020.1.2,Win32,60,left,1.18177,3,0.823955,0,46,46,5,1,stimuli/objects/winniethepooh.jpg,left,old,6,,,,,,,,
,,,,,,,,4,2020-10-15_17h28.07.110,premce_ses-02_part-02_label-phase2,2020.1.2,Win32,60,left,1.125125,3,0.250035,0,47,47,125,1,stimuli/objects/horse.jpg,left,old,126,,,,,,,,
,,,,,,,,4,2020-10-15_17h28.07.110,premce_ses-02_part-02_label-phase2,2020.1.2,Win32,60,right,1.03369,2,1.76159,0,48,48,148,1,stimuli/objects/skihelmet01.jpg,left,old,149,,,,,,,,
,,,,,,,,4,2020-10-15_17h28.07.110,premce_ses-02_part-02_label-phase2,2020.1.2,Win32,60,left,1.364095,3,0.32588,0,49,49,98,1,stimuli/objects/well.jpg,left,old,99,,,,,,,,
,,,,,,,,4,2020-10-15_17h28.07.110,premce_ses-02_part-02_label-phase2,2020.1.2,Win32,60,left,0.88253,3,0.835435,0,50,50,157,1,stimuli/objects/volleyball.jpg,left,old,158,,,,,,,,
,,,,,,,,4,2020-10-15_17h28.07.110,premce_ses-02_part-02_label-phase2,2020.1.2,Win32,60,right,0.70093,3,0.69559,0,51,51,152,1,stimuli/objects/xylophone.jpg,left,old,153,,,,,,,,
,,,,,,,,4,2020-10-15_17h28.07.110,premce_ses-02_part-02_label-phase2,2020.1.2,Win32,60,right,1.025035,2,0.2714,0,52,52,101,1,stimuli/objects/wheelchair.jpg,left,old,102,,,,,,,,
,,,,,,,,4,2020-10-15_17h28.07.110,premce_ses-02_part-02_label-phase2,2020.1.2,Win32,60,right,0.735935,3,0.28466,0,53,53,117,1,stimuli/objects/lollipop04.jpg,right,new,118,,,,,,,,
,,,,,,,,4,2020-10-15_17h28.07.110,premce_ses-02_part-02_label-phase2,2020.1.2,Win32,60,right,0.81103,3,0.25571,0,54,54,140,1,stimuli/objects/pooltable.jpg,right,new,141,,,,,,,,
,,,,,,,,4,2020-10-15_17h28.07.110,premce_ses-02_part-02_label-phase2,2020.1.2,Win32,60,right,0.98851,2,1.19757,0,55,55,138,1,stimuli/objects/raccoon.jpg,right,new,139,,,,,,,,
,,,,,,,,4,2020-10-15_17h28.07.110,premce_ses-02_part-02_label-phase2,2020.1.2,Win32,60,left,1.18452,3,0.78176,0,56,56,18,1,stimuli/objects/snowman.jpg,left,old,19,,,,,,,,
,,,,,,,,4,2020-10-15_17h28.07.110,premce_ses-02_part-02_label-phase2,2020.1.2,Win32,60,left,2.023045,1,1.63894,0,57,57,90,1,stimuli/objects/ducttape.jpg,right,new,91,,,,,,,,
,,,,,,,,4,2020-10-15_17h28.07.110,premce_ses-02_part-02_label-phase2,2020.1.2,Win32,60,right,2.13325,3,1.0062,0,58,58,4,1,stimuli/objects/zipper.jpg,right,new,5,,,,,,,,
,,,,,,,,4,2020-10-15_17h28.07.110,premce_ses-02_part-02_label-phase2,2020.1.2,Win32,60,right,1.352355,3,0.305365,0,59,59,24,1,stimuli/objects/christmaslights.jpg,left,old,25,,,,,,,,
,,,,,,,,4,2020-10-15_17h28.07.110,premce_ses-02_part-02_label-phase2,2020.1.2,Win32,60,right,0.75046,3,0.72987,0,60,60,126,1,stimuli/objects/toynutcracker.jpg,right,new,127,,,,,,,,
,,,,,,,,4,2020-10-15_17h28.07.110,premce_ses-02_part-02_label-phase2,2020.1.2,Win32,60,left,2.091545,2,0.35385,0,61,61,51,1,stimuli/objects/cork02.jpg,right,new,52,,,,,,,,
,,,,,,,,4,2020-10-15_17h28.07.110,premce_ses-02_part-02_label-phase2,2020.1.2,Win32,60,right,0.74935,2,2.1596,0,62,62,108,1,stimuli/objects/brassknuckle.jpg,left,old,109,,,,,,,,
,,,,,,,,4,2020-10-15_17h28.07.110,premce_ses-02_part-02_label-phase2,2020.1.2,Win32,60,left,1.147725,3,0.35945,0,63,63,141,1,stimuli/objects/lintroller.jpg,left,old,142,,,,,,,,
,,,,,,,,4,2020-10-15_17h28.07.110,premce_ses-02_part-02_label-phase2,2020.1.2,Win32,60,right,0.81604,2,0.696465,0,64,64,26,1,stimuli/objects/snowglobe.jpg,right,new,27,,,,,,,,
,,,,,,,,4,2020-10-15_17h28.07.110,premce_ses-02_part-02_label-phase2,2020.1.2,Win32,60,right,0.891725,1,0.431105,0,65,65,65,1,stimuli/objects/blender.jpg,left,old,66,,,,,,,,
,,,,,,,,4,2020-10-15_17h28.07.110,premce_ses-02_part-02_label-phase2,2020.1.2,Win32,60,right,0.765685,3,0.140265,0,66,66,129,1,stimuli/objects/walkietalkie.jpg,left,old,130,,,,,,,,
,,,,,,,,4,2020-10-15_17h28.07.110,premce_ses-02_part-02_label-phase2,2020.1.2,Win32,60,right,1.30534,4,0.31281,0,67,67,121,1,stimuli/objects/triangle.jpg,left,old,122,,,,,,,,
,,,,,,,,4,2020-10-15_17h28.07.110,premce_ses-02_part-02_label-phase2,2020.1.2,Win32,60,left,1.10883,3,0.708725,0,68,68,82,1,stimuli/objects/giraffe.jpg,left,old,83,,,,,,,,
,,,,,,,,4,2020-10-15_17h28.07.110,premce_ses-02_part-02_label-phase2,2020.1.2,Win32,60,right,0.725805,2,1.40244,0,69,69,33,1,stimuli/objects/helicopter.jpg,right,new,34,,,,,,,,
,,,,,,,,4,2020-10-15_17h28.07.110,premce_ses-02_part-02_label-phase2,2020.1.2,Win32,60,right,0.827135,2,0.680815,0,70,70,2,1,stimuli/objects/accordion01.jpg,right,new,3,,,,,,,,
,,,,,,,,4,2020-10-15_17h28.07.110,premce_ses-02_part-02_label-phase2,2020.1.2,Win32,60,right,0.7687,2,1.386945,0,71,71,77,1,stimuli/objects/aquarium.jpg,right,new,78,,,,,,,,
,,,,,,,,4,2020-10-15_17h28.07.110,premce_ses-02_part-02_label-phase2,2020.1.2,Win32,60,right,0.892855,3,0.352955,0,72,72,44,1,stimuli/objects/calendar.jpg,right,new,45,,,,,,,,
,,,,,,,,4,2020-10-15_17h28.07.110,premce_ses-02_part-02_label-phase2,2020.1.2,Win32,60,left,0.8883,3,0.3499,0,73,73,40,1,stimuli/objects/bread.jpg,left,old,41,,,,,,,,
,,,,,,,,4,2020-10-15_17h28.07.110,premce_ses-02_part-02_label-phase2,2020.1.2,Win32,60,right,0.860425,3,0.594315,0,74,74,86,1,stimuli/objects/gorilla.jpg,right,new,87,,,,,,,,
,,,,,,,,4,2020-10-15_17h28.07.110,premce_ses-02_part-02_label-phase2,2020.1.2,Win32,60,right,0.656165,3,0.300365,0,75,75,8,1,stimuli/objects/treadmill.jpg,left,old,9,,,,,,,,
,,,,,,,,4,2020-10-15_17h28.07.110,premce_ses-02_part-02_label-phase2,2020.1.2,Win32,60,left,1.059925,1,0.85794,0,76,76,151,1,stimuli/objects/bolt01a.jpg,right,new,152,,,,,,,,
,,,,,,,,4,2020-10-15_17h28.07.110,premce_ses-02_part-02_label-phase2,2020.1.2,Win32,60,right,1.78494,3,1.048895,0,77,77,47,1,stimuli/objects/ant.jpg,right,new,48,,,,,,,,
,,,,,,,,4,2020-10-15_17h28.07.110,premce_ses-02_part-02_label-phase2,2020.1.2,Win32,60,right,0.710365,3,1.00101,0,78,78,91,1,stimuli/objects/airhockeytable.jpg,right,new,92,,,,,,,,
,,,,,,,,4,2020-10-15_17h28.07.110,premce_ses-02_part-02_label-phase2,2020.1.2,Win32,60,right,3.448795,2,1.01713,0,79,79,135,1,stimuli/objects/dalmatian.jpg,left,old,136,,,,,,,,
,,,,,,,,4,2020-10-15_17h28.07.110,premce_ses-02_part-02_label-phase2,2020.1.2,Win32,60,right,0.72304,3,0.820655,0,80,80,13,1,stimuli/objects/lighthouse.jpg,right,new,14,,,,,,,,
,,,,,,,,4,2020-10-15_17h28.07.110,premce_ses-02_part-02_label-phase2,2020.1.2,Win32,60,left,0.923655,4,0.272835,0,81,81,27,1,stimuli/objects/fingerprint.jpg,left,old,28,,,,,,,,
,,,,,,,,4,2020-10-15_17h28.07.110,premce_ses-02_part-02_label-phase2,2020.1.2,Win32,60,right,2.331875,1,0.338255,0,82,82,139,1,stimuli/objects/callbell.jpg,right,new,140,,,,,,,,
,,,,,,,,4,2020-10-15_17h28.07.110,premce_ses-02_part-02_label-phase2,2020.1.2,Win32,60,right,0.78036,3,0.568935,0,83,83,102,1,stimuli/objects/sheriffhat.jpg,left,old,103,,,,,,,,
,,,,,,,,4,2020-10-15_17h28.07.110,premce_ses-02_part-02_label-phase2,2020.1.2,Win32,60,right,0.743395,3,0.28855,0,84,84,75,1,stimuli/objects/castle.jpg,right,new,76,,,,,,,,
,,,,,,,,4,2020-10-15_17h28.07.110,premce_ses-02_part-02_label-phase2,2020.1.2,Win32,60,left,1.177975,2,0.890395,0,85,85,70,1,stimuli/objects/apron.jpg,left,old,71,,,,,,,,
,,,,,,,,4,2020-10-15_17h28.07.110,premce_ses-02_part-02_label-phase2,2020.1.2,Win32,60,right,1.009675,3,0.354845,0,86,86,103,1,stimuli/objects/skiboot01a.jpg,right,new,104,,,,,,,,
,,,,,,,,4,2020-10-15_17h28.07.110,premce_ses-02_part-02_label-phase2,2020.1.2,Win32,60,right,0.91436,2,0.776095,0,87,87,49,1,stimuli/objects/microphone01.jpg,right,new,50,,,,,,,,
,,,,,,,,4,2020-10-15_17h28.07.110,premce_ses-02_part-02_label-phase2,2020.1.2,Win32,60,right,0.6511,2,1.19592,0,88,88,56,1,stimuli/objects/cannon.jpg,left,old,57,,,,,,,,
,,,,,,,,4,2020-10-15_17h28.07.110,premce_ses-02_part-02_label-phase2,2020.1.2,Win32,60,left,0.949165,3,1.58775,0,89,89,114,1,stimuli/objects/tie02.jpg,left,old,115,,,,,,,,
,,,,,,,,4,2020-10-15_17h28.07.110,premce_ses-02_part-02_label-phase2,2020.1.2,Win32,60,right,0.882705,2,0.26898,0,90,90,100,1,stimuli/objects/baseballbat.jpg,left,old,101,,,,,,,,
,,,,,,,,4,2020-10-15_17h28.07.110,premce_ses-02_part-02_label-phase2,2020.1.2,Win32,60,right,1.11857,3,1.15286,0,91,91,46,1,stimuli/objects/coffeemachine.jpg,right,new,47,,,,,,,,
,,,,,,,,4,2020-10-15_17h28.07.110,premce_ses-02_part-02_label-phase2,2020.1.2,Win32,60,right,3.539955,2,0.936635,0,92,92,63,1,stimuli/objects/rose.jpg,right,new,64,,,,,,,,
,,,,,,,,4,2020-10-15_17h28.07.110,premce_ses-02_part-02_label-phase2,2020.1.2,Win32,60,right,0.991875,2,0.646105,0,93,93,53,1,stimuli/objects/rooster.jpg,right,new,54,,,,,,,,
,,,,,,,,4,2020-10-15_17h28.07.110,premce_ses-02_part-02_label-phase2,2020.1.2,Win32,60,right,1.013315,3,0.29536,0,94,94,71,1,stimuli/objects/bikelock.jpg,left,old,72,,,,,,,,
,,,,,,,,4,2020-10-15_17h28.07.110,premce_ses-02_part-02_label-phase2,2020.1.2,Win32,60,left,1.088585,3,1.66449,0,95,95,57,1,stimuli/objects/weddingcake.jpg,left,old,58,,,,,,,,
,,,,,,,,4,2020-10-15_17h28.07.110,premce_ses-02_part-02_label-phase2,2020.1.2,Win32,60,left,1.12721,4,0.258695,0,96,96,78,1,stimuli/objects/exitsign.jpg,left,old,79,,,,,,,,
,,,,,,,,4,2020-10-15_17h28.07.110,premce_ses-02_part-02_label-phase2,2020.1.2,Win32,60,right,0.82755,2,0.79074,0,97,97,43,1,stimuli/objects/slushiemachine.jpg,right,new,44,,,,,,,,
,,,,,,,,4,2020-10-15_17h28.07.110,premce_ses-02_part-02_label-phase2,2020.1.2,Win32,60,left,1.80611,3,0.28765,0,98,98,154,1,stimuli/objects/dartboard.jpg,left,old,155,,,,,,,,
,,,,,,,,4,2020-10-15_17h28.07.110,premce_ses-02_part-02_label-phase2,2020.1.2,Win32,60,left,1.17537,3,0.17188,0,99,99,133,1,stimuli/objects/skateboard.jpg,left,old,134,,,,,,,,
,,,,,,,,4,2020-10-15_17h28.07.110,premce_ses-02_part-02_label-phase2,2020.1.2,Win32,60,right,1.805135,2,0.22231,0,100,100,19,1,stimuli/objects/peacock.jpg,right,new,20,,,,,,,,
,,,,,,,,4,2020-10-15_17h28.07.110,premce_ses-02_part-02_label-phase2,2020.1.2,Win32,60,right,0.83546,2,0.29447,0,101,101,99,1,stimuli/objects/cactus.jpg,left,old,100,,,,,,,,
,,,,,,,,4,2020-10-15_17h28.07.110,premce_ses-02_part-02_label-phase2,2020.1.2,Win32,60,right,1.749955,2,0.45586,0,102,102,112,1,stimuli/objects/webcam.jpg,right,new,113,,,,,,,,
,,,,,,,,4,2020-10-15_17h28.07.110,premce_ses-02_part-02_label-phase2,2020.1.2,Win32,60,left,1.443345,1,1.104375,0,103,103,14,1,stimuli/objects/riverotter.jpg,right,new,15,,,,,,,,
,,,,,,,,4,2020-10-15_17h28.07.110,premce_ses-02_part-02_label-phase2,2020.1.2,Win32,60,right,1.089875,4,0.262255,0,104,104,81,1,stimuli/objects/artichoke01b.jpg,right,new,82,,,,,,,,
,,,,,,,,4,2020-10-15_17h28.07.110,premce_ses-02_part-02_label-phase2,2020.1.2,Win32,60,left,1.25862,4,0.59263,0,105,105,132,1,stimuli/objects/trafficlight.jpg,left,old,133,,,,,,,,
,,,,,,,,4,2020-10-15_17h28.07.110,premce_ses-02_part-02_label-phase2,2020.1.2,Win32,60,right,0.72149,2,0.62252,0,106,106,104,1,stimuli/objects/sledgehammer.jpg,right,new,105,,,,,,,,
,,,,,,,,4,2020-10-15_17h28.07.110,premce_ses-02_part-02_label-phase2,2020.1.2,Win32,60,left,0.77236,4,0.206705,0,107,107,106,1,stimuli/objects/brownsugar.jpg,left,old,107,,,,,,,,
,,,,,,,,4,2020-10-15_17h28.07.110,premce_ses-02_part-02_label-phase2,2020.1.2,Win32,60,right,0.90133,1,1.622475,0,108,108,113,1,stimuli/objects/fortunecookie.jpg,right,new,114,,,,,,,,
,,,,,,,,4,2020-10-15_17h28.07.110,premce_ses-02_part-02_label-phase2,2020.1.2,Win32,60,right,0.82083,1,0.264795,0,109,109,64,1,stimuli/objects/baseballglove.jpg,right,new,65,,,,,,,,
,,,,,,,,4,2020-10-15_17h28.07.110,premce_ses-02_part-02_label-phase2,2020.1.2,Win32,60,left,1.15551,3,1.005195,0,110,110,23,1,stimuli/objects/bat.jpg,right,new,24,,,,,,,,
,,,,,,,,4,2020-10-15_17h28.07.110,premce_ses-02_part-02_label-phase2,2020.1.2,Win32,60,right,1.87196,3,0.666685,0,111,111,120,1,stimuli/objects/mortarandpestle.jpg,left,old,121,,,,,,,,
,,,,,,,,4,2020-10-15_17h28.07.110,premce_ses-02_part-02_label-phase2,2020.1.2,Win32,60,right,1.47709,2,0.16298,0,112,112,55,1,stimuli/objects/cremebrulee.jpg,right,new,56,,,,,,,,
,,,,,,,,4,2020-10-15_17h28.07.110,premce_ses-02_part-02_label-phase2,2020.1.2,Win32,60,right,1.09043,3,1.1254,0,113,113,6,1,stimuli/objects/trojanhorse.jpg,right,new,7,,,,,,,,
,,,,,,,,4,2020-10-15_17h28.07.110,premce_ses-02_part-02_label-phase2,2020.1.2,Win32,60,left,0.979245,4,0.25009,0,114,114,62,1,stimuli/objects/icecube02.jpg,left,old,63,,,,,,,,
,,,,,,,,4,2020-10-15_17h28.07.110,premce_ses-02_part-02_label-phase2,2020.1.2,Win32,60,right,0.750615,3,0.306675,0,115,115,95,1,stimuli/objects/spicerack.jpg,left,old,96,,,,,,,,
,,,,,,,,4,2020-10-15_17h28.07.110,premce_ses-02_part-02_label-phase2,2020.1.2,Win32,60,left,1.033275,3,0.59866,0,116,116,16,1,stimuli/objects/cashregister01.jpg,left,old,17,,,,,,,,
,,,,,,,,4,2020-10-15_17h28.07.110,premce_ses-02_part-02_label-phase2,2020.1.2,Win32,60,right,1.01846,3,0.65741,0,117,117,52,1,stimuli/objects/tree.jpg,right,new,53,,,,,,,,
,,,,,,,,4,2020-10-15_17h28.07.110,premce_ses-02_part-02_label-phase2,2020.1.2,Win32,60,right,0.90561,2,0.23478,0,118,118,72,1,stimuli/objects/crown.jpg,left,old,73,,,,,,,,
,,,,,,,,4,2020-10-15_17h28.07.110,premce_ses-02_part-02_label-phase2,2020.1.2,Win32,60,right,0.866825,4,1.502685,0,119,119,41,1,stimuli/objects/spiderweb.jpg,right,new,42,,,,,,,,
,,,,,,,,4,2020-10-15_17h28.07.110,premce_ses-02_part-02_label-phase2,2020.1.2,Win32,60,right,0.765875,3,0.32629,0,120,120,142,1,stimuli/objects/cow.jpg,right,new,143,,,,,,,,
,,,,,,,,4,2020-10-15_17h28.07.110,premce_ses-02_part-02_label-phase2,2020.1.2,Win32,60,right,1.191655,2,1.0829,0,121,121,31,1,stimuli/objects/faucet.jpg,right,new,32,,,,,,,,
,,,,,,,,4,2020-10-15_17h28.07.110,premce_ses-02_part-02_label-phase2,2020.1.2,Win32,60,right,0.701795,3,1.73042,0,122,122,93,1,stimuli/objects/pirateflag.jpg,right,new,94,,,,,,,,
,,,,,,,,4,2020-10-15_17h28.07.110,premce_ses-02_part-02_label-phase2,2020.1.2,Win32,60,left,0.830225,4,0.239595,0,123,123,107,1,stimuli/objects/candycane01a.jpg,left,old,108,,,,,,,,
,,,,,,,,4,2020-10-15_17h28.07.110,premce_ses-02_part-02_label-phase2,2020.1.2,Win32,60,right,0.633165,2,0.542345,0,124,124,122,1,stimuli/objects/pickaxe02.jpg,left,old,123,,,,,,,,
,,,,,,,,4,2020-10-15_17h28.07.110,premce_ses-02_part-02_label-phase2,2020.1.2,Win32,60,right,0.67224,2,0.33366,0,125,125,155,1,stimuli/objects/trombone.jpg,right,new,156,,,,,,,,
,,,,,,,,4,2020-10-15_17h28.07.110,premce_ses-02_part-02_label-phase2,2020.1.2,Win32,60,left,1.40763,3,0.57845,0,126,126,115,1,stimuli/objects/bleachers.jpg,left,old,116,,,,,,,,
,,,,,,,,4,2020-10-15_17h28.07.110,premce_ses-02_part-02_label-phase2,2020.1.2,Win32,60,right,1.592525,1,0.00576,0,127,127,35,1,stimuli/objects/flag.jpg,left,old,36,,,,,,,,
,,,,,,,,4,2020-10-15_17h28.07.110,premce_ses-02_part-02_label-phase2,2020.1.2,Win32,60,right,0.80235,3,0.5441,0,128,128,17,1,stimuli/objects/car.jpg,right,new,18,,,,,,,,
,,,,,,,,4,2020-10-15_17h28.07.110,premce_ses-02_part-02_label-phase2,2020.1.2,Win32,60,right,0.762595,2,0.224155,0,129,129,21,1,stimuli/objects/hockeypuck.jpg,left,old,22,,,,,,,,
,,,,,,,,4,2020-10-15_17h28.07.110,premce_ses-02_part-02_label-phase2,2020.1.2,Win32,60,right,0.711835,2,0.26989,0,130,130,156,1,stimuli/objects/battleaxe.jpg,right,new,157,,,,,,,,
,,,,,,,,4,2020-10-15_17h28.07.110,premce_ses-02_part-02_label-phase2,2020.1.2,Win32,60,right,0.604255,1,2.188335,0,131,131,84,1,stimuli/objects/diploma02.jpg,left,old,85,,,,,,,,
,,,,,,,,4,2020-10-15_17h28.07.110,premce_ses-02_part-02_label-phase2,2020.1.2,Win32,60,right,1.06256,1,0.58095,0,132,132,73,1,stimuli/objects/ladybug03.jpg,right,new,74,,,,,,,,
,,,,,,,,4,2020-10-15_17h28.07.110,premce_ses-02_part-02_label-phase2,2020.1.2,Win32,60,right,0.8691,3,0.3024,0,133,133,68,1,stimuli/objects/ipad02.jpg,right,new,69,,,,,,,,
,,,,,,,,4,2020-10-15_17h28.07.110,premce_ses-02_part-02_label-phase2,2020.1.2,Win32,60,right,0.94103,2,0.47183,0,134,134,0,1,stimuli/objects/fishingrod.jpg,right,new,1,,,,,,,,
,,,,,,,,4,2020-10-15_17h28.07.110,premce_ses-02_part-02_label-phase2,2020.1.2,Win32,60,right,0.921685,2,0.23321,0,135,135,69,1,stimuli/objects/lightswitch01.jpg,left,old,70,,,,,,,,
,,,,,,,,4,2020-10-15_17h28.07.110,premce_ses-02_part-02_label-phase2,2020.1.2,Win32,60,right,0.715405,2,0.16229,0,136,136,143,1,stimuli/objects/turnstile.jpg,left,old,144,,,,,,,,
,,,,,,,,4,2020-10-15_17h28.07.110,premce_ses-02_part-02_label-phase2,2020.1.2,Win32,60,right,0.944485,3,0.983795,0,137,137,127,1,stimuli/objects/macaroni01.jpg,right,new,128,,,,,,,,
,,,,,,,,4,2020-10-15_17h28.07.110,premce_ses-02_part-02_label-phase2,2020.1.2,Win32,60,right,0.93589,2,1.887455,0,138,138,29,1,stimuli/objects/tombstone.jpg,left,old,30,,,,,,,,
,,,,,,,,4,2020-10-15_17h28.07.110,premce_ses-02_part-02_label-phase2,2020.1.2,Win32,60,right,0.71227,3,0.24145,0,139,139,58,1,stimuli/objects/file.jpg,right,new,59,,,,,,,,
,,,,,,,,4,2020-10-15_17h28.07.110,premce_ses-02_part-02_label-phase2,2020.1.2,Win32,60,right,0.865595,3,0.354775,0,140,140,111,1,stimuli/objects/honeycomb.jpg,right,new,112,,,,,,,,
,,,,,,,,4,2020-10-15_17h28.07.110,premce_ses-02_part-02_label-phase2,2020.1.2,Win32,60,right,0.73687,3,0.2515,0,141,141,7,1,stimuli/objects/whiteout.jpg,right,new,8,,,,,,,,
,,,,,,,,4,2020-10-15_17h28.07.110,premce_ses-02_part-02_label-phase2,2020.1.2,Win32,60,left,0.852195,4,0.183075,0,142,142,3,1,stimuli/objects/sealion.jpg,left,old,4,,,,,,,,
,,,,,,,,4,2020-10-15_17h28.07.110,premce_ses-02_part-02_label-phase2,2020.1.2,Win32,60,right,0.55011,1,0.222575,0,143,143,80,1,stimuli/objects/church.jpg,left,old,81,,,,,,,,
,,,,,,,,4,2020-10-15_17h28.07.110,premce_ses-02_part-02_label-phase2,2020.1.2,Win32,60,right,1.06544,3,0.442755,0,144,144,145,1,stimuli/objects/ironingboard01.jpg,right,new,146,,,,,,,,
,,,,,,,,4,2020-10-15_17h28.07.110,premce_ses-02_part-02_label-phase2,2020.1.2,Win32,60,right,0.6446,3,0.19666,0,145,145,20,1,stimuli/objects/escalator.jpg,left,old,21,,,,,,,,
,,,,,,,,4,2020-10-15_17h28.07.110,premce_ses-02_part-02_label-phase2,2020.1.2,Win32,60,right,0.699415,2,0.933455,0,146,146,11,1,stimuli/objects/footballhelmet.jpg,left,old,12,,,,,,,,
,,,,,,,,4,2020-10-15_17h28.07.110,premce_ses-02_part-02_label-phase2,2020.1.2,Win32,60,right,1.016825,1,0.50466,0,147,147,123,1,stimuli/objects/scooter.jpg,right,new,124,,,,,,,,
,,,,,,,,4,2020-10-15_17h28.07.110,premce_ses-02_part-02_label-phase2,2020.1.2,Win32,60,right,0.841775,3,0.77913,0,148,148,45,1,stimuli/objects/horseshoe.jpg,right,new,46,,,,,,,,
,,,,,,,,4,2020-10-15_17h28.07.110,premce_ses-02_part-02_label-phase2,2020.1.2,Win32,60,left,1.91742,3,1.03741,0,149,149,159,1,stimuli/objects/parrot01.jpg,left,old,160,,,,,,,,
,,,,,,,,4,2020-10-15_17h28.07.110,premce_ses-02_part-02_label-phase2,2020.1.2,Win32,60,right,0.74663,2,0.580065,0,150,150,105,1,stimuli/objects/penguin.jpg,right,new,106,,,,,,,,
,,,,,,,,4,2020-10-15_17h28.07.110,premce_ses-02_part-02_label-phase2,2020.1.2,Win32,60,right,0.65017,2,2.598975,0,151,151,110,1,stimuli/objects/leafblower01.jpg,left,old,111,,,,,,,,
,,,,,,,,4,2020-10-15_17h28.07.110,premce_ses-02_part-02_label-phase2,2020.1.2,Win32,60,right,0.76441,3,0.245855,0,152,152,94,1,stimuli/objects/statue.jpg,right,new,95,,,,,,,,
,,,,,,,,4,2020-10-15_17h28.07.110,premce_ses-02_part-02_label-phase2,2020.1.2,Win32,60,right,0.9057,2,0.95148,0,153,153,79,1,stimuli/objects/jellybean.jpg,left,old,80,,,,,,,,
,,,,,,,,4,2020-10-15_17h28.07.110,premce_ses-02_part-02_label-phase2,2020.1.2,Win32,60,right,0.56868,3,0.14463,0,154,154,67,1,stimuli/objects/steeringwheel.jpg,right,new,68,,,,,,,,
,,,,,,,,4,2020-10-15_17h28.07.110,premce_ses-02_part-02_label-phase2,2020.1.2,Win32,60,right,0.788665,3,0.59511,0,155,155,34,1,stimuli/objects/ceilingfan01.jpg,right,new,35,,,,,,,,
,,,,,,,,4,2020-10-15_17h28.07.110,premce_ses-02_part-02_label-phase2,2020.1.2,Win32,60,right,0.71345,2,1.62851,0,156,156,124,1,stimuli/objects/birdhouse.jpg,right,new,125,,,,,,,,
,,,,,,,,4,2020-10-15_17h28.07.110,premce_ses-02_part-02_label-phase2,2020.1.2,Win32,60,left,0.85688,4,0.245095,0,157,157,150,1,stimuli/objects/asianelephant.jpg,left,old,151,,,,,,,,
,,,,,,,,4,2020-10-15_17h28.07.110,premce_ses-02_part-02_label-phase2,2020.1.2,Win32,60,left,0.86801,3,0.24603,0,158,158,28,1,stimuli/objects/seaturtle.jpg,left,old,29,,,,,,,,
,,,,,,,,4,2020-10-15_17h28.07.110,premce_ses-02_part-02_label-phase2,2020.1.2,Win32,60,right,0.580105,2,1.098395,0,159,159,39,1,stimuli/objects/fridge.jpg,left,old,40,,,,,,,,
,,,,,,,,4,2020-10-15_17h28.07.110,premce_ses-02_part-02_label-phase2,2020.1.2,Win32,60,,,,,,,,,,,,,,space,37.217345,0,0,0,0,1,ImagesforRecog1.csv
,,,,,,,,4,2020-10-15_17h28.07.110,premce_ses-02_part-02_label-phase2,2020.1.2,Win32,60,left,2.36262,2,0.624065,0,0,0,22,1,stimuli/objects/schoolbus.jpg,right,new,183,,,,,,,,
,,,,,,,,4,2020-10-15_17h28.07.110,premce_ses-02_part-02_label-phase2,2020.1.2,Win32,60,left,0.709825,4,0.66803,0,1,1,103,1,stimuli/objects/beaver.jpg,left,old,264,,,,,,,,
,,,,,,,,4,2020-10-15_17h28.07.110,premce_ses-02_part-02_label-phase2,2020.1.2,Win32,60,right,1.6856,2,0.21274,0,2,2,27,1,stimuli/objects/star.jpg,left,old,188,,,,,,,,
,,,,,,,,4,2020-10-15_17h28.07.110,premce_ses-02_part-02_label-phase2,2020.1.2,Win32,60,right,0.734755,3,0.414075,0,3,3,64,1,stimuli/objects/cupcake.jpg,right,new,225,,,,,,,,
,,,,,,,,4,2020-10-15_17h28.07.110,premce_ses-02_part-02_label-phase2,2020.1.2,Win32,60,right,0.67285,3,0.53041,0,4,4,46,1,stimuli/objects/kite.jpg,right,new,207,,,,,,,,
,,,,,,,,4,2020-10-15_17h28.07.110,premce_ses-02_part-02_label-phase2,2020.1.2,Win32,60,right,1.3377,2,0.17248,0,5,5,94,1,stimuli/objects/cormorant.jpg,right,new,255,,,,,,,,
,,,,,,,,4,2020-10-15_17h28.07.110,premce_ses-02_part-02_label-phase2,2020.1.2,Win32,60,right,2.169905,3,0.434865,0,6,6,68,1,stimuli/objects/sailboat.jpg,right,new,229,,,,,,,,
,,,,,,,,4,2020-10-15_17h28.07.110,premce_ses-02_part-02_label-phase2,2020.1.2,Win32,60,right,2.121765,3,1.236315,0,7,7,115,1,stimuli/objects/contactlens.jpg,right,new,276,,,,,,,,
,,,,,,,,4,2020-10-15_17h28.07.110,premce_ses-02_part-02_label-phase2,2020.1.2,Win32,60,left,1.118305,3,1.7163,0,8,8,93,1,stimuli/objects/moth.jpg,right,new,254,,,,,,,,
,,,,,,,,4,2020-10-15_17h28.07.110,premce_ses-02_part-02_label-phase2,2020.1.2,Win32,60,left,1.49487,4,0.586815,0,9,9,137,1,stimuli/objects/jackrabbit.jpg,left,old,298,,,,,,,,
,,,,,,,,4,2020-10-15_17h28.07.110,premce_ses-02_part-02_label-phase2,2020.1.2,Win32,60,left,1.556035,2,0.0471,0,10,10,0,1,stimuli/objects/ostrich.jpg,right,new,161,,,,,,,,
,,,,,,,,4,2020-10-15_17h28.07.110,premce_ses-02_part-02_label-phase2,2020.1.2,Win32,60,right,0.869625,2,0.116725,0,11,11,62,1,stimuli/objects/sandbarshark.jpg,right,new,223,,,,,,,,
,,,,,,,,4,2020-10-15_17h28.07.110,premce_ses-02_part-02_label-phase2,2020.1.2,Win32,60,left,1.172515,3,0.126155,0,12,12,4,1,stimuli/objects/bowrake.jpg,right,new,165,,,,,,,,
,,,,,,,,4,2020-10-15_17h28.07.110,premce_ses-02_part-02_label-phase2,2020.1.2,Win32,60,right,0.87519,2,0.30258,0,13,13,40,1,stimuli/objects/porcupine.jpg,left,old,201,,,,,,,,
,,,,,,,,4,2020-10-15_17h28.07.110,premce_ses-02_part-02_label-phase2,2020.1.2,Win32,60,left,2.47481,3,0.283405,0,14,14,74,1,stimuli/objects/noparkingsign.jpg,right,new,235,,,,,,,,
,,,,,,,,4,2020-10-15_17h28.07.110,premce_ses-02_part-02_label-phase2,2020.1.2,Win32,60,right,1.41786,3,0.97127,0,15,15,105,1,stimuli/objects/cuttlefish.jpg,left,old,266,,,,,,,,
,,,,,,,,4,2020-10-15_17h28.07.110,premce_ses-02_part-02_label-phase2,2020.1.2,Win32,60,right,0.584015,3,0.9018,0,16,16,150,1,stimuli/objects/urinal.jpg,left,old,311,,,,,,,,
,,,,,,,,4,2020-10-15_17h28.07.110,premce_ses-02_part-02_label-phase2,2020.1.2,Win32,60,right,1.256405,3,0.543665,0,17,17,82,1,stimuli/objects/missile.jpg,right,new,243,,,,,,,,
,,,,,,,,4,2020-10-15_17h28.07.110,premce_ses-02_part-02_label-phase2,2020.1.2,Win32,60,left,0.80049,4,0.254005,0,18,18,53,1,stimuli/objects/ear.jpg,left,old,214,,,,,,,,
,,,,,,,,4,2020-10-15_17h28.07.110,premce_ses-02_part-02_label-phase2,2020.1.2,Win32,60,left,1.06932,4,0.145665,0,19,19,155,1,stimuli/objects/popcorn.jpg,left,old,316,,,,,,,,
,,,,,,,,4,2020-10-15_17h28.07.110,premce_ses-02_part-02_label-phase2,2020.1.2,Win32,60,left,0.769115,3,1.055925,0,20,20,99,1,stimuli/objects/basketball01.jpg,left,old,260,,,,,,,,
,,,,,,,,4,2020-10-15_17h28.07.110,premce_ses-02_part-02_label-phase2,2020.1.2,Win32,60,left,1.30785,3,0.336775,0,21,21,60,1,stimuli/objects/dormer.jpg,left,old,221,,,,,,,,
,,,,,,,,4,2020-10-15_17h28.07.110,premce_ses-02_part-02_label-phase2,2020.1.2,Win32,60,right,0.6392,3,0.599215,0,22,22,72,1,stimuli/objects/shoppingcart.jpg,left,old,233,,,,,,,,
,,,,,,,,4,2020-10-15_17h28.07.110,premce_ses-02_part-02_label-phase2,2020.1.2,Win32,60,right,0.805435,2,0.29206,0,23,23,24,1,stimuli/objects/stool01.jpg,left,old,185,,,,,,,,
,,,,,,,,4,2020-10-15_17h28.07.110,premce_ses-02_part-02_label-phase2,2020.1.2,Win32,60,right,0.93871,2,0.13692,0,24,24,132,1,stimuli/objects/duck01.jpg,right,new,293,,,,,,,,
,,,,,,,,4,2020-10-15_17h28.07.110,premce_ses-02_part-02_label-phase2,2020.1.2,Win32,60,left,0.78598,4,0.154545,0,25,25,47,1,stimuli/objects/jellyfish.jpg,left,old,208,,,,,,,,
,,,,,,,,4,2020-10-15_17h28.07.110,premce_ses-02_part-02_label-phase2,2020.1.2,Win32,60,right,1.2255,3,0.7219,0,26,26,97,1,stimuli/objects/blackolive.jpg,left,old,258,,,,,,,,
,,,,,,,,4,2020-10-15_17h28.07.110,premce_ses-02_part-02_label-phase2,2020.1.2,Win32,60,right,1.798765,2,0.716335,0,27,27,52,1,stimuli/objects/drumstick.jpg,right,new,213,,,,,,,,
,,,,,,,,4,2020-10-15_17h28.07.110,premce_ses-02_part-02_label-phase2,2020.1.2,Win32,60,right,0.683445,2,0.20488,0,28,28,84,1,stimuli/objects/musicstand.jpg,left,old,245,,,,,,,,
,,,,,,,,4,2020-10-15_17h28.07.110,premce_ses-02_part-02_label-phase2,2020.1.2,Win32,60,right,1.683955,2,0.113525,0,29,29,17,1,stimuli/objects/mrpotatohead.jpg,right,new,178,,,,,,,,
,,,,,,,,4,2020-10-15_17h28.07.110,premce_ses-02_part-02_label-phase2,2020.1.2,Win32,60,right,0.906155,3,1.33181,0,30,30,18,1,stimuli/objects/discoball.jpg,right,new,179,,,,,,,,
,,,,,,,,4,2020-10-15_17h28.07.110,premce_ses-02_part-02_label-phase2,2020.1.2,Win32,60,left,1.53261,2,0.43484,0,31,31,41,1,stimuli/objects/salmon.jpg,right,new,202,,,,,,,,
,,,,,,,,4,2020-10-15_17h28.07.110,premce_ses-02_part-02_label-phase2,2020.1.2,Win32,60,right,0.746025,3,2.44554,0,32,32,141,1,stimuli/objects/parachute.jpg,right,new,302,,,,,,,,
,,,,,,,,4,2020-10-15_17h28.07.110,premce_ses-02_part-02_label-phase2,2020.1.2,Win32,60,left,0.78078,3,0.59161,0,33,33,149,1,stimuli/objects/hulahoop.jpg,left,old,310,,,,,,,,
,,,,,,,,4,2020-10-15_17h28.07.110,premce_ses-02_part-02_label-phase2,2020.1.2,Win32,60,left,0.803615,4,0.14442,0,34,34,25,1,stimuli/objects/beehive.jpg,left,old,186,,,,,,,,
,,,,,,,,4,2020-10-15_17h28.07.110,premce_ses-02_part-02_label-phase2,2020.1.2,Win32,60,left,1.42842,2,0.33603,0,35,35,126,1,stimuli/objects/entrancegate.jpg,left,old,287,,,,,,,,
,,,,,,,,4,2020-10-15_17h28.07.110,premce_ses-02_part-02_label-phase2,2020.1.2,Win32,60,left,1.764265,2,0.21138,0,36,36,79,1,stimuli/objects/beerbottle.jpg,left,old,240,,,,,,,,
,,,,,,,,4,2020-10-15_17h28.07.110,premce_ses-02_part-02_label-phase2,2020.1.2,Win32,60,right,0.84021,3,1.747715,0,37,37,73,1,stimuli/objects/barrel01.jpg,left,old,234,,,,,,,,
,,,,,,,,4,2020-10-15_17h28.07.110,premce_ses-02_part-02_label-phase2,2020.1.2,Win32,60,right,1.10899,3,1.25594,0,38,38,71,1,stimuli/objects/cross01.jpg,right,new,232,,,,,,,,
,,,,,,,,4,2020-10-15_17h28.07.110,premce_ses-02_part-02_label-phase2,2020.1.2,Win32,60,left,2.225595,3,0.0914,0,39,39,118,1,stimuli/objects/trophy01.jpg,left,old,279,,,,,,,,
,,,,,,,,4,2020-10-15_17h28.07.110,premce_ses-02_part-02_label-phase2,2020.1.2,Win32,60,left,0.96433,2,0.15343,0,40,40,14,1,stimuli/objects/hockeystick.jpg,left,old,175,,,,,,,,
,,,,,,,,4,2020-10-15_17h28.07.110,premce_ses-02_part-02_label-phase2,2020.1.2,Win32,60,left,0.817245,3,0.31266,0,41,41,54,1,stimuli/objects/stepladder.jpg,left,old,215,,,,,,,,
,,,,,,,,4,2020-10-15_17h28.07.110,premce_ses-02_part-02_label-phase2,2020.1.2,Win32,60,right,0.752395,3,0.235105,0,42,42,19,1,stimuli/objects/chimney.jpg,right,new,180,,,,,,,,
,,,,,,,,4,2020-10-15_17h28.07.110,premce_ses-02_part-02_label-phase2,2020.1.2,Win32,60,right,0.835075,2,0.068455,0,43,43,135,1,stimuli/objects/toiletbrush.jpg,right,new,296,,,,,,,,
,,,,,,,,4,2020-10-15_17h28.07.110,premce_ses-02_part-02_label-phase2,2020.1.2,Win32,60,right,1.25954,2,0.041575,0,44,44,131,1,stimuli/objects/tablesaw.jpg,left,old,292,,,,,,,,
,,,,,,,,4,2020-10-15_17h28.07.110,premce_ses-02_part-02_label-phase2,2020.1.2,Win32,60,right,1.0829,2,0.226845,0,45,45,102,1,stimuli/objects/englishcucumber.jpg,right,new,263,,,,,,,,
,,,,,,,,4,2020-10-15_17h28.07.110,premce_ses-02_part-02_label-phase2,2020.1.2,Win32,60,right,0.84349,2,0.20279,0,46,46,33,1,stimuli/objects/doghouse.jpg,left,old,194,,,,,,,,
,,,,,,,,4,2020-10-15_17h28.07.110,premce_ses-02_part-02_label-phase2,2020.1.2,Win32,60,left,1.53697,3,0.46911,0,47,47,123,1,stimuli/objects/zebra.jpg,left,old,284,,,,,,,,
,,,,,,,,4,2020-10-15_17h28.07.110,premce_ses-02_part-02_label-phase2,2020.1.2,Win32,60,left,0.892245,4,0.052035,0,48,48,151,1,stimuli/objects/gecko.jpg,left,old,312,,,,,,,,
,,,,,,,,4,2020-10-15_17h28.07.110,premce_ses-02_part-02_label-phase2,2020.1.2,Win32,60,right,0.573635,2,0.469635,0,49,49,111,1,stimuli/objects/trailer.jpg,right,new,272,,,,,,,,
,,,,,,,,4,2020-10-15_17h28.07.110,premce_ses-02_part-02_label-phase2,2020.1.2,Win32,60,right,0.552615,2,0.459485,0,50,50,12,1,stimuli/objects/safe.jpg,right,new,173,,,,,,,,
,,,,,,,,4,2020-10-15_17h28.07.110,premce_ses-02_part-02_label-phase2,2020.1.2,Win32,60,right,3.153115,2,0.25416,0,51,51,49,1,stimuli/objects/moon.jpg,right,new,210,,,,,,,,
,,,,,,,,4,2020-10-15_17h28.07.110,premce_ses-02_part-02_label-phase2,2020.1.2,Win32,60,right,2.210295,1,3.32586,0,52,52,51,1,stimuli/objects/bus.jpg,left,old,212,,,,,,,,
,,,,,,,,4,2020-10-15_17h28.07.110,premce_ses-02_part-02_label-phase2,2020.1.2,Win32,60,right,2.490095,2,0.59357,0,53,53,30,1,stimuli/objects/waterfountain02.jpg,right,new,191,,,,,,,,
,,,,,,,,4,2020-10-15_17h28.07.110,premce_ses-02_part-02_label-phase2,2020.1.2,Win32,60,left,2.491295,2,1.952425,0,54,54,134,1,stimuli/objects/windturbine.jpg,left,old,295,,,,,,,,
,,,,,,,,4,2020-10-15_17h28.07.110,premce_ses-02_part-02_label-phase2,2020.1.2,Win32,60,right,1.05156,2,1.79275,0,55,55,70,1,stimuli/objects/fluorescentlightbulb.jpg,right,new,231,,,,,,,,
,,,,,,,,4,2020-10-15_17h28.07.110,premce_ses-02_part-02_label-phase2,2020.1.2,Win32,60,right,0.822405,3,2.283485,0,56,56,80,1,stimuli/objects/parkfountain.jpg,left,old,241,,,,,,,,
,,,,,,,,4,2020-10-15_17h28.07.110,premce_ses-02_part-02_label-phase2,2020.1.2,Win32,60,right,1.04171,3,0.516195,0,57,57,119,1,stimuli/objects/surfboard.jpg,left,old,280,,,,,,,,
,,,,,,,,4,2020-10-15_17h28.07.110,premce_ses-02_part-02_label-phase2,2020.1.2,Win32,60,right,1.218315,3,0.916765,0,58,58,158,1,stimuli/objects/bed.jpg,left,old,319,,,,,,,,
,,,,,,,,4,2020-10-15_17h28.07.110,premce_ses-02_part-02_label-phase2,2020.1.2,Win32,60,left,0.75103,3,1.37754,0,59,59,120,1,stimuli/objects/soccerball.jpg,left,old,281,,,,,,,,
,,,,,,,,4,2020-10-15_17h28.07.110,premce_ses-02_part-02_label-phase2,2020.1.2,Win32,60,right,0.75285,3,0.90189,0,60,60,142,1,stimuli/objects/curtain.jpg,right,new,303,,,,,,,,
,,,,,,,,4,2020-10-15_17h28.07.110,premce_ses-02_part-02_label-phase2,2020.1.2,Win32,60,right,1.76667,3,3.123305,0,61,61,56,1,stimuli/objects/bumpercar.jpg,right,new,217,,,,,,,,
,,,,,,,,4,2020-10-15_17h28.07.110,premce_ses-02_part-02_label-phase2,2020.1.2,Win32,60,left,1.236885,4,0.498015,0,62,62,15,1,stimuli/objects/tent.jpg,left,old,176,,,,,,,,
,,,,,,,,4,2020-10-15_17h28.07.110,premce_ses-02_part-02_label-phase2,2020.1.2,Win32,60,right,0.868555,2,0.30224,0,63,63,11,1,stimuli/objects/nunchuk.jpg,right,new,172,,,,,,,,
,,,,,,,,4,2020-10-15_17h28.07.110,premce_ses-02_part-02_label-phase2,2020.1.2,Win32,60,left,1.357345,3,0.382615,0,64,64,117,1,stimuli/objects/cloud.jpg,left,old,278,,,,,,,,
,,,,,,,,4,2020-10-15_17h28.07.110,premce_ses-02_part-02_label-phase2,2020.1.2,Win32,60,left,0.83736,3,0.294295,0,65,65,101,1,stimuli/objects/stairs.jpg,left,old,262,,,,,,,,
,,,,,,,,4,2020-10-15_17h28.07.110,premce_ses-02_part-02_label-phase2,2020.1.2,Win32,60,right,4.45369,1,3.03826,0,66,66,122,1,stimuli/objects/crosscountryski.jpg,left,old,283,,,,,,,,
,,,,,,,,4,2020-10-15_17h28.07.110,premce_ses-02_part-02_label-phase2,2020.1.2,Win32,60,left,2.04357,4,0.26955,0,67,67,125,1,stimuli/objects/chipmunk.jpg,right,new,286,,,,,,,,
,,,,,,,,4,2020-10-15_17h28.07.110,premce_ses-02_part-02_label-phase2,2020.1.2,Win32,60,right,3.005495,2,0.38872,0,68,68,65,1,stimuli/objects/armchair02.jpg,right,new,226,,,,,,,,
,,,,,,,,4,2020-10-15_17h28.07.110,premce_ses-02_part-02_label-phase2,2020.1.2,Win32,60,left,3.077195,3,1.160025,0,69,69,107,1,stimuli/objects/skipole.jpg,left,old,268,,,,,,,,
,,,,,,,,4,2020-10-15_17h28.07.110,premce_ses-02_part-02_label-phase2,2020.1.2,Win32,60,right,1.631875,2,0.402595,0,70,70,140,1,stimuli/objects/hammerheadshark.jpg,right,new,301,,,,,,,,
,,,,,,,,4,2020-10-15_17h28.07.110,premce_ses-02_part-02_label-phase2,2020.1.2,Win32,60,left,1.26026,3,0.93493,0,71,71,9,1,stimuli/objects/dolphin01.jpg,left,old,170,,,,,,,,
,,,,,,,,4,2020-10-15_17h28.07.110,premce_ses-02_part-02_label-phase2,2020.1.2,Win32,60,right,0.85421,3,0.93828,0,72,72,148,1,stimuli/objects/shield02.jpg,right,new,309,,,,,,,,
,,,,,,,,4,2020-10-15_17h28.07.110,premce_ses-02_part-02_label-phase2,2020.1.2,Win32,60,right,4.11305,2,2.0415,0,73,73,156,1,stimuli/objects/faxmachine.jpg,right,new,317,,,,,,,,
,,,,,,,,4,2020-10-15_17h28.07.110,premce_ses-02_part-02_label-phase2,2020.1.2,Win32,60,right,1.174205,2,0.448815,0,74,74,77,1,stimuli/objects/cowbell.jpg,right,new,238,,,,,,,,
,,,,,,,,4,2020-10-15_17h28.07.110,premce_ses-02_part-02_label-phase2,2020.1.2,Win32,60,left,4.31098,1,1.805205,0,75,75,20,1,stimuli/objects/football.jpg,left,old,181,,,,,,,,
,,,,,,,,4,2020-10-15_17h28.07.110,premce_ses-02_part-02_label-phase2,2020.1.2,Win32,60,right,1.203665,1,1.55426,0,76,76,108,1,stimuli/objects/boxingglove01.jpg,right,new,269,,,,,,,,
,,,,,,,,4,2020-10-15_17h28.07.110,premce_ses-02_part-02_label-phase2,2020.1.2,Win32,60,left,1.936925,4,0.553425,0,77,77,145,1,stimuli/objects/makiroll.jpg,left,old,306,,,,,,,,
,,,,,,,,4,2020-10-15_17h28.07.110,premce_ses-02_part-02_label-phase2,2020.1.2,Win32,60,left,1.34459,3,0.968025,0,78,78,116,1,stimuli/objects/greywolf.jpg,left,old,277,,,,,,,,
,,,,,,,,4,2020-10-15_17h28.07.110,premce_ses-02_part-02_label-phase2,2020.1.2,Win32,60,right,0.903,2,0.575055,0,79,79,88,1,stimuli/objects/handbrush02.jpg,left,old,249,,,,,,,,
,,,,,,,,4,2020-10-15_17h28.07.110,premce_ses-02_part-02_label-phase2,2020.1.2,Win32,60,right,1.86594,2,0.350245,0,80,80,81,1,stimuli/objects/painting.jpg,right,new,242,,,,,,,,
,,,,,,,,4,2020-10-15_17h28.07.110,premce_ses-02_part-02_label-phase2,2020.1.2,Win32,60,left,2.05103,2,0.33059,0,81,81,66,1,stimuli/objects/tulip02.jpg,right,new,227,,,,,,,,
,,,,,,,,4,2020-10-15_17h28.07.110,premce_ses-02_part-02_label-phase2,2020.1.2,Win32,60,left,1.3467,3,0.270005,0,82,82,28,1,stimuli/objects/freezer02.jpg,right,new,189,,,,,,,,
,,,,,,,,4,2020-10-15_17h28.07.110,premce_ses-02_part-02_label-phase2,2020.1.2,Win32,60,right,1.730885,1,1.20512,0,83,83,2,1,stimuli/objects/shelves.jpg,left,old,163,,,,,,,,
,,,,,,,,4,2020-10-15_17h28.07.110,premce_ses-02_part-02_label-phase2,2020.1.2,Win32,60,left,1.183545,3,1.866565,0,84,84,92,1,stimuli/objects/buoy.jpg,left,old,253,,,,,,,,
,,,,,,,,4,2020-10-15_17h28.07.110,premce_ses-02_part-02_label-phase2,2020.1.2,Win32,60,right,0.815105,3,0.489625,0,85,85,104,1,stimuli/objects/mirror02.jpg,left,old,265,,,,,,,,
,,,,,,,,4,2020-10-15_17h28.07.110,premce_ses-02_part-02_label-phase2,2020.1.2,Win32,60,right,1.241905,3,0.653505,0,86,86,48,1,stimuli/objects/fishskeleton.jpg,right,new,209,,,,,,,,
,,,,,,,,4,2020-10-15_17h28.07.110,premce_ses-02_part-02_label-phase2,2020.1.2,Win32,60,right,1.020935,2,0.29623,0,87,87,45,1,stimuli/objects/dolly01.jpg,right,new,206,,,,,,,,
,,,,,,,,4,2020-10-15_17h28.07.110,premce_ses-02_part-02_label-phase2,2020.1.2,Win32,60,right,1.885385,2,0.765475,0,88,88,144,1,stimuli/objects/filingcabinet.jpg,right,new,305,,,,,,,,
,,,,,,,,4,2020-10-15_17h28.07.110,premce_ses-02_part-02_label-phase2,2020.1.2,Win32,60,right,3.226895,3,2.48194,0,89,89,157,1,stimuli/objects/lip.jpg,right,new,318,,,,,,,,
,,,,,,,,4,2020-10-15_17h28.07.110,premce_ses-02_part-02_label-phase2,2020.1.2,Win32,60,right,1.713985,3,0.267055,0,90,90,113,1,stimuli/objects/dogsled.jpg,left,old,274,,,,,,,,
,,,,,,,,4,2020-10-15_17h28.07.110,premce_ses-02_part-02_label-phase2,2020.1.2,Win32,60,right,0.82775,2,0.35272,0,91,91,58,1,stimuli/objects/shipinabottle.jpg,right,new,219,,,,,,,,
,,,,,,,,4,2020-10-15_17h28.07.110,premce_ses-02_part-02_label-phase2,2020.1.2,Win32,60,left,1.031825,3,1.838395,0,92,92,35,1,stimuli/objects/eiffeltower.jpg,right,new,196,,,,,,,,
,,,,,,,,4,2020-10-15_17h28.07.110,premce_ses-02_part-02_label-phase2,2020.1.2,Win32,60,right,0.71711,2,0.857,0,93,93,90,1,stimuli/objects/vacuumcleaner01.jpg,right,new,251,,,,,,,,
,,,,,,,,4,2020-10-15_17h28.07.110,premce_ses-02_part-02_label-phase2,2020.1.2,Win32,60,left,2.0993,4,0.296555,0,94,94,153,1,stimuli/objects/toysoldier01b.jpg,left,old,314,,,,,,,,
,,,,,,,,4,2020-10-15_17h28.07.110,premce_ses-02_part-02_label-phase2,2020.1.2,Win32,60,right,0.63815,3,0.89037,0,95,95,100,1,stimuli/objects/gps.jpg,right,new,261,,,,,,,,
,,,,,,,,4,2020-10-15_17h28.07.110,premce_ses-02_part-02_label-phase2,2020.1.2,Win32,60,right,1.325985,2,0.33871,0,96,96,7,1,stimuli/objects/sink.jpg,right,new,168,,,,,,,,
,,,,,,,,4,2020-10-15_17h28.07.110,premce_ses-02_part-02_label-phase2,2020.1.2,Win32,60,left,1.005375,4,3.356985,0,97,97,50,1,stimuli/objects/honeybee.jpg,left,old,211,,,,,,,,
,,,,,,,,4,2020-10-15_17h28.07.110,premce_ses-02_part-02_label-phase2,2020.1.2,Win32,60,right,0.901435,2,0.584975,0,98,98,133,1,stimuli/objects/kneepad01c.jpg,left,old,294,,,,,,,,
,,,,,,,,4,2020-10-15_17h28.07.110,premce_ses-02_part-02_label-phase2,2020.1.2,Win32,60,right,0.910425,2,0.2773,0,99,99,130,1,stimuli/objects/sausage.jpg,right,new,291,,,,,,,,
,,,,,,,,4,2020-10-15_17h28.07.110,premce_ses-02_part-02_label-phase2,2020.1.2,Win32,60,left,2.099475,2,0.450705,0,100,100,67,1,stimuli/objects/golfball.jpg,left,old,228,,,,,,,,
,,,,,,,,4,2020-10-15_17h28.07.110,premce_ses-02_part-02_label-phase2,2020.1.2,Win32,60,right,0.70571,3,1.283315,0,101,101,43,1,stimuli/objects/tricycle.jpg,left,old,204,,,,,,,,
,,,,,,,,4,2020-10-15_17h28.07.110,premce_ses-02_part-02_label-phase2,2020.1.2,Win32,60,right,0.683235,3,0.25064,0,102,102,44,1,stimuli/objects/canoepaddle02.jpg,left,old,205,,,,,,,,
,,,,,,,,4,2020-10-15_17h28.07.110,premce_ses-02_part-02_label-phase2,2020.1.2,Win32,60,left,1.65477,2,0.20179,0,103,103,112,1,stimuli/objects/scorpion.jpg,right,new,273,,,,,,,,
,,,,,,,,4,2020-10-15_17h28.07.110,premce_ses-02_part-02_label-phase2,2020.1.2,Win32,60,right,0.570895,3,0.21783,0,104,104,59,1,stimuli/objects/saltshaker03a.jpg,right,new,220,,,,,,,,
,,,,,,,,4,2020-10-15_17h28.07.110,premce_ses-02_part-02_label-phase2,2020.1.2,Win32,60,right,1.55889,1,0.123775,0,105,105,127,1,stimuli/objects/jaguar.jpg,left,old,288,,,,,,,,
,,,,,,,,4,2020-10-15_17h28.07.110,premce_ses-02_part-02_label-phase2,2020.1.2,Win32,60,right,0.65191,2,0.133855,0,106,106,110,1,stimuli/objects/scalpel.jpg,left,old,271,,,,,,,,
,,,,,,,,4,2020-10-15_17h28.07.110,premce_ses-02_part-02_label-phase2,2020.1.2,Win32,60,right,1.450725,2,0.715035,0,107,107,34,1,stimuli/objects/sandcastle.jpg,left,old,195,,,,,,,,
,,,,,,,,4,2020-10-15_17h28.07.110,premce_ses-02_part-02_label-phase2,2020.1.2,Win32,60,left,2.091915,2,0.00052,0,108,108,76,1,stimuli/objects/snowshovel.jpg,right,new,237,,,,,,,,
,,,,,,,,4,2020-10-15_17h28.07.110,premce_ses-02_part-02_label-phase2,2020.1.2,Win32,60,right,0.819935,3,0.889745,0,109,109,63,1,stimuli/objects/witchhat.jpg,left,old,224,,,,,,,,
,,,,,,,,4,2020-10-15_17h28.07.110,premce_ses-02_part-02_label-phase2,2020.1.2,Win32,60,left,1.721845,2,0.415005,0,110,110,78,1,stimuli/objects/smartboard.jpg,right,new,239,,,,,,,,
,,,,,,,,4,2020-10-15_17h28.07.110,premce_ses-02_part-02_label-phase2,2020.1.2,Win32,60,left,1.03211,3,0.13467,0,111,111,143,1,stimuli/objects/squirrel.jpg,right,new,304,,,,,,,,
,,,,,,,,4,2020-10-15_17h28.07.110,premce_ses-02_part-02_label-phase2,2020.1.2,Win32,60,right,0.789365,1,1.53558,0,112,112,129,1,stimuli/objects/treestump.jpg,right,new,290,,,,,,,,
,,,,,,,,4,2020-10-15_17h28.07.110,premce_ses-02_part-02_label-phase2,2020.1.2,Win32,60,left,1.31583,3,0.14691,0,113,113,16,1,stimuli/objects/cymbal.jpg,right,new,177,,,,,,,,
,,,,,,,,4,2020-10-15_17h28.07.110,premce_ses-02_part-02_label-phase2,2020.1.2,Win32,60,right,0.58782,3,0.755115,0,114,114,86,1,stimuli/objects/masquerademask01.jpg,right,new,247,,,,,,,,
,,,,,,,,4,2020-10-15_17h28.07.110,premce_ses-02_part-02_label-phase2,2020.1.2,Win32,60,left,1.410755,3,0.059745,0,115,115,26,1,stimuli/objects/cookingpot.jpg,right,new,187,,,,,,,,
,,,,,,,,4,2020-10-15_17h28.07.110,premce_ses-02_part-02_label-phase2,2020.1.2,Win32,60,left,0.907005,3,0.453885,0,116,116,32,1,stimuli/objects/seagull.jpg,left,old,193,,,,,,,,
,,,,,,,,4,2020-10-15_17h28.07.110,premce_ses-02_part-02_label-phase2,2020.1.2,Win32,60,left,1.29418,2,0.304795,0,117,117,96,1,stimuli/objects/jeans01.jpg,left,old,257,,,,,,,,
,,,,,,,,4,2020-10-15_17h28.07.110,premce_ses-02_part-02_label-phase2,2020.1.2,Win32,60,right,0.58871,3,0.942085,0,118,118,31,1,stimuli/objects/swing.jpg,right,new,192,,,,,,,,
,,,,,,,,4,2020-10-15_17h28.07.110,premce_ses-02_part-02_label-phase2,2020.1.2,Win32,60,right,1.21096,3,0.223155,0,119,119,159,1,stimuli/objects/shovel01.jpg,left,old,320,,,,,,,,
,,,,,,,,4,2020-10-15_17h28.07.110,premce_ses-02_part-02_label-phase2,2020.1.2,Win32,60,left,1.624285,4,0.08013,0,120,120,152,1,stimuli/objects/waterfall.jpg,right,new,313,,,,,,,,
,,,,,,,,4,2020-10-15_17h28.07.110,premce_ses-02_part-02_label-phase2,2020.1.2,Win32,60,left,1.399585,2,0.434795,0,121,121,1,1,stimuli/objects/bridge.jpg,right,new,162,,,,,,,,
,,,,,,,,4,2020-10-15_17h28.07.110,premce_ses-02_part-02_label-phase2,2020.1.2,Win32,60,right,0.78727,3,0.880705,0,122,122,10,1,stimuli/objects/locomotive.jpg,left,old,171,,,,,,,,
,,,,,,,,4,2020-10-15_17h28.07.110,premce_ses-02_part-02_label-phase2,2020.1.2,Win32,60,right,0.860755,3,0.228905,0,123,123,38,1,stimuli/objects/bull.jpg,right,new,199,,,,,,,,
,,,,,,,,4,2020-10-15_17h28.07.110,premce_ses-02_part-02_label-phase2,2020.1.2,Win32,60,left,0.85907,4,0.113265,0,124,124,106,1,stimuli/objects/nosmokingsign.jpg,right,new,267,,,,,,,,
,,,,,,,,4,2020-10-15_17h28.07.110,premce_ses-02_part-02_label-phase2,2020.1.2,Win32,60,right,0.676795,3,0.480035,0,125,125,139,1,stimuli/objects/floortile02.jpg,right,new,300,,,,,,,,
,,,,,,,,4,2020-10-15_17h28.07.110,premce_ses-02_part-02_label-phase2,2020.1.2,Win32,60,left,3.2843,2,0.465055,0,126,126,154,1,stimuli/objects/guitarcase.jpg,right,new,315,,,,,,,,
,,,,,,,,4,2020-10-15_17h28.07.110,premce_ses-02_part-02_label-phase2,2020.1.2,Win32,60,right,0.820625,3,0.27677,0,127,127,87,1,stimuli/objects/gazebo.jpg,left,old,248,,,,,,,,
,,,,,,,,4,2020-10-15_17h28.07.110,premce_ses-02_part-02_label-phase2,2020.1.2,Win32,60,right,1.156815,2,0.3191,0,128,128,69,1,stimuli/objects/banjo.jpg,right,new,230,,,,,,,,
,,,,,,,,4,2020-10-15_17h28.07.110,premce_ses-02_part-02_label-phase2,2020.1.2,Win32,60,right,1.0369,3,0.05174,0,129,129,136,1,stimuli/objects/platypus.jpg,right,new,297,,,,,,,,
,,,,,,,,4,2020-10-15_17h28.07.110,premce_ses-02_part-02_label-phase2,2020.1.2,Win32,60,right,0.74916,1,0.795005,0,130,130,21,1,stimuli/objects/acorn.jpg,left,old,182,,,,,,,,
,,,,,,,,4,2020-10-15_17h28.07.110,premce_ses-02_part-02_label-phase2,2020.1.2,Win32,60,right,1.02648,3,0.035815,0,131,131,114,1,stimuli/objects/turkey.jpg,left,old,275,,,,,,,,
,,,,,,,,4,2020-10-15_17h28.07.110,premce_ses-02_part-02_label-phase2,2020.1.2,Win32,60,left,1.183375,3,0.088715,0,132,132,6,1,stimuli/objects/rollerblade.jpg,right,new,167,,,,,,,,
,,,,,,,,4,2020-10-15_17h28.07.110,premce_ses-02_part-02_label-phase2,2020.1.2,Win32,60,right,0.60136,2,0.083825,0,133,133,138,1,stimuli/objects/wallclock.jpg,right,new,299,,,,,,,,
,,,,,,,,4,2020-10-15_17h28.07.110,premce_ses-02_part-02_label-phase2,2020.1.2,Win32,60,left,1.05982,1,0.7809,0,134,134,57,1,stimuli/objects/pumpkin.jpg,left,old,218,,,,,,,,
,,,,,,,,4,2020-10-15_17h28.07.110,premce_ses-02_part-02_label-phase2,2020.1.2,Win32,60,right,0.98209,2,0.41752,0,135,135,146,1,stimuli/objects/chainsaw.jpg,left,old,307,,,,,,,,
,,,,,,,,4,2020-10-15_17h28.07.110,premce_ses-02_part-02_label-phase2,2020.1.2,Win32,60,left,0.898135,3,0.22348,0,136,136,109,1,stimuli/objects/spaghetti01.jpg,left,old,270,,,,,,,,
,,,,,,,,4,2020-10-15_17h28.07.110,premce_ses-02_part-02_label-phase2,2020.1.2,Win32,60,right,1.394225,2,0.387825,0,137,137,83,1,stimuli/objects/redonion.jpg,left,old,244,,,,,,,,
,,,,,,,,4,2020-10-15_17h28.07.110,premce_ses-02_part-02_label-phase2,2020.1.2,Win32,60,right,0.900275,2,0.098945,0,138,138,36,1,stimuli/objects/recyclingbin.jpg,right,new,197,,,,,,,,
,,,,,,,,4,2020-10-15_17h28.07.110,premce_ses-02_part-02_label-phase2,2020.1.2,Win32,60,right,1.91004,2,0.08607,0,139,139,3,1,stimuli/objects/pitchfork.jpg,right,new,164,,,,,,,,
,,,,,,,,4,2020-10-15_17h28.07.110,premce_ses-02_part-02_label-phase2,2020.1.2,Win32,60,right,1.31231,1,0.817675,0,140,140,85,1,stimuli/objects/gong.jpg,right,new,246,,,,,,,,
,,,,,,,,4,2020-10-15_17h28.07.110,premce_ses-02_part-02_label-phase2,2020.1.2,Win32,60,left,0.8682,3,1.378335,0,141,141,37,1,stimuli/objects/pigeon.jpg,left,old,198,,,,,,,,
,,,,,,,,4,2020-10-15_17h28.07.110,premce_ses-02_part-02_label-phase2,2020.1.2,Win32,60,left,0.766925,3,0.216305,0,142,142,23,1,stimuli/objects/flugglehorn.jpg,left,old,184,,,,,,,,
,,,,,,,,4,2020-10-15_17h28.07.110,premce_ses-02_part-02_label-phase2,2020.1.2,Win32,60,right,0.748395,2,0.22882,0,143,143,98,1,stimuli/objects/pig.jpg,right,new,259,,,,,,,,
,,,,,,,,4,2020-10-15_17h28.07.110,premce_ses-02_part-02_label-phase2,2020.1.2,Win32,60,right,0.921855,1,0.849435,0,144,144,89,1,stimuli/objects/bowlingpin.jpg,left,old,250,,,,,,,,
,,,,,,,,4,2020-10-15_17h28.07.110,premce_ses-02_part-02_label-phase2,2020.1.2,Win32,60,right,1.091565,3,0.621415,0,145,145,147,1,stimuli/objects/hotdog.jpg,right,new,308,,,,,,,,
,,,,,,,,4,2020-10-15_17h28.07.110,premce_ses-02_part-02_label-phase2,2020.1.2,Win32,60,left,1.13659,4,0.193535,0,146,146,8,1,stimuli/objects/bluejay.jpg,left,old,169,,,,,,,,
,,,,,,,,4,2020-10-15_17h28.07.110,premce_ses-02_part-02_label-phase2,2020.1.2,Win32,60,right,0.938965,2,1.26197,0,147,147,5,1,stimuli/objects/morningstar.jpg,right,new,166,,,,,,,,
,,,,,,,,4,2020-10-15_17h28.07.110,premce_ses-02_part-02_label-phase2,2020.1.2,Win32,60,left,0.749725,4,0.33335,0,148,148,124,1,stimuli/objects/kangaroo01.jpg,right,new,285,,,,,,,,
,,,,,,,,4,2020-10-15_17h28.07.110,premce_ses-02_part-02_label-phase2,2020.1.2,Win32,60,right,0.65584,2,0.537645,0,149,149,75,1,stimuli/objects/snowshoe.jpg,right,new,236,,,,,,,,
,,,,,,,,4,2020-10-15_17h28.07.110,premce_ses-02_part-02_label-phase2,2020.1.2,Win32,60,left,0.808475,4,2.28665,0,150,150,121,1,stimuli/objects/musicsheet.jpg,left,old,282,,,,,,,,
,,,,,,,,4,2020-10-15_17h28.07.110,premce_ses-02_part-02_label-phase2,2020.1.2,Win32,60,left,6.32882,2,0.95659,0,151,151,91,1,stimuli/objects/lawnmower.jpg,right,new,252,,,,,,,,
,,,,,,,,4,2020-10-15_17h28.07.110,premce_ses-02_part-02_label-phase2,2020.1.2,Win32,60,left,0.821145,3,0.44868,0,152,152,13,1,stimuli/objects/monarchbutterfly.jpg,left,old,174,,,,,,,,
,,,,,,,,4,2020-10-15_17h28.07.110,premce_ses-02_part-02_label-phase2,2020.1.2,Win32,60,left,0.751225,3,0.604605,0,153,153,61,1,stimuli/objects/graduationcap.jpg,left,old,222,,,,,,,,
,,,,,,,,4,2020-10-15_17h28.07.110,premce_ses-02_part-02_label-phase2,2020.1.2,Win32,60,right,0.719865,2,0.30661,0,154,154,95,1,stimuli/objects/mouse.jpg,right,new,256,,,,,,,,
,,,,,,,,4,2020-10-15_17h28.07.110,premce_ses-02_part-02_label-phase2,2020.1.2,Win32,60,right,0.78234,3,0.185915,0,155,155,128,1,stimuli/objects/tricornhat.jpg,right,new,289,,,,,,,,
,,,,,,,,4,2020-10-15_17h28.07.110,premce_ses-02_part-02_label-phase2,2020.1.2,Win32,60,right,0.825415,3,1.41011,0,156,156,55,1,stimuli/objects/chime.jpg,right,new,216,,,,,,,,
,,,,,,,,4,2020-10-15_17h28.07.110,premce_ses-02_part-02_label-phase2,2020.1.2,Win32,60,left,1.404255,2,0.2253,0,157,157,42,1,stimuli/objects/electricguitar01.jpg,left,old,203,,,,,,,,
,,,,,,,,4,2020-10-15_17h28.07.110,premce_ses-02_part-02_label-phase2,2020.1.2,Win32,60,left,1.07631,1,0.648225,0,158,158,39,1,stimuli/objects/stroller.jpg,left,old,200,,,,,,,,
,,,,,,,,4,2020-10-15_17h28.07.110,premce_ses-02_part-02_label-phase2,2020.1.2,Win32,60,right,0.724105,2,0.995745,0,159,159,29,1,stimuli/objects/showerhead01.jpg,left,old,190,,,,,,,,
,,,,,,,,4,2020-10-15_17h28.07.110,premce_ses-02_part-02_label-phase2,2020.1.2,Win32,60,,,,,,,,,,,,,,space,4.56364,0,1,1,1,1,ImagesforRecog2.csv
