instructions_loop.thisRepN,instructions_loop.thisTrialN,instructions_loop.thisN,instructions_loop.thisIndex,instructions_loop.ran,text1,text2,text3,participant,date,expName,psychopyVersion,OS,frameRate,recog_resp.keys,recog_resp.rt,conf_resp.keys,conf_resp.rt,recog_loop.thisRepN,recog_loop.thisTrialN,recog_loop.thisN,recog_loop.thisIndex,recog_loop.ran,images,corr_ans,type,order,key_resp_break.keys,key_resp_break.rt,list_loop.thisRepN,list_loop.thisTrialN,list_loop.thisN,list_loop.thisIndex,list_loop.ran,recog_list
0,0,0,0,1,Welcome to the last phase of this experiment!,,Please press the space bar to continue,5,2020-10-15_19h04.49.350,premce_ses-02_part-02_label-phase2,2020.1.2,Win32,60,,,,,,,,,,,,,,,,,,,,,
0,1,1,1,1,,"In this phase, you will see some objects. 

For each object, you should indicate whether you have seen it before during the experiment.

Press LEFT ARROW for YES
Press RIGHT ARROW for NO

",Please press the space bar to continue ,5,2020-10-15_19h04.49.350,premce_ses-02_part-02_label-phase2,2020.1.2,Win32,60,,,,,,,,,,,,,,,,,,,,,
0,2,2,2,1,,"After that, you will be asked how confident you are of your choice.

Please rate the confidence in your choce with the numbers from 1 to 4 of your keyboard. 

The numbers correspond to:

1 = Very unsure
2 = Unsure
3 = Sure
4 = Very Sure",Please press the space bar to continue,5,2020-10-15_19h04.49.350,premce_ses-02_part-02_label-phase2,2020.1.2,Win32,60,,,,,,,,,,,,,,,,,,,,,
,,,,,,,,5,2020-10-15_19h04.49.350,premce_ses-02_part-02_label-phase2,2020.1.2,Win32,60,right,6.25084,4,4.0702,0,0,0,131,1,stimuli/objects/tablesaw.jpg,left,old,292,,,,,,,,
,,,,,,,,5,2020-10-15_19h04.49.350,premce_ses-02_part-02_label-phase2,2020.1.2,Win32,60,left,2.368635,4,2.7082,0,1,1,0,1,stimuli/objects/ostrich.jpg,right,new,161,,,,,,,,
,,,,,,,,5,2020-10-15_19h04.49.350,premce_ses-02_part-02_label-phase2,2020.1.2,Win32,60,right,1.466915,4,0.834655,0,2,2,2,1,stimuli/objects/shelves.jpg,left,old,163,,,,,,,,
,,,,,,,,5,2020-10-15_19h04.49.350,premce_ses-02_part-02_label-phase2,2020.1.2,Win32,60,left,1.341135,4,0.76796,0,3,3,83,1,stimuli/objects/redonion.jpg,left,old,244,,,,,,,,
,,,,,,,,5,2020-10-15_19h04.49.350,premce_ses-02_part-02_label-phase2,2020.1.2,Win32,60,right,2.25133,4,1.174625,0,4,4,27,1,stimuli/objects/star.jpg,left,old,188,,,,,,,,
,,,,,,,,5,2020-10-15_19h04.49.350,premce_ses-02_part-02_label-phase2,2020.1.2,Win32,60,left,2.25431,4,0.76768,0,5,5,62,1,stimuli/objects/sandbarshark.jpg,right,new,223,,,,,,,,
,,,,,,,,5,2020-10-15_19h04.49.350,premce_ses-02_part-02_label-phase2,2020.1.2,Win32,60,left,1.196185,4,0.47501,0,6,6,61,1,stimuli/objects/graduationcap.jpg,left,old,222,,,,,,,,
,,,,,,,,5,2020-10-15_19h04.49.350,premce_ses-02_part-02_label-phase2,2020.1.2,Win32,60,left,0.85084,4,1.00881,0,7,7,57,1,stimuli/objects/pumpkin.jpg,left,old,218,,,,,,,,
,,,,,,,,5,2020-10-15_19h04.49.350,premce_ses-02_part-02_label-phase2,2020.1.2,Win32,60,left,1.0727,4,1.264455,0,8,8,109,1,stimuli/objects/spaghetti01.jpg,left,old,270,,,,,,,,
,,,,,,,,5,2020-10-15_19h04.49.350,premce_ses-02_part-02_label-phase2,2020.1.2,Win32,60,left,1.750065,4,0.491265,0,9,9,105,1,stimuli/objects/cuttlefish.jpg,left,old,266,,,,,,,,
,,,,,,,,5,2020-10-15_19h04.49.350,premce_ses-02_part-02_label-phase2,2020.1.2,Win32,60,left,0.995555,4,0.612185,0,10,10,12,1,stimuli/objects/safe.jpg,right,new,173,,,,,,,,
,,,,,,,,5,2020-10-15_19h04.49.350,premce_ses-02_part-02_label-phase2,2020.1.2,Win32,60,left,1.274875,4,0.41058,0,11,11,84,1,stimuli/objects/musicstand.jpg,left,old,245,,,,,,,,
,,,,,,,,5,2020-10-15_19h04.49.350,premce_ses-02_part-02_label-phase2,2020.1.2,Win32,60,left,0.660675,4,0.42694,0,12,12,96,1,stimuli/objects/jeans01.jpg,left,old,257,,,,,,,,
,,,,,,,,5,2020-10-15_19h04.49.350,premce_ses-02_part-02_label-phase2,2020.1.2,Win32,60,right,1.37492,3,1.151445,0,13,13,94,1,stimuli/objects/cormorant.jpg,right,new,255,,,,,,,,
,,,,,,,,5,2020-10-15_19h04.49.350,premce_ses-02_part-02_label-phase2,2020.1.2,Win32,60,right,0.936375,4,0.682695,0,14,14,92,1,stimuli/objects/buoy.jpg,left,old,253,,,,,,,,
,,,,,,,,5,2020-10-15_19h04.49.350,premce_ses-02_part-02_label-phase2,2020.1.2,Win32,60,left,1.055145,4,0.42688,0,15,15,156,1,stimuli/objects/faxmachine.jpg,right,new,317,,,,,,,,
,,,,,,,,5,2020-10-15_19h04.49.350,premce_ses-02_part-02_label-phase2,2020.1.2,Win32,60,left,1.532265,3,0.46189,0,16,16,71,1,stimuli/objects/cross01.jpg,right,new,232,,,,,,,,
,,,,,,,,5,2020-10-15_19h04.49.350,premce_ses-02_part-02_label-phase2,2020.1.2,Win32,60,left,0.804665,4,0.360505,0,17,17,159,1,stimuli/objects/shovel01.jpg,left,old,320,,,,,,,,
,,,,,,,,5,2020-10-15_19h04.49.350,premce_ses-02_part-02_label-phase2,2020.1.2,Win32,60,left,1.02328,4,0.75826,0,18,18,1,1,stimuli/objects/bridge.jpg,right,new,162,,,,,,,,
,,,,,,,,5,2020-10-15_19h04.49.350,premce_ses-02_part-02_label-phase2,2020.1.2,Win32,60,left,0.76966,4,0.52951,0,19,19,116,1,stimuli/objects/greywolf.jpg,left,old,277,,,,,,,,
,,,,,,,,5,2020-10-15_19h04.49.350,premce_ses-02_part-02_label-phase2,2020.1.2,Win32,60,left,1.03869,4,0.305995,0,20,20,119,1,stimuli/objects/surfboard.jpg,left,old,280,,,,,,,,
,,,,,,,,5,2020-10-15_19h04.49.350,premce_ses-02_part-02_label-phase2,2020.1.2,Win32,60,left,1.026695,4,0.40228,0,21,21,58,1,stimuli/objects/shipinabottle.jpg,right,new,219,,,,,,,,
,,,,,,,,5,2020-10-15_19h04.49.350,premce_ses-02_part-02_label-phase2,2020.1.2,Win32,60,left,0.967715,4,0.451145,0,22,22,154,1,stimuli/objects/guitarcase.jpg,right,new,315,,,,,,,,
,,,,,,,,5,2020-10-15_19h04.49.350,premce_ses-02_part-02_label-phase2,2020.1.2,Win32,60,left,0.945935,4,0.59961,0,23,23,31,1,stimuli/objects/swing.jpg,right,new,192,,,,,,,,
,,,,,,,,5,2020-10-15_19h04.49.350,premce_ses-02_part-02_label-phase2,2020.1.2,Win32,60,left,2.60722,4,1.464805,0,24,24,23,1,stimuli/objects/flugglehorn.jpg,left,old,184,,,,,,,,
,,,,,,,,5,2020-10-15_19h04.49.350,premce_ses-02_part-02_label-phase2,2020.1.2,Win32,60,left,2.55537,4,0.5457,0,25,25,13,1,stimuli/objects/monarchbutterfly.jpg,left,old,174,,,,,,,,
,,,,,,,,5,2020-10-15_19h04.49.350,premce_ses-02_part-02_label-phase2,2020.1.2,Win32,60,right,1.4314,4,0.972265,0,26,26,5,1,stimuli/objects/morningstar.jpg,right,new,166,,,,,,,,
,,,,,,,,5,2020-10-15_19h04.49.350,premce_ses-02_part-02_label-phase2,2020.1.2,Win32,60,left,3.08389,3,0.722255,0,27,27,129,1,stimuli/objects/treestump.jpg,right,new,290,,,,,,,,
,,,,,,,,5,2020-10-15_19h04.49.350,premce_ses-02_part-02_label-phase2,2020.1.2,Win32,60,left,1.4301,4,1.883645,0,28,28,103,1,stimuli/objects/beaver.jpg,left,old,264,,,,,,,,
,,,,,,,,5,2020-10-15_19h04.49.350,premce_ses-02_part-02_label-phase2,2020.1.2,Win32,60,right,3.354,3,1.11814,0,29,29,30,1,stimuli/objects/waterfountain02.jpg,right,new,191,,,,,,,,
,,,,,,,,5,2020-10-15_19h04.49.350,premce_ses-02_part-02_label-phase2,2020.1.2,Win32,60,left,12.703435,3,5.74349,0,30,30,112,1,stimuli/objects/scorpion.jpg,right,new,273,,,,,,,,
,,,,,,,,5,2020-10-15_19h04.49.350,premce_ses-02_part-02_label-phase2,2020.1.2,Win32,60,left,8.54839,4,0.54611,0,31,31,146,1,stimuli/objects/chainsaw.jpg,left,old,307,,,,,,,,
,,,,,,,,5,2020-10-15_19h04.49.350,premce_ses-02_part-02_label-phase2,2020.1.2,Win32,60,left,2.525085,4,6.77447,0,32,32,64,1,stimuli/objects/cupcake.jpg,right,new,225,,,,,,,,
,,,,,,,,5,2020-10-15_19h04.49.350,premce_ses-02_part-02_label-phase2,2020.1.2,Win32,60,left,1.278715,4,0.431405,0,33,33,144,1,stimuli/objects/filingcabinet.jpg,right,new,305,,,,,,,,
,,,,,,,,5,2020-10-15_19h04.49.350,premce_ses-02_part-02_label-phase2,2020.1.2,Win32,60,left,1.27692,4,0.876595,0,34,34,117,1,stimuli/objects/cloud.jpg,left,old,278,,,,,,,,
,,,,,,,,5,2020-10-15_19h04.49.350,premce_ses-02_part-02_label-phase2,2020.1.2,Win32,60,left,0.760545,4,0.296255,0,35,35,14,1,stimuli/objects/hockeystick.jpg,left,old,175,,,,,,,,
,,,,,,,,5,2020-10-15_19h04.49.350,premce_ses-02_part-02_label-phase2,2020.1.2,Win32,60,left,4.88537,4,1.305695,0,36,36,139,1,stimuli/objects/floortile02.jpg,right,new,300,,,,,,,,
,,,,,,,,5,2020-10-15_19h04.49.350,premce_ses-02_part-02_label-phase2,2020.1.2,Win32,60,left,0.58404,4,0.364595,0,37,37,143,1,stimuli/objects/squirrel.jpg,right,new,304,,,,,,,,
,,,,,,,,5,2020-10-15_19h04.49.350,premce_ses-02_part-02_label-phase2,2020.1.2,Win32,60,left,0.648825,4,0.32077,0,38,38,33,1,stimuli/objects/doghouse.jpg,left,old,194,,,,,,,,
,,,,,,,,5,2020-10-15_19h04.49.350,premce_ses-02_part-02_label-phase2,2020.1.2,Win32,60,left,0.797405,3,0.31456,0,39,39,38,1,stimuli/objects/bull.jpg,right,new,199,,,,,,,,
,,,,,,,,5,2020-10-15_19h04.49.350,premce_ses-02_part-02_label-phase2,2020.1.2,Win32,60,left,0.588135,4,0.302105,0,40,40,76,1,stimuli/objects/snowshovel.jpg,right,new,237,,,,,,,,
,,,,,,,,5,2020-10-15_19h04.49.350,premce_ses-02_part-02_label-phase2,2020.1.2,Win32,60,left,1.292835,4,0.294215,0,41,41,29,1,stimuli/objects/showerhead01.jpg,left,old,190,,,,,,,,
,,,,,,,,5,2020-10-15_19h04.49.350,premce_ses-02_part-02_label-phase2,2020.1.2,Win32,60,left,0.61789,4,0.274855,0,42,42,99,1,stimuli/objects/basketball01.jpg,left,old,260,,,,,,,,
,,,,,,,,5,2020-10-15_19h04.49.350,premce_ses-02_part-02_label-phase2,2020.1.2,Win32,60,left,0.824535,4,1.071985,0,43,43,70,1,stimuli/objects/fluorescentlightbulb.jpg,right,new,231,,,,,,,,
,,,,,,,,5,2020-10-15_19h04.49.350,premce_ses-02_part-02_label-phase2,2020.1.2,Win32,60,left,0.71193,4,0.34655,0,44,44,118,1,stimuli/objects/trophy01.jpg,left,old,279,,,,,,,,
,,,,,,,,5,2020-10-15_19h04.49.350,premce_ses-02_part-02_label-phase2,2020.1.2,Win32,60,left,0.9137,3,0.27977,0,45,45,47,1,stimuli/objects/jellyfish.jpg,left,old,208,,,,,,,,
,,,,,,,,5,2020-10-15_19h04.49.350,premce_ses-02_part-02_label-phase2,2020.1.2,Win32,60,left,1.186555,3,0.267595,0,46,46,100,1,stimuli/objects/gps.jpg,right,new,261,,,,,,,,
,,,,,,,,5,2020-10-15_19h04.49.350,premce_ses-02_part-02_label-phase2,2020.1.2,Win32,60,left,0.612895,4,0.23042,0,47,47,15,1,stimuli/objects/tent.jpg,left,old,176,,,,,,,,
,,,,,,,,5,2020-10-15_19h04.49.350,premce_ses-02_part-02_label-phase2,2020.1.2,Win32,60,left,0.505905,4,0.3335,0,48,48,16,1,stimuli/objects/cymbal.jpg,right,new,177,,,,,,,,
,,,,,,,,5,2020-10-15_19h04.49.350,premce_ses-02_part-02_label-phase2,2020.1.2,Win32,60,left,0.561525,4,0.398965,0,49,49,67,1,stimuli/objects/golfball.jpg,left,old,228,,,,,,,,
,,,,,,,,5,2020-10-15_19h04.49.350,premce_ses-02_part-02_label-phase2,2020.1.2,Win32,60,left,0.44647,4,0.324755,0,50,50,88,1,stimuli/objects/handbrush02.jpg,left,old,249,,,,,,,,
,,,,,,,,5,2020-10-15_19h04.49.350,premce_ses-02_part-02_label-phase2,2020.1.2,Win32,60,left,0.593825,4,0.27249,0,51,51,18,1,stimuli/objects/discoball.jpg,right,new,179,,,,,,,,
,,,,,,,,5,2020-10-15_19h04.49.350,premce_ses-02_part-02_label-phase2,2020.1.2,Win32,60,left,0.518655,4,0.301765,0,52,52,20,1,stimuli/objects/football.jpg,left,old,181,,,,,,,,
,,,,,,,,5,2020-10-15_19h04.49.350,premce_ses-02_part-02_label-phase2,2020.1.2,Win32,60,right,2.022415,4,0.38226,0,53,53,52,1,stimuli/objects/drumstick.jpg,right,new,213,,,,,,,,
,,,,,,,,5,2020-10-15_19h04.49.350,premce_ses-02_part-02_label-phase2,2020.1.2,Win32,60,left,0.847115,4,0.697615,0,54,54,140,1,stimuli/objects/hammerheadshark.jpg,right,new,301,,,,,,,,
,,,,,,,,5,2020-10-15_19h04.49.350,premce_ses-02_part-02_label-phase2,2020.1.2,Win32,60,left,0.612205,4,0.38534,0,55,55,127,1,stimuli/objects/jaguar.jpg,left,old,288,,,,,,,,
,,,,,,,,5,2020-10-15_19h04.49.350,premce_ses-02_part-02_label-phase2,2020.1.2,Win32,60,left,0.589005,4,0.315545,0,56,56,50,1,stimuli/objects/honeybee.jpg,left,old,211,,,,,,,,
,,,,,,,,5,2020-10-15_19h04.49.350,premce_ses-02_part-02_label-phase2,2020.1.2,Win32,60,left,1.22263,3,0.695425,0,57,57,95,1,stimuli/objects/mouse.jpg,right,new,256,,,,,,,,
,,,,,,,,5,2020-10-15_19h04.49.350,premce_ses-02_part-02_label-phase2,2020.1.2,Win32,60,left,0.76384,4,0.296635,0,58,58,135,1,stimuli/objects/toiletbrush.jpg,right,new,296,,,,,,,,
,,,,,,,,5,2020-10-15_19h04.49.350,premce_ses-02_part-02_label-phase2,2020.1.2,Win32,60,left,0.9172,4,0.31361,0,59,59,53,1,stimuli/objects/ear.jpg,left,old,214,,,,,,,,
,,,,,,,,5,2020-10-15_19h04.49.350,premce_ses-02_part-02_label-phase2,2020.1.2,Win32,60,right,1.780045,4,0.39097,0,60,60,44,1,stimuli/objects/canoepaddle02.jpg,left,old,205,,,,,,,,
,,,,,,,,5,2020-10-15_19h04.49.350,premce_ses-02_part-02_label-phase2,2020.1.2,Win32,60,right,2.18954,2,0.524,0,61,61,81,1,stimuli/objects/painting.jpg,right,new,242,,,,,,,,
,,,,,,,,5,2020-10-15_19h04.49.350,premce_ses-02_part-02_label-phase2,2020.1.2,Win32,60,right,1.591165,3,0.614165,0,62,62,86,1,stimuli/objects/masquerademask01.jpg,right,new,247,,,,,,,,
,,,,,,,,5,2020-10-15_19h04.49.350,premce_ses-02_part-02_label-phase2,2020.1.2,Win32,60,left,1.19058,4,0.25022,0,63,63,123,1,stimuli/objects/zebra.jpg,left,old,284,,,,,,,,
,,,,,,,,5,2020-10-15_19h04.49.350,premce_ses-02_part-02_label-phase2,2020.1.2,Win32,60,left,0.780985,4,0.310245,0,64,64,10,1,stimuli/objects/locomotive.jpg,left,old,171,,,,,,,,
,,,,,,,,5,2020-10-15_19h04.49.350,premce_ses-02_part-02_label-phase2,2020.1.2,Win32,60,left,0.744665,4,0.28139,0,65,65,91,1,stimuli/objects/lawnmower.jpg,right,new,252,,,,,,,,
,,,,,,,,5,2020-10-15_19h04.49.350,premce_ses-02_part-02_label-phase2,2020.1.2,Win32,60,left,0.784295,4,0.373725,0,66,66,73,1,stimuli/objects/barrel01.jpg,left,old,234,,,,,,,,
,,,,,,,,5,2020-10-15_19h04.49.350,premce_ses-02_part-02_label-phase2,2020.1.2,Win32,60,left,0.631815,4,0.17812,0,67,67,43,1,stimuli/objects/tricycle.jpg,left,old,204,,,,,,,,
,,,,,,,,5,2020-10-15_19h04.49.350,premce_ses-02_part-02_label-phase2,2020.1.2,Win32,60,left,1.03231,4,0.30292,0,68,68,17,1,stimuli/objects/mrpotatohead.jpg,right,new,178,,,,,,,,
,,,,,,,,5,2020-10-15_19h04.49.350,premce_ses-02_part-02_label-phase2,2020.1.2,Win32,60,left,5.632335,4,2.34462,0,69,69,25,1,stimuli/objects/beehive.jpg,left,old,186,,,,,,,,
,,,,,,,,5,2020-10-15_19h04.49.350,premce_ses-02_part-02_label-phase2,2020.1.2,Win32,60,left,4.00978,3,0.860595,0,70,70,55,1,stimuli/objects/chime.jpg,right,new,216,,,,,,,,
,,,,,,,,5,2020-10-15_19h04.49.350,premce_ses-02_part-02_label-phase2,2020.1.2,Win32,60,left,0.719535,4,0.521995,0,71,71,42,1,stimuli/objects/electricguitar01.jpg,left,old,203,,,,,,,,
,,,,,,,,5,2020-10-15_19h04.49.350,premce_ses-02_part-02_label-phase2,2020.1.2,Win32,60,left,0.60513,4,0.49001,0,72,72,66,1,stimuli/objects/tulip02.jpg,right,new,227,,,,,,,,
,,,,,,,,5,2020-10-15_19h04.49.350,premce_ses-02_part-02_label-phase2,2020.1.2,Win32,60,left,1.24365,4,0.320535,0,73,73,106,1,stimuli/objects/nosmokingsign.jpg,right,new,267,,,,,,,,
,,,,,,,,5,2020-10-15_19h04.49.350,premce_ses-02_part-02_label-phase2,2020.1.2,Win32,60,left,0.905705,4,0.311725,0,74,74,24,1,stimuli/objects/stool01.jpg,left,old,185,,,,,,,,
,,,,,,,,5,2020-10-15_19h04.49.350,premce_ses-02_part-02_label-phase2,2020.1.2,Win32,60,left,0.615355,4,0.35697,0,75,75,51,1,stimuli/objects/bus.jpg,left,old,212,,,,,,,,
,,,,,,,,5,2020-10-15_19h04.49.350,premce_ses-02_part-02_label-phase2,2020.1.2,Win32,60,left,0.60743,4,0.28335,0,76,76,9,1,stimuli/objects/dolphin01.jpg,left,old,170,,,,,,,,
,,,,,,,,5,2020-10-15_19h04.49.350,premce_ses-02_part-02_label-phase2,2020.1.2,Win32,60,left,0.64493,4,0.352255,0,77,77,4,1,stimuli/objects/bowrake.jpg,right,new,165,,,,,,,,
,,,,,,,,5,2020-10-15_19h04.49.350,premce_ses-02_part-02_label-phase2,2020.1.2,Win32,60,left,0.718635,4,0.339175,0,78,78,80,1,stimuli/objects/parkfountain.jpg,left,old,241,,,,,,,,
,,,,,,,,5,2020-10-15_19h04.49.350,premce_ses-02_part-02_label-phase2,2020.1.2,Win32,60,right,1.198615,4,0.577105,0,79,79,97,1,stimuli/objects/blackolive.jpg,left,old,258,,,,,,,,
,,,,,,,,5,2020-10-15_19h04.49.350,premce_ses-02_part-02_label-phase2,2020.1.2,Win32,60,left,1.043045,4,0.305575,0,80,80,56,1,stimuli/objects/bumpercar.jpg,right,new,217,,,,,,,,
,,,,,,,,5,2020-10-15_19h04.49.350,premce_ses-02_part-02_label-phase2,2020.1.2,Win32,60,left,0.96442,4,0.37416,0,81,81,65,1,stimuli/objects/armchair02.jpg,right,new,226,,,,,,,,
,,,,,,,,5,2020-10-15_19h04.49.350,premce_ses-02_part-02_label-phase2,2020.1.2,Win32,60,right,1.676555,3,0.56437,0,82,82,75,1,stimuli/objects/snowshoe.jpg,right,new,236,,,,,,,,
,,,,,,,,5,2020-10-15_19h04.49.350,premce_ses-02_part-02_label-phase2,2020.1.2,Win32,60,left,1.267465,4,0.33194,0,83,83,132,1,stimuli/objects/duck01.jpg,right,new,293,,,,,,,,
,,,,,,,,5,2020-10-15_19h04.49.350,premce_ses-02_part-02_label-phase2,2020.1.2,Win32,60,right,2.13945,3,0.48548,0,84,84,82,1,stimuli/objects/missile.jpg,right,new,243,,,,,,,,
,,,,,,,,5,2020-10-15_19h04.49.350,premce_ses-02_part-02_label-phase2,2020.1.2,Win32,60,left,1.03481,4,0.39962,0,85,85,78,1,stimuli/objects/smartboard.jpg,right,new,239,,,,,,,,
,,,,,,,,5,2020-10-15_19h04.49.350,premce_ses-02_part-02_label-phase2,2020.1.2,Win32,60,left,2.167465,4,0.27313,0,86,86,122,1,stimuli/objects/crosscountryski.jpg,left,old,283,,,,,,,,
,,,,,,,,5,2020-10-15_19h04.49.350,premce_ses-02_part-02_label-phase2,2020.1.2,Win32,60,left,0.770955,4,0.26221,0,87,87,69,1,stimuli/objects/banjo.jpg,right,new,230,,,,,,,,
,,,,,,,,5,2020-10-15_19h04.49.350,premce_ses-02_part-02_label-phase2,2020.1.2,Win32,60,left,0.86472,4,0.30853,0,88,88,104,1,stimuli/objects/mirror02.jpg,left,old,265,,,,,,,,
,,,,,,,,5,2020-10-15_19h04.49.350,premce_ses-02_part-02_label-phase2,2020.1.2,Win32,60,left,0.858335,4,0.723485,0,89,89,87,1,stimuli/objects/gazebo.jpg,left,old,248,,,,,,,,
,,,,,,,,5,2020-10-15_19h04.49.350,premce_ses-02_part-02_label-phase2,2020.1.2,Win32,60,right,1.7237,3,1.83918,0,90,90,147,1,stimuli/objects/hotdog.jpg,right,new,308,,,,,,,,
,,,,,,,,5,2020-10-15_19h04.49.350,premce_ses-02_part-02_label-phase2,2020.1.2,Win32,60,left,1.39737,4,0.291835,0,91,91,54,1,stimuli/objects/stepladder.jpg,left,old,215,,,,,,,,
,,,,,,,,5,2020-10-15_19h04.49.350,premce_ses-02_part-02_label-phase2,2020.1.2,Win32,60,left,1.50683,4,0.30774,0,92,92,150,1,stimuli/objects/urinal.jpg,left,old,311,,,,,,,,
,,,,,,,,5,2020-10-15_19h04.49.350,premce_ses-02_part-02_label-phase2,2020.1.2,Win32,60,left,0.60668,4,0.285895,0,93,93,125,1,stimuli/objects/chipmunk.jpg,right,new,286,,,,,,,,
,,,,,,,,5,2020-10-15_19h04.49.350,premce_ses-02_part-02_label-phase2,2020.1.2,Win32,60,left,0.5154,4,0.26318,0,94,94,41,1,stimuli/objects/salmon.jpg,right,new,202,,,,,,,,
,,,,,,,,5,2020-10-15_19h04.49.350,premce_ses-02_part-02_label-phase2,2020.1.2,Win32,60,left,0.372095,4,0.243155,0,95,95,46,1,stimuli/objects/kite.jpg,right,new,207,,,,,,,,
,,,,,,,,5,2020-10-15_19h04.49.350,premce_ses-02_part-02_label-phase2,2020.1.2,Win32,60,left,1.43626,4,0.26845,0,96,96,77,1,stimuli/objects/cowbell.jpg,right,new,238,,,,,,,,
,,,,,,,,5,2020-10-15_19h04.49.350,premce_ses-02_part-02_label-phase2,2020.1.2,Win32,60,left,1.29094,4,0.24131,0,97,97,152,1,stimuli/objects/waterfall.jpg,right,new,313,,,,,,,,
,,,,,,,,5,2020-10-15_19h04.49.350,premce_ses-02_part-02_label-phase2,2020.1.2,Win32,60,left,0.63004,4,0.25495,0,98,98,63,1,stimuli/objects/witchhat.jpg,left,old,224,,,,,,,,
,,,,,,,,5,2020-10-15_19h04.49.350,premce_ses-02_part-02_label-phase2,2020.1.2,Win32,60,left,0.453225,3,1.006335,0,99,99,85,1,stimuli/objects/gong.jpg,right,new,246,,,,,,,,
,,,,,,,,5,2020-10-15_19h04.49.350,premce_ses-02_part-02_label-phase2,2020.1.2,Win32,60,left,0.703525,4,0.3393,0,100,100,36,1,stimuli/objects/recyclingbin.jpg,right,new,197,,,,,,,,
,,,,,,,,5,2020-10-15_19h04.49.350,premce_ses-02_part-02_label-phase2,2020.1.2,Win32,60,left,0.89842,4,0.275615,0,101,101,48,1,stimuli/objects/fishskeleton.jpg,right,new,209,,,,,,,,
,,,,,,,,5,2020-10-15_19h04.49.350,premce_ses-02_part-02_label-phase2,2020.1.2,Win32,60,left,0.56022,4,0.37811,0,102,102,72,1,stimuli/objects/shoppingcart.jpg,left,old,233,,,,,,,,
,,,,,,,,5,2020-10-15_19h04.49.350,premce_ses-02_part-02_label-phase2,2020.1.2,Win32,60,left,1.19767,4,0.24978,0,103,103,113,1,stimuli/objects/dogsled.jpg,left,old,274,,,,,,,,
,,,,,,,,5,2020-10-15_19h04.49.350,premce_ses-02_part-02_label-phase2,2020.1.2,Win32,60,left,1.592565,4,0.120085,0,104,104,115,1,stimuli/objects/contactlens.jpg,right,new,276,,,,,,,,
,,,,,,,,5,2020-10-15_19h04.49.350,premce_ses-02_part-02_label-phase2,2020.1.2,Win32,60,left,1.088285,4,0.25178,0,105,105,11,1,stimuli/objects/nunchuk.jpg,right,new,172,,,,,,,,
,,,,,,,,5,2020-10-15_19h04.49.350,premce_ses-02_part-02_label-phase2,2020.1.2,Win32,60,left,0.67929,4,0.19397,0,106,106,79,1,stimuli/objects/beerbottle.jpg,left,old,240,,,,,,,,
,,,,,,,,5,2020-10-15_19h04.49.350,premce_ses-02_part-02_label-phase2,2020.1.2,Win32,60,right,1.741015,3,0.18674,0,107,107,74,1,stimuli/objects/noparkingsign.jpg,right,new,235,,,,,,,,
,,,,,,,,5,2020-10-15_19h04.49.350,premce_ses-02_part-02_label-phase2,2020.1.2,Win32,60,left,1.00732,4,0.243935,0,108,108,141,1,stimuli/objects/parachute.jpg,right,new,302,,,,,,,,
,,,,,,,,5,2020-10-15_19h04.49.350,premce_ses-02_part-02_label-phase2,2020.1.2,Win32,60,left,1.72119,4,0.1719,0,109,109,37,1,stimuli/objects/pigeon.jpg,left,old,198,,,,,,,,
,,,,,,,,5,2020-10-15_19h04.49.350,premce_ses-02_part-02_label-phase2,2020.1.2,Win32,60,left,1.8194,4,0.126225,0,110,110,151,1,stimuli/objects/gecko.jpg,left,old,312,,,,,,,,
,,,,,,,,5,2020-10-15_19h04.49.350,premce_ses-02_part-02_label-phase2,2020.1.2,Win32,60,left,2.154545,3,0.181435,0,111,111,155,1,stimuli/objects/popcorn.jpg,left,old,316,,,,,,,,
,,,,,,,,5,2020-10-15_19h04.49.350,premce_ses-02_part-02_label-phase2,2020.1.2,Win32,60,left,0.73216,4,0.28644,0,112,112,68,1,stimuli/objects/sailboat.jpg,right,new,229,,,,,,,,
,,,,,,,,5,2020-10-15_19h04.49.350,premce_ses-02_part-02_label-phase2,2020.1.2,Win32,60,left,1.01431,4,0.22079,0,113,113,28,1,stimuli/objects/freezer02.jpg,right,new,189,,,,,,,,
,,,,,,,,5,2020-10-15_19h04.49.350,premce_ses-02_part-02_label-phase2,2020.1.2,Win32,60,left,0.84831,4,0.27493,0,114,114,130,1,stimuli/objects/sausage.jpg,right,new,291,,,,,,,,
,,,,,,,,5,2020-10-15_19h04.49.350,premce_ses-02_part-02_label-phase2,2020.1.2,Win32,60,left,0.66837,3,0.33362,0,115,115,8,1,stimuli/objects/bluejay.jpg,left,old,169,,,,,,,,
,,,,,,,,5,2020-10-15_19h04.49.350,premce_ses-02_part-02_label-phase2,2020.1.2,Win32,60,left,0.569375,4,0.38273,0,116,116,137,1,stimuli/objects/jackrabbit.jpg,left,old,298,,,,,,,,
,,,,,,,,5,2020-10-15_19h04.49.350,premce_ses-02_part-02_label-phase2,2020.1.2,Win32,60,left,0.803585,4,0.262255,0,117,117,59,1,stimuli/objects/saltshaker03a.jpg,right,new,220,,,,,,,,
,,,,,,,,5,2020-10-15_19h04.49.350,premce_ses-02_part-02_label-phase2,2020.1.2,Win32,60,left,0.61965,4,0.317715,0,118,118,21,1,stimuli/objects/acorn.jpg,left,old,182,,,,,,,,
,,,,,,,,5,2020-10-15_19h04.49.350,premce_ses-02_part-02_label-phase2,2020.1.2,Win32,60,left,0.644605,4,0.26653,0,119,119,153,1,stimuli/objects/toysoldier01b.jpg,left,old,314,,,,,,,,
,,,,,,,,5,2020-10-15_19h04.49.350,premce_ses-02_part-02_label-phase2,2020.1.2,Win32,60,left,1.136165,3,0.71131,0,120,120,49,1,stimuli/objects/moon.jpg,right,new,210,,,,,,,,
,,,,,,,,5,2020-10-15_19h04.49.350,premce_ses-02_part-02_label-phase2,2020.1.2,Win32,60,left,0.562645,4,0.27084,0,121,121,6,1,stimuli/objects/rollerblade.jpg,right,new,167,,,,,,,,
,,,,,,,,5,2020-10-15_19h04.49.350,premce_ses-02_part-02_label-phase2,2020.1.2,Win32,60,left,0.669595,4,0.290295,0,122,122,157,1,stimuli/objects/lip.jpg,right,new,318,,,,,,,,
,,,,,,,,5,2020-10-15_19h04.49.350,premce_ses-02_part-02_label-phase2,2020.1.2,Win32,60,left,0.55756,4,0.32184,0,123,123,108,1,stimuli/objects/boxingglove01.jpg,right,new,269,,,,,,,,
,,,,,,,,5,2020-10-15_19h04.49.350,premce_ses-02_part-02_label-phase2,2020.1.2,Win32,60,left,0.57111,4,0.344595,0,124,124,39,1,stimuli/objects/stroller.jpg,left,old,200,,,,,,,,
,,,,,,,,5,2020-10-15_19h04.49.350,premce_ses-02_part-02_label-phase2,2020.1.2,Win32,60,left,0.56196,4,0.264685,0,125,125,22,1,stimuli/objects/schoolbus.jpg,right,new,183,,,,,,,,
,,,,,,,,5,2020-10-15_19h04.49.350,premce_ses-02_part-02_label-phase2,2020.1.2,Win32,60,left,0.48742,4,0.27692,0,126,126,120,1,stimuli/objects/soccerball.jpg,left,old,281,,,,,,,,
,,,,,,,,5,2020-10-15_19h04.49.350,premce_ses-02_part-02_label-phase2,2020.1.2,Win32,60,left,0.90287,4,0.260415,0,127,127,107,1,stimuli/objects/skipole.jpg,left,old,268,,,,,,,,
,,,,,,,,5,2020-10-15_19h04.49.350,premce_ses-02_part-02_label-phase2,2020.1.2,Win32,60,left,0.619905,4,0.306145,0,128,128,3,1,stimuli/objects/pitchfork.jpg,right,new,164,,,,,,,,
,,,,,,,,5,2020-10-15_19h04.49.350,premce_ses-02_part-02_label-phase2,2020.1.2,Win32,60,left,0.720725,4,0.402925,0,129,129,93,1,stimuli/objects/moth.jpg,right,new,254,,,,,,,,
,,,,,,,,5,2020-10-15_19h04.49.350,premce_ses-02_part-02_label-phase2,2020.1.2,Win32,60,left,0.66968,4,0.195045,0,130,130,124,1,stimuli/objects/kangaroo01.jpg,right,new,285,,,,,,,,
,,,,,,,,5,2020-10-15_19h04.49.350,premce_ses-02_part-02_label-phase2,2020.1.2,Win32,60,left,0.92486,4,0.26168,0,131,131,134,1,stimuli/objects/windturbine.jpg,left,old,295,,,,,,,,
,,,,,,,,5,2020-10-15_19h04.49.350,premce_ses-02_part-02_label-phase2,2020.1.2,Win32,60,left,1.087075,4,0.340825,0,132,132,7,1,stimuli/objects/sink.jpg,right,new,168,,,,,,,,
,,,,,,,,5,2020-10-15_19h04.49.350,premce_ses-02_part-02_label-phase2,2020.1.2,Win32,60,left,14.773385,4,0.635525,0,133,133,126,1,stimuli/objects/entrancegate.jpg,left,old,287,,,,,,,,
,,,,,,,,5,2020-10-15_19h04.49.350,premce_ses-02_part-02_label-phase2,2020.1.2,Win32,60,left,2.37515,4,0.151605,0,134,134,145,1,stimuli/objects/makiroll.jpg,left,old,306,,,,,,,,
,,,,,,,,5,2020-10-15_19h04.49.350,premce_ses-02_part-02_label-phase2,2020.1.2,Win32,60,left,0.62772,4,0.29422,0,135,135,35,1,stimuli/objects/eiffeltower.jpg,right,new,196,,,,,,,,
,,,,,,,,5,2020-10-15_19h04.49.350,premce_ses-02_part-02_label-phase2,2020.1.2,Win32,60,left,0.77869,4,0.293205,0,136,136,98,1,stimuli/objects/pig.jpg,right,new,259,,,,,,,,
,,,,,,,,5,2020-10-15_19h04.49.350,premce_ses-02_part-02_label-phase2,2020.1.2,Win32,60,left,0.52402,4,0.19584,0,137,137,89,1,stimuli/objects/bowlingpin.jpg,left,old,250,,,,,,,,
,,,,,,,,5,2020-10-15_19h04.49.350,premce_ses-02_part-02_label-phase2,2020.1.2,Win32,60,left,0.58082,4,1.081495,0,138,138,19,1,stimuli/objects/chimney.jpg,right,new,180,,,,,,,,
,,,,,,,,5,2020-10-15_19h04.49.350,premce_ses-02_part-02_label-phase2,2020.1.2,Win32,60,left,0.7012,4,0.25748,0,139,139,158,1,stimuli/objects/bed.jpg,left,old,319,,,,,,,,
,,,,,,,,5,2020-10-15_19h04.49.350,premce_ses-02_part-02_label-phase2,2020.1.2,Win32,60,left,1.601785,4,0.1517,0,140,140,149,1,stimuli/objects/hulahoop.jpg,left,old,310,,,,,,,,
,,,,,,,,5,2020-10-15_19h04.49.350,premce_ses-02_part-02_label-phase2,2020.1.2,Win32,60,left,0.55355,4,0.232205,0,141,141,101,1,stimuli/objects/stairs.jpg,left,old,262,,,,,,,,
,,,,,,,,5,2020-10-15_19h04.49.350,premce_ses-02_part-02_label-phase2,2020.1.2,Win32,60,left,0.430055,4,0.326415,0,142,142,102,1,stimuli/objects/englishcucumber.jpg,right,new,263,,,,,,,,
,,,,,,,,5,2020-10-15_19h04.49.350,premce_ses-02_part-02_label-phase2,2020.1.2,Win32,60,right,2.81892,3,0.663605,0,143,143,133,1,stimuli/objects/kneepad01c.jpg,left,old,294,,,,,,,,
,,,,,,,,5,2020-10-15_19h04.49.350,premce_ses-02_part-02_label-phase2,2020.1.2,Win32,60,left,1.11608,3,0.30976,0,144,144,148,1,stimuli/objects/shield02.jpg,right,new,309,,,,,,,,
,,,,,,,,5,2020-10-15_19h04.49.350,premce_ses-02_part-02_label-phase2,2020.1.2,Win32,60,left,0.520025,4,0.26542,0,145,145,32,1,stimuli/objects/seagull.jpg,left,old,193,,,,,,,,
,,,,,,,,5,2020-10-15_19h04.49.350,premce_ses-02_part-02_label-phase2,2020.1.2,Win32,60,left,0.769855,4,0.20499,0,146,146,121,1,stimuli/objects/musicsheet.jpg,left,old,282,,,,,,,,
,,,,,,,,5,2020-10-15_19h04.49.350,premce_ses-02_part-02_label-phase2,2020.1.2,Win32,60,left,0.46152,3,0.51763,0,147,147,114,1,stimuli/objects/turkey.jpg,left,old,275,,,,,,,,
,,,,,,,,5,2020-10-15_19h04.49.350,premce_ses-02_part-02_label-phase2,2020.1.2,Win32,60,left,0.727725,4,0.22974,0,148,148,142,1,stimuli/objects/curtain.jpg,right,new,303,,,,,,,,
,,,,,,,,5,2020-10-15_19h04.49.350,premce_ses-02_part-02_label-phase2,2020.1.2,Win32,60,left,1.71389,3,0.131735,0,149,149,128,1,stimuli/objects/tricornhat.jpg,right,new,289,,,,,,,,
,,,,,,,,5,2020-10-15_19h04.49.350,premce_ses-02_part-02_label-phase2,2020.1.2,Win32,60,left,0.84471,4,0.399115,0,150,150,111,1,stimuli/objects/trailer.jpg,right,new,272,,,,,,,,
,,,,,,,,5,2020-10-15_19h04.49.350,premce_ses-02_part-02_label-phase2,2020.1.2,Win32,60,left,1.155915,4,0.95214,0,151,151,136,1,stimuli/objects/platypus.jpg,right,new,297,,,,,,,,
,,,,,,,,5,2020-10-15_19h04.49.350,premce_ses-02_part-02_label-phase2,2020.1.2,Win32,60,left,0.78315,4,0.24761,0,152,152,60,1,stimuli/objects/dormer.jpg,left,old,221,,,,,,,,
,,,,,,,,5,2020-10-15_19h04.49.350,premce_ses-02_part-02_label-phase2,2020.1.2,Win32,60,right,2.16012,3,0.12258,0,153,153,110,1,stimuli/objects/scalpel.jpg,left,old,271,,,,,,,,
,,,,,,,,5,2020-10-15_19h04.49.350,premce_ses-02_part-02_label-phase2,2020.1.2,Win32,60,left,0.744055,4,0.157225,0,154,154,90,1,stimuli/objects/vacuumcleaner01.jpg,right,new,251,,,,,,,,
,,,,,,,,5,2020-10-15_19h04.49.350,premce_ses-02_part-02_label-phase2,2020.1.2,Win32,60,left,0.66328,4,0.14731,0,155,155,40,1,stimuli/objects/porcupine.jpg,left,old,201,,,,,,,,
,,,,,,,,5,2020-10-15_19h04.49.350,premce_ses-02_part-02_label-phase2,2020.1.2,Win32,60,left,0.596185,4,0.256565,0,156,156,45,1,stimuli/objects/dolly01.jpg,right,new,206,,,,,,,,
,,,,,,,,5,2020-10-15_19h04.49.350,premce_ses-02_part-02_label-phase2,2020.1.2,Win32,60,left,0.580965,4,0.220675,0,157,157,138,1,stimuli/objects/wallclock.jpg,right,new,299,,,,,,,,
,,,,,,,,5,2020-10-15_19h04.49.350,premce_ses-02_part-02_label-phase2,2020.1.2,Win32,60,left,0.76705,4,0.21728,0,158,158,34,1,stimuli/objects/sandcastle.jpg,left,old,195,,,,,,,,
,,,,,,,,5,2020-10-15_19h04.49.350,premce_ses-02_part-02_label-phase2,2020.1.2,Win32,60,left,0.760835,4,0.300405,0,159,159,26,1,stimuli/objects/cookingpot.jpg,right,new,187,,,,,,,,
,,,,,,,,5,2020-10-15_19h04.49.350,premce_ses-02_part-02_label-phase2,2020.1.2,Win32,60,,,,,,,,,,,,,,space,4.51768,0,0,0,1,1,ImagesforRecog2.csv
,,,,,,,,5,2020-10-15_19h04.49.350,premce_ses-02_part-02_label-phase2,2020.1.2,Win32,60,left,2.41961,4,0.497895,0,0,0,89,1,stimuli/objects/carbattery.jpg,left,old,90,,,,,,,,
,,,,,,,,5,2020-10-15_19h04.49.350,premce_ses-02_part-02_label-phase2,2020.1.2,Win32,60,left,0.872405,4,0.33308,0,1,1,142,1,stimuli/objects/cow.jpg,right,new,143,,,,,,,,
,,,,,,,,5,2020-10-15_19h04.49.350,premce_ses-02_part-02_label-phase2,2020.1.2,Win32,60,left,0.690425,4,0.415835,0,2,2,115,1,stimuli/objects/bleachers.jpg,left,old,116,,,,,,,,
,,,,,,,,5,2020-10-15_19h04.49.350,premce_ses-02_part-02_label-phase2,2020.1.2,Win32,60,left,0.6685,4,0.27163,0,3,3,72,1,stimuli/objects/crown.jpg,left,old,73,,,,,,,,
,,,,,,,,5,2020-10-15_19h04.49.350,premce_ses-02_part-02_label-phase2,2020.1.2,Win32,60,left,0.563875,4,0.282415,0,4,4,15,1,stimuli/objects/lantern03.jpg,right,new,16,,,,,,,,
,,,,,,,,5,2020-10-15_19h04.49.350,premce_ses-02_part-02_label-phase2,2020.1.2,Win32,60,left,0.534185,4,0.315995,0,5,5,8,1,stimuli/objects/treadmill.jpg,left,old,9,,,,,,,,
,,,,,,,,5,2020-10-15_19h04.49.350,premce_ses-02_part-02_label-phase2,2020.1.2,Win32,60,left,0.900105,4,0.252205,0,6,6,70,1,stimuli/objects/apron.jpg,left,old,71,,,,,,,,
,,,,,,,,5,2020-10-15_19h04.49.350,premce_ses-02_part-02_label-phase2,2020.1.2,Win32,60,left,0.86057,4,0.230005,0,7,7,92,1,stimuli/objects/athleticsock.jpg,left,old,93,,,,,,,,
,,,,,,,,5,2020-10-15_19h04.49.350,premce_ses-02_part-02_label-phase2,2020.1.2,Win32,60,left,0.55661,4,0.26399,0,8,8,64,1,stimuli/objects/baseballglove.jpg,right,new,65,,,,,,,,
,,,,,,,,5,2020-10-15_19h04.49.350,premce_ses-02_part-02_label-phase2,2020.1.2,Win32,60,left,0.564685,4,0.27702,0,9,9,132,1,stimuli/objects/trafficlight.jpg,left,old,133,,,,,,,,
,,,,,,,,5,2020-10-15_19h04.49.350,premce_ses-02_part-02_label-phase2,2020.1.2,Win32,60,left,0.62072,4,0.27542,0,10,10,139,1,stimuli/objects/callbell.jpg,right,new,140,,,,,,,,
,,,,,,,,5,2020-10-15_19h04.49.350,premce_ses-02_part-02_label-phase2,2020.1.2,Win32,60,left,0.59556,4,0.33219,0,11,11,100,1,stimuli/objects/baseballbat.jpg,left,old,101,,,,,,,,
,,,,,,,,5,2020-10-15_19h04.49.350,premce_ses-02_part-02_label-phase2,2020.1.2,Win32,60,left,0.62287,4,0.23495,0,12,12,45,1,stimuli/objects/horseshoe.jpg,right,new,46,,,,,,,,
,,,,,,,,5,2020-10-15_19h04.49.350,premce_ses-02_part-02_label-phase2,2020.1.2,Win32,60,left,0.62131,4,0.24543,0,13,13,35,1,stimuli/objects/flag.jpg,left,old,36,,,,,,,,
,,,,,,,,5,2020-10-15_19h04.49.350,premce_ses-02_part-02_label-phase2,2020.1.2,Win32,60,left,0.68325,4,0.232895,0,14,14,56,1,stimuli/objects/cannon.jpg,left,old,57,,,,,,,,
,,,,,,,,5,2020-10-15_19h04.49.350,premce_ses-02_part-02_label-phase2,2020.1.2,Win32,60,left,0.580435,4,0.42437,0,15,15,47,1,stimuli/objects/ant.jpg,right,new,48,,,,,,,,
,,,,,,,,5,2020-10-15_19h04.49.350,premce_ses-02_part-02_label-phase2,2020.1.2,Win32,60,left,1.749845,4,0.280155,0,16,16,65,1,stimuli/objects/blender.jpg,left,old,66,,,,,,,,
,,,,,,,,5,2020-10-15_19h04.49.350,premce_ses-02_part-02_label-phase2,2020.1.2,Win32,60,left,1.92901,4,0.302715,0,17,17,133,1,stimuli/objects/skateboard.jpg,left,old,134,,,,,,,,
,,,,,,,,5,2020-10-15_19h04.49.350,premce_ses-02_part-02_label-phase2,2020.1.2,Win32,60,right,2.572495,4,0.423725,0,18,18,7,1,stimuli/objects/whiteout.jpg,right,new,8,,,,,,,,
,,,,,,,,5,2020-10-15_19h04.49.350,premce_ses-02_part-02_label-phase2,2020.1.2,Win32,60,left,0.95498,4,0.123995,0,19,19,4,1,stimuli/objects/zipper.jpg,right,new,5,,,,,,,,
,,,,,,,,5,2020-10-15_19h04.49.350,premce_ses-02_part-02_label-phase2,2020.1.2,Win32,60,left,0.66985,4,0.23235,0,20,20,141,1,stimuli/objects/lintroller.jpg,left,old,142,,,,,,,,
,,,,,,,,5,2020-10-15_19h04.49.350,premce_ses-02_part-02_label-phase2,2020.1.2,Win32,60,left,0.552015,4,0.25214,0,21,21,122,1,stimuli/objects/pickaxe02.jpg,left,old,123,,,,,,,,
,,,,,,,,5,2020-10-15_19h04.49.350,premce_ses-02_part-02_label-phase2,2020.1.2,Win32,60,left,0.89644,4,0.29751,0,22,22,127,1,stimuli/objects/macaroni01.jpg,right,new,128,,,,,,,,
,,,,,,,,5,2020-10-15_19h04.49.350,premce_ses-02_part-02_label-phase2,2020.1.2,Win32,60,left,1.012295,4,0.275165,0,23,23,2,1,stimuli/objects/accordion01.jpg,right,new,3,,,,,,,,
,,,,,,,,5,2020-10-15_19h04.49.350,premce_ses-02_part-02_label-phase2,2020.1.2,Win32,60,left,2.468435,4,0.162945,0,24,24,113,1,stimuli/objects/fortunecookie.jpg,right,new,114,,,,,,,,
,,,,,,,,5,2020-10-15_19h04.49.350,premce_ses-02_part-02_label-phase2,2020.1.2,Win32,60,left,0.887785,4,0.238225,0,25,25,129,1,stimuli/objects/walkietalkie.jpg,left,old,130,,,,,,,,
,,,,,,,,5,2020-10-15_19h04.49.350,premce_ses-02_part-02_label-phase2,2020.1.2,Win32,60,left,1.43949,3,0.114995,0,26,26,81,1,stimuli/objects/artichoke01b.jpg,right,new,82,,,,,,,,
,,,,,,,,5,2020-10-15_19h04.49.350,premce_ses-02_part-02_label-phase2,2020.1.2,Win32,60,left,0.594195,4,0.350245,0,27,27,5,1,stimuli/objects/winniethepooh.jpg,left,old,6,,,,,,,,
,,,,,,,,5,2020-10-15_19h04.49.350,premce_ses-02_part-02_label-phase2,2020.1.2,Win32,60,left,1.47707,4,0.235505,0,28,28,158,1,stimuli/objects/vulture.jpg,right,new,159,,,,,,,,
,,,,,,,,5,2020-10-15_19h04.49.350,premce_ses-02_part-02_label-phase2,2020.1.2,Win32,60,left,0.862535,4,0.265215,0,29,29,149,1,stimuli/objects/electrictoothbrush01c.jpg,right,new,150,,,,,,,,
,,,,,,,,5,2020-10-15_19h04.49.350,premce_ses-02_part-02_label-phase2,2020.1.2,Win32,60,left,0.584555,4,0.32437,0,30,30,12,1,stimuli/objects/pingpongtable.jpg,right,new,13,,,,,,,,
,,,,,,,,5,2020-10-15_19h04.49.350,premce_ses-02_part-02_label-phase2,2020.1.2,Win32,60,left,0.439175,4,0.238655,0,31,31,80,1,stimuli/objects/church.jpg,left,old,81,,,,,,,,
,,,,,,,,5,2020-10-15_19h04.49.350,premce_ses-02_part-02_label-phase2,2020.1.2,Win32,60,left,0.44449,4,0.32941,0,32,32,28,1,stimuli/objects/seaturtle.jpg,left,old,29,,,,,,,,
,,,,,,,,5,2020-10-15_19h04.49.350,premce_ses-02_part-02_label-phase2,2020.1.2,Win32,60,left,9.56596,4,0.44276,0,33,33,86,1,stimuli/objects/gorilla.jpg,right,new,87,,,,,,,,
,,,,,,,,5,2020-10-15_19h04.49.350,premce_ses-02_part-02_label-phase2,2020.1.2,Win32,60,left,0.494825,4,0.412385,0,34,34,73,1,stimuli/objects/ladybug03.jpg,right,new,74,,,,,,,,
,,,,,,,,5,2020-10-15_19h04.49.350,premce_ses-02_part-02_label-phase2,2020.1.2,Win32,60,left,0.88413,4,0.549135,0,35,35,91,1,stimuli/objects/airhockeytable.jpg,right,new,92,,,,,,,,
,,,,,,,,5,2020-10-15_19h04.49.350,premce_ses-02_part-02_label-phase2,2020.1.2,Win32,60,left,1.12646,4,0.66747,0,36,36,76,1,stimuli/objects/dromedary.jpg,left,old,77,,,,,,,,
,,,,,,,,5,2020-10-15_19h04.49.350,premce_ses-02_part-02_label-phase2,2020.1.2,Win32,60,left,0.95227,4,0.292765,0,37,37,42,1,stimuli/objects/bowlingball.jpg,right,new,43,,,,,,,,
,,,,,,,,5,2020-10-15_19h04.49.350,premce_ses-02_part-02_label-phase2,2020.1.2,Win32,60,left,1.276435,4,0.22293,0,38,38,156,1,stimuli/objects/battleaxe.jpg,right,new,157,,,,,,,,
,,,,,,,,5,2020-10-15_19h04.49.350,premce_ses-02_part-02_label-phase2,2020.1.2,Win32,60,left,0.62595,4,0.258185,0,39,39,13,1,stimuli/objects/lighthouse.jpg,right,new,14,,,,,,,,
,,,,,,,,5,2020-10-15_19h04.49.350,premce_ses-02_part-02_label-phase2,2020.1.2,Win32,60,left,0.588885,4,0.20483,0,40,40,116,1,stimuli/objects/gavel.jpg,left,old,117,,,,,,,,
,,,,,,,,5,2020-10-15_19h04.49.350,premce_ses-02_part-02_label-phase2,2020.1.2,Win32,60,left,0.770405,4,0.27329,0,41,41,90,1,stimuli/objects/ducttape.jpg,right,new,91,,,,,,,,
,,,,,,,,5,2020-10-15_19h04.49.350,premce_ses-02_part-02_label-phase2,2020.1.2,Win32,60,right,1.52403,3,0.350395,0,42,42,58,1,stimuli/objects/file.jpg,right,new,59,,,,,,,,
,,,,,,,,5,2020-10-15_19h04.49.350,premce_ses-02_part-02_label-phase2,2020.1.2,Win32,60,left,0.49924,4,0.475035,0,43,43,19,1,stimuli/objects/peacock.jpg,right,new,20,,,,,,,,
,,,,,,,,5,2020-10-15_19h04.49.350,premce_ses-02_part-02_label-phase2,2020.1.2,Win32,60,left,0.43476,4,0.2373,0,44,44,102,1,stimuli/objects/sheriffhat.jpg,left,old,103,,,,,,,,
,,,,,,,,5,2020-10-15_19h04.49.350,premce_ses-02_part-02_label-phase2,2020.1.2,Win32,60,left,0.616275,4,0.289185,0,45,45,41,1,stimuli/objects/spiderweb.jpg,right,new,42,,,,,,,,
,,,,,,,,5,2020-10-15_19h04.49.350,premce_ses-02_part-02_label-phase2,2020.1.2,Win32,60,left,0.543945,4,0.294395,0,46,46,82,1,stimuli/objects/giraffe.jpg,left,old,83,,,,,,,,
,,,,,,,,5,2020-10-15_19h04.49.350,premce_ses-02_part-02_label-phase2,2020.1.2,Win32,60,left,0.756755,4,0.2934,0,47,47,152,1,stimuli/objects/xylophone.jpg,left,old,153,,,,,,,,
,,,,,,,,5,2020-10-15_19h04.49.350,premce_ses-02_part-02_label-phase2,2020.1.2,Win32,60,left,0.55828,4,0.29549,0,48,48,1,1,stimuli/objects/key07.jpg,right,new,2,,,,,,,,
,,,,,,,,5,2020-10-15_19h04.49.350,premce_ses-02_part-02_label-phase2,2020.1.2,Win32,60,left,1.15774,4,0.364305,0,49,49,24,1,stimuli/objects/christmaslights.jpg,left,old,25,,,,,,,,
,,,,,,,,5,2020-10-15_19h04.49.350,premce_ses-02_part-02_label-phase2,2020.1.2,Win32,60,left,0.49441,4,0.249285,0,50,50,79,1,stimuli/objects/jellybean.jpg,left,old,80,,,,,,,,
,,,,,,,,5,2020-10-15_19h04.49.350,premce_ses-02_part-02_label-phase2,2020.1.2,Win32,60,left,1.268985,4,0.18469,0,51,51,96,1,stimuli/objects/pin.jpg,right,new,97,,,,,,,,
,,,,,,,,5,2020-10-15_19h04.49.350,premce_ses-02_part-02_label-phase2,2020.1.2,Win32,60,left,0.80559,4,0.3836,0,52,52,25,1,stimuli/objects/kiwi03.jpg,left,old,26,,,,,,,,
,,,,,,,,5,2020-10-15_19h04.49.350,premce_ses-02_part-02_label-phase2,2020.1.2,Win32,60,left,0.723655,4,0.46221,0,53,53,63,1,stimuli/objects/rose.jpg,right,new,64,,,,,,,,
,,,,,,,,5,2020-10-15_19h04.49.350,premce_ses-02_part-02_label-phase2,2020.1.2,Win32,60,left,0.380255,4,0.270395,0,54,54,43,1,stimuli/objects/slushiemachine.jpg,right,new,44,,,,,,,,
,,,,,,,,5,2020-10-15_19h04.49.350,premce_ses-02_part-02_label-phase2,2020.1.2,Win32,60,left,0.616055,4,0.27025,0,55,55,111,1,stimuli/objects/honeycomb.jpg,right,new,112,,,,,,,,
,,,,,,,,5,2020-10-15_19h04.49.350,premce_ses-02_part-02_label-phase2,2020.1.2,Win32,60,left,0.47299,4,0.23186,0,56,56,11,1,stimuli/objects/footballhelmet.jpg,left,old,12,,,,,,,,
,,,,,,,,5,2020-10-15_19h04.49.350,premce_ses-02_part-02_label-phase2,2020.1.2,Win32,60,left,1.337735,4,0.138125,0,57,57,31,1,stimuli/objects/faucet.jpg,right,new,32,,,,,,,,
,,,,,,,,5,2020-10-15_19h04.49.350,premce_ses-02_part-02_label-phase2,2020.1.2,Win32,60,left,0.475015,4,0.91849,0,58,58,103,1,stimuli/objects/skiboot01a.jpg,right,new,104,,,,,,,,
,,,,,,,,5,2020-10-15_19h04.49.350,premce_ses-02_part-02_label-phase2,2020.1.2,Win32,60,left,1.207865,4,0.130965,0,59,59,128,1,stimuli/objects/toilet.jpg,right,new,129,,,,,,,,
,,,,,,,,5,2020-10-15_19h04.49.350,premce_ses-02_part-02_label-phase2,2020.1.2,Win32,60,left,0.59366,4,0.26723,0,60,60,59,1,stimuli/objects/forklift.jpg,left,old,60,,,,,,,,
,,,,,,,,5,2020-10-15_19h04.49.350,premce_ses-02_part-02_label-phase2,2020.1.2,Win32,60,left,0.44156,4,0.16816,0,61,61,18,1,stimuli/objects/snowman.jpg,left,old,19,,,,,,,,
,,,,,,,,5,2020-10-15_19h04.49.350,premce_ses-02_part-02_label-phase2,2020.1.2,Win32,60,left,1.112845,4,0.31547,0,62,62,88,1,stimuli/objects/bison.jpg,left,old,89,,,,,,,,
,,,,,,,,5,2020-10-15_19h04.49.350,premce_ses-02_part-02_label-phase2,2020.1.2,Win32,60,left,0.926095,4,0.229065,0,63,63,17,1,stimuli/objects/car.jpg,right,new,18,,,,,,,,
,,,,,,,,5,2020-10-15_19h04.49.350,premce_ses-02_part-02_label-phase2,2020.1.2,Win32,60,left,0.724395,3,0.71271,0,64,64,144,1,stimuli/objects/eyepatch.jpg,left,old,145,,,,,,,,
,,,,,,,,5,2020-10-15_19h04.49.350,premce_ses-02_part-02_label-phase2,2020.1.2,Win32,60,left,1.496105,4,0.28377,0,65,65,46,1,stimuli/objects/coffeemachine.jpg,right,new,47,,,,,,,,
,,,,,,,,5,2020-10-15_19h04.49.350,premce_ses-02_part-02_label-phase2,2020.1.2,Win32,60,left,0.58167,4,0.58272,0,66,66,26,1,stimuli/objects/snowglobe.jpg,right,new,27,,,,,,,,
,,,,,,,,5,2020-10-15_19h04.49.350,premce_ses-02_part-02_label-phase2,2020.1.2,Win32,60,left,0.506605,3,0.55411,0,67,67,130,1,stimuli/objects/toyanimal05.jpg,left,old,131,,,,,,,,
,,,,,,,,5,2020-10-15_19h04.49.350,premce_ses-02_part-02_label-phase2,2020.1.2,Win32,60,left,0.758225,4,0.243355,0,68,68,0,1,stimuli/objects/fishingrod.jpg,right,new,1,,,,,,,,
,,,,,,,,5,2020-10-15_19h04.49.350,premce_ses-02_part-02_label-phase2,2020.1.2,Win32,60,left,0.62965,4,0.198245,0,69,69,119,1,stimuli/objects/polarbear.jpg,left,old,120,,,,,,,,
,,,,,,,,5,2020-10-15_19h04.49.350,premce_ses-02_part-02_label-phase2,2020.1.2,Win32,60,left,0.63149,4,0.299445,0,70,70,134,1,stimuli/objects/rubikcube.jpg,right,new,135,,,,,,,,
,,,,,,,,5,2020-10-15_19h04.49.350,premce_ses-02_part-02_label-phase2,2020.1.2,Win32,60,left,1.514105,3,0.201755,0,71,71,84,1,stimuli/objects/diploma02.jpg,left,old,85,,,,,,,,
,,,,,,,,5,2020-10-15_19h04.49.350,premce_ses-02_part-02_label-phase2,2020.1.2,Win32,60,right,1.287365,4,0.283155,0,72,72,85,1,stimuli/objects/frisbee.jpg,left,old,86,,,,,,,,
,,,,,,,,5,2020-10-15_19h04.49.350,premce_ses-02_part-02_label-phase2,2020.1.2,Win32,60,left,0.575515,4,0.21369,0,73,73,157,1,stimuli/objects/volleyball.jpg,left,old,158,,,,,,,,
,,,,,,,,5,2020-10-15_19h04.49.350,premce_ses-02_part-02_label-phase2,2020.1.2,Win32,60,left,0.774085,4,0.144015,0,74,74,74,1,stimuli/objects/road02.jpg,right,new,75,,,,,,,,
,,,,,,,,5,2020-10-15_19h04.49.350,premce_ses-02_part-02_label-phase2,2020.1.2,Win32,60,left,1.18884,4,0.29692,0,75,75,143,1,stimuli/objects/turnstile.jpg,left,old,144,,,,,,,,
,,,,,,,,5,2020-10-15_19h04.49.350,premce_ses-02_part-02_label-phase2,2020.1.2,Win32,60,left,0.45998,4,0.31412,0,76,76,6,1,stimuli/objects/trojanhorse.jpg,right,new,7,,,,,,,,
,,,,,,,,5,2020-10-15_19h04.49.350,premce_ses-02_part-02_label-phase2,2020.1.2,Win32,60,right,2.794265,4,0.13344,0,77,77,136,1,stimuli/objects/dreamcatcher.jpg,left,old,137,,,,,,,,
,,,,,,,,5,2020-10-15_19h04.49.350,premce_ses-02_part-02_label-phase2,2020.1.2,Win32,60,left,0.673335,4,0.205515,0,78,78,145,1,stimuli/objects/ironingboard01.jpg,right,new,146,,,,,,,,
,,,,,,,,5,2020-10-15_19h04.49.350,premce_ses-02_part-02_label-phase2,2020.1.2,Win32,60,left,0.788485,4,0.1546,0,79,79,40,1,stimuli/objects/bread.jpg,left,old,41,,,,,,,,
,,,,,,,,5,2020-10-15_19h04.49.350,premce_ses-02_part-02_label-phase2,2020.1.2,Win32,60,left,0.517835,4,0.27104,0,80,80,101,1,stimuli/objects/wheelchair.jpg,left,old,102,,,,,,,,
,,,,,,,,5,2020-10-15_19h04.49.350,premce_ses-02_part-02_label-phase2,2020.1.2,Win32,60,left,0.4541,4,0.25511,0,81,81,37,1,stimuli/objects/donut.jpg,left,old,38,,,,,,,,
,,,,,,,,5,2020-10-15_19h04.49.350,premce_ses-02_part-02_label-phase2,2020.1.2,Win32,60,left,0.563485,4,0.301525,0,82,82,62,1,stimuli/objects/icecube02.jpg,left,old,63,,,,,,,,
,,,,,,,,5,2020-10-15_19h04.49.350,premce_ses-02_part-02_label-phase2,2020.1.2,Win32,60,left,0.63835,4,0.31729,0,83,83,33,1,stimuli/objects/helicopter.jpg,right,new,34,,,,,,,,
,,,,,,,,5,2020-10-15_19h04.49.350,premce_ses-02_part-02_label-phase2,2020.1.2,Win32,60,left,0.8088,4,0.15149,0,84,84,121,1,stimuli/objects/triangle.jpg,left,old,122,,,,,,,,
,,,,,,,,5,2020-10-15_19h04.49.350,premce_ses-02_part-02_label-phase2,2020.1.2,Win32,60,left,0.66556,4,0.27737,0,85,85,146,1,stimuli/objects/martiniglass01b.jpg,left,old,147,,,,,,,,
,,,,,,,,5,2020-10-15_19h04.49.350,premce_ses-02_part-02_label-phase2,2020.1.2,Win32,60,left,0.559115,4,0.25187,0,86,86,66,1,stimuli/objects/desktopcomputer.jpg,left,old,67,,,,,,,,
,,,,,,,,5,2020-10-15_19h04.49.350,premce_ses-02_part-02_label-phase2,2020.1.2,Win32,60,left,0.37816,4,0.392915,0,87,87,87,1,stimuli/objects/parkingmeter.jpg,left,old,88,,,,,,,,
,,,,,,,,5,2020-10-15_19h04.49.350,premce_ses-02_part-02_label-phase2,2020.1.2,Win32,60,left,0.56036,4,0.21358,0,88,88,52,1,stimuli/objects/tree.jpg,right,new,53,,,,,,,,
,,,,,,,,5,2020-10-15_19h04.49.350,premce_ses-02_part-02_label-phase2,2020.1.2,Win32,60,left,0.626825,3,0.21258,0,89,89,3,1,stimuli/objects/sealion.jpg,left,old,4,,,,,,,,
,,,,,,,,5,2020-10-15_19h04.49.350,premce_ses-02_part-02_label-phase2,2020.1.2,Win32,60,left,1.02233,4,0.207735,0,90,90,22,1,stimuli/objects/toasteroven.jpg,right,new,23,,,,,,,,
,,,,,,,,5,2020-10-15_19h04.49.350,premce_ses-02_part-02_label-phase2,2020.1.2,Win32,60,left,1.103685,4,0.22332,0,91,91,131,1,stimuli/objects/funnel.jpg,right,new,132,,,,,,,,
,,,,,,,,5,2020-10-15_19h04.49.350,premce_ses-02_part-02_label-phase2,2020.1.2,Win32,60,left,0.80102,4,0.13576,0,92,92,36,1,stimuli/objects/cutlass.jpg,left,old,37,,,,,,,,
,,,,,,,,5,2020-10-15_19h04.49.350,premce_ses-02_part-02_label-phase2,2020.1.2,Win32,60,left,0.554255,4,0.203295,0,93,93,148,1,stimuli/objects/skihelmet01.jpg,left,old,149,,,,,,,,
,,,,,,,,5,2020-10-15_19h04.49.350,premce_ses-02_part-02_label-phase2,2020.1.2,Win32,60,left,0.62461,4,0.17585,0,94,94,153,1,stimuli/objects/harmonica.jpg,right,new,154,,,,,,,,
,,,,,,,,5,2020-10-15_19h04.49.350,premce_ses-02_part-02_label-phase2,2020.1.2,Win32,60,left,0.93819,4,0.211515,0,95,95,117,1,stimuli/objects/lollipop04.jpg,right,new,118,,,,,,,,
,,,,,,,,5,2020-10-15_19h04.49.350,premce_ses-02_part-02_label-phase2,2020.1.2,Win32,60,left,0.713915,4,0.220125,0,96,96,71,1,stimuli/objects/bikelock.jpg,left,old,72,,,,,,,,
,,,,,,,,5,2020-10-15_19h04.49.350,premce_ses-02_part-02_label-phase2,2020.1.2,Win32,60,left,1.57201,4,0.13317,0,97,97,16,1,stimuli/objects/cashregister01.jpg,left,old,17,,,,,,,,
,,,,,,,,5,2020-10-15_19h04.49.350,premce_ses-02_part-02_label-phase2,2020.1.2,Win32,60,left,0.594045,4,0.266735,0,98,98,99,1,stimuli/objects/cactus.jpg,left,old,100,,,,,,,,
,,,,,,,,5,2020-10-15_19h04.49.350,premce_ses-02_part-02_label-phase2,2020.1.2,Win32,60,left,0.465415,4,0.201615,0,99,99,137,1,stimuli/objects/handheldtelescope.jpg,right,new,138,,,,,,,,
,,,,,,,,5,2020-10-15_19h04.49.350,premce_ses-02_part-02_label-phase2,2020.1.2,Win32,60,left,0.84057,4,0.190235,0,100,100,23,1,stimuli/objects/bat.jpg,right,new,24,,,,,,,,
,,,,,,,,5,2020-10-15_19h04.49.350,premce_ses-02_part-02_label-phase2,2020.1.2,Win32,60,left,3.488485,3,0.0996,0,101,101,108,1,stimuli/objects/brassknuckle.jpg,left,old,109,,,,,,,,
,,,,,,,,5,2020-10-15_19h04.49.350,premce_ses-02_part-02_label-phase2,2020.1.2,Win32,60,left,0.62881,4,0.286225,0,102,102,94,1,stimuli/objects/statue.jpg,right,new,95,,,,,,,,
,,,,,,,,5,2020-10-15_19h04.49.350,premce_ses-02_part-02_label-phase2,2020.1.2,Win32,60,left,0.568825,4,0.21932,0,103,103,61,1,stimuli/objects/birdnest.jpg,left,old,62,,,,,,,,
,,,,,,,,5,2020-10-15_19h04.49.350,premce_ses-02_part-02_label-phase2,2020.1.2,Win32,60,left,0.397855,4,0.245705,0,104,104,138,1,stimuli/objects/raccoon.jpg,right,new,139,,,,,,,,
,,,,,,,,5,2020-10-15_19h04.49.350,premce_ses-02_part-02_label-phase2,2020.1.2,Win32,60,left,0.333455,4,0.168465,0,105,105,53,1,stimuli/objects/rooster.jpg,right,new,54,,,,,,,,
,,,,,,,,5,2020-10-15_19h04.49.350,premce_ses-02_part-02_label-phase2,2020.1.2,Win32,60,left,0.33611,4,0.229955,0,106,106,67,1,stimuli/objects/steeringwheel.jpg,right,new,68,,,,,,,,
,,,,,,,,5,2020-10-15_19h04.49.350,premce_ses-02_part-02_label-phase2,2020.1.2,Win32,60,left,0.58147,4,0.281605,0,107,107,60,1,stimuli/objects/worldmap.jpg,left,old,61,,,,,,,,
,,,,,,,,5,2020-10-15_19h04.49.350,premce_ses-02_part-02_label-phase2,2020.1.2,Win32,60,left,0.97212,4,0.22449,0,108,108,30,1,stimuli/objects/siamesecat.jpg,right,new,31,,,,,,,,
,,,,,,,,5,2020-10-15_19h04.49.350,premce_ses-02_part-02_label-phase2,2020.1.2,Win32,60,left,0.38327,4,0.26779,0,109,109,10,1,stimuli/objects/americanwhitepelican.jpg,left,old,11,,,,,,,,
,,,,,,,,5,2020-10-15_19h04.49.350,premce_ses-02_part-02_label-phase2,2020.1.2,Win32,60,left,0.913645,4,0.30027,0,110,110,93,1,stimuli/objects/pirateflag.jpg,right,new,94,,,,,,,,
,,,,,,,,5,2020-10-15_19h04.49.350,premce_ses-02_part-02_label-phase2,2020.1.2,Win32,60,right,1.79417,3,1.215145,0,111,111,106,1,stimuli/objects/brownsugar.jpg,left,old,107,,,,,,,,
,,,,,,,,5,2020-10-15_19h04.49.350,premce_ses-02_part-02_label-phase2,2020.1.2,Win32,60,left,0.64224,4,0.20991,0,112,112,114,1,stimuli/objects/tie02.jpg,left,old,115,,,,,,,,
,,,,,,,,5,2020-10-15_19h04.49.350,premce_ses-02_part-02_label-phase2,2020.1.2,Win32,60,left,0.96994,4,0.120265,0,113,113,112,1,stimuli/objects/webcam.jpg,right,new,113,,,,,,,,
,,,,,,,,5,2020-10-15_19h04.49.350,premce_ses-02_part-02_label-phase2,2020.1.2,Win32,60,left,0.41997,4,0.181765,0,114,114,126,1,stimuli/objects/toynutcracker.jpg,right,new,127,,,,,,,,
,,,,,,,,5,2020-10-15_19h04.49.350,premce_ses-02_part-02_label-phase2,2020.1.2,Win32,60,left,0.46738,4,0.16359,0,115,115,49,1,stimuli/objects/microphone01.jpg,right,new,50,,,,,,,,
,,,,,,,,5,2020-10-15_19h04.49.350,premce_ses-02_part-02_label-phase2,2020.1.2,Win32,60,left,0.43193,4,0.14159,0,116,116,78,1,stimuli/objects/exitsign.jpg,left,old,79,,,,,,,,
,,,,,,,,5,2020-10-15_19h04.49.350,premce_ses-02_part-02_label-phase2,2020.1.2,Win32,60,left,0.419055,3,1.687715,0,117,117,95,1,stimuli/objects/spicerack.jpg,left,old,96,,,,,,,,
,,,,,,,,5,2020-10-15_19h04.49.350,premce_ses-02_part-02_label-phase2,2020.1.2,Win32,60,left,0.88282,4,0.187165,0,118,118,48,1,stimuli/objects/taxisign.jpg,left,old,49,,,,,,,,
,,,,,,,,5,2020-10-15_19h04.49.350,premce_ses-02_part-02_label-phase2,2020.1.2,Win32,60,left,2.062955,4,0.168725,0,119,119,29,1,stimuli/objects/tombstone.jpg,left,old,30,,,,,,,,
,,,,,,,,5,2020-10-15_19h04.49.350,premce_ses-02_part-02_label-phase2,2020.1.2,Win32,60,left,0.673985,4,0.152525,0,120,120,107,1,stimuli/objects/candycane01a.jpg,left,old,108,,,,,,,,
,,,,,,,,5,2020-10-15_19h04.49.350,premce_ses-02_part-02_label-phase2,2020.1.2,Win32,60,left,0.53952,4,0.12173,0,121,121,54,1,stimuli/objects/floorlamp.jpg,right,new,55,,,,,,,,
,,,,,,,,5,2020-10-15_19h04.49.350,premce_ses-02_part-02_label-phase2,2020.1.2,Win32,60,left,0.57398,4,0.118455,0,122,122,14,1,stimuli/objects/riverotter.jpg,right,new,15,,,,,,,,
,,,,,,,,5,2020-10-15_19h04.49.350,premce_ses-02_part-02_label-phase2,2020.1.2,Win32,60,left,0.710335,4,0.051655,0,123,123,38,1,stimuli/objects/coffeemaker.jpg,right,new,39,,,,,,,,
,,,,,,,,5,2020-10-15_19h04.49.350,premce_ses-02_part-02_label-phase2,2020.1.2,Win32,60,left,0.43834,4,0.1882,0,124,124,140,1,stimuli/objects/pooltable.jpg,right,new,141,,,,,,,,
,,,,,,,,5,2020-10-15_19h04.49.350,premce_ses-02_part-02_label-phase2,2020.1.2,Win32,60,left,0.395255,4,0.255865,0,125,125,51,1,stimuli/objects/cork02.jpg,right,new,52,,,,,,,,
,,,,,,,,5,2020-10-15_19h04.49.350,premce_ses-02_part-02_label-phase2,2020.1.2,Win32,60,left,0.431185,4,0.235165,0,126,126,98,1,stimuli/objects/well.jpg,left,old,99,,,,,,,,
,,,,,,,,5,2020-10-15_19h04.49.350,premce_ses-02_part-02_label-phase2,2020.1.2,Win32,60,left,0.9621,4,0.17736,0,127,127,50,1,stimuli/objects/windshieldwiper02.jpg,right,new,51,,,,,,,,
,,,,,,,,5,2020-10-15_19h04.49.350,premce_ses-02_part-02_label-phase2,2020.1.2,Win32,60,left,0.4551,3,0.683175,0,128,128,110,1,stimuli/objects/leafblower01.jpg,left,old,111,,,,,,,,
,,,,,,,,5,2020-10-15_19h04.49.350,premce_ses-02_part-02_label-phase2,2020.1.2,Win32,60,left,1.88572,4,0.51576,0,129,129,39,1,stimuli/objects/fridge.jpg,left,old,40,,,,,,,,
,,,,,,,,5,2020-10-15_19h04.49.350,premce_ses-02_part-02_label-phase2,2020.1.2,Win32,60,left,0.66452,4,0.251895,0,130,130,27,1,stimuli/objects/fingerprint.jpg,left,old,28,,,,,,,,
,,,,,,,,5,2020-10-15_19h04.49.350,premce_ses-02_part-02_label-phase2,2020.1.2,Win32,60,left,0.51526,4,0.05969,0,131,131,75,1,stimuli/objects/castle.jpg,right,new,76,,,,,,,,
,,,,,,,,5,2020-10-15_19h04.49.350,premce_ses-02_part-02_label-phase2,2020.1.2,Win32,60,left,0.646045,4,0.59988,0,132,132,155,1,stimuli/objects/trombone.jpg,right,new,156,,,,,,,,
,,,,,,,,5,2020-10-15_19h04.49.350,premce_ses-02_part-02_label-phase2,2020.1.2,Win32,60,left,0.446585,4,0.1566,0,133,133,77,1,stimuli/objects/aquarium.jpg,right,new,78,,,,,,,,
,,,,,,,,5,2020-10-15_19h04.49.350,premce_ses-02_part-02_label-phase2,2020.1.2,Win32,60,left,0.491755,4,0.154635,0,134,134,44,1,stimuli/objects/calendar.jpg,right,new,45,,,,,,,,
,,,,,,,,5,2020-10-15_19h04.49.350,premce_ses-02_part-02_label-phase2,2020.1.2,Win32,60,left,0.52719,4,0.213725,0,135,135,83,1,stimuli/objects/crab01.jpg,left,old,84,,,,,,,,
,,,,,,,,5,2020-10-15_19h04.49.350,premce_ses-02_part-02_label-phase2,2020.1.2,Win32,60,left,0.38796,4,0.232745,0,136,136,151,1,stimuli/objects/bolt01a.jpg,right,new,152,,,,,,,,
,,,,,,,,5,2020-10-15_19h04.49.350,premce_ses-02_part-02_label-phase2,2020.1.2,Win32,60,left,0.4142,3,0.46132,0,137,137,55,1,stimuli/objects/cremebrulee.jpg,right,new,56,,,,,,,,
,,,,,,,,5,2020-10-15_19h04.49.350,premce_ses-02_part-02_label-phase2,2020.1.2,Win32,60,left,0.69332,4,0.15125,0,138,138,105,1,stimuli/objects/penguin.jpg,right,new,106,,,,,,,,
,,,,,,,,5,2020-10-15_19h04.49.350,premce_ses-02_part-02_label-phase2,2020.1.2,Win32,60,left,0.513025,4,0.15238,0,139,139,57,1,stimuli/objects/weddingcake.jpg,left,old,58,,,,,,,,
,,,,,,,,5,2020-10-15_19h04.49.350,premce_ses-02_part-02_label-phase2,2020.1.2,Win32,60,left,0.422215,4,0.266075,0,140,140,9,1,stimuli/objects/granolabar01.jpg,left,old,10,,,,,,,,
,,,,,,,,5,2020-10-15_19h04.49.350,premce_ses-02_part-02_label-phase2,2020.1.2,Win32,60,left,0.43563,4,0.18933,0,141,141,68,1,stimuli/objects/ipad02.jpg,right,new,69,,,,,,,,
,,,,,,,,5,2020-10-15_19h04.49.350,premce_ses-02_part-02_label-phase2,2020.1.2,Win32,60,left,0.39884,4,0.19036,0,142,142,104,1,stimuli/objects/sledgehammer.jpg,right,new,105,,,,,,,,
,,,,,,,,5,2020-10-15_19h04.49.350,premce_ses-02_part-02_label-phase2,2020.1.2,Win32,60,left,0.4614,4,0.06683,0,143,143,154,1,stimuli/objects/dartboard.jpg,left,old,155,,,,,,,,
,,,,,,,,5,2020-10-15_19h04.49.350,premce_ses-02_part-02_label-phase2,2020.1.2,Win32,60,left,0.54762,4,0.26632,0,144,144,34,1,stimuli/objects/ceilingfan01.jpg,right,new,35,,,,,,,,
,,,,,,,,5,2020-10-15_19h04.49.350,premce_ses-02_part-02_label-phase2,2020.1.2,Win32,60,left,0.474955,4,0.234605,0,145,145,69,1,stimuli/objects/lightswitch01.jpg,left,old,70,,,,,,,,
,,,,,,,,5,2020-10-15_19h04.49.350,premce_ses-02_part-02_label-phase2,2020.1.2,Win32,60,left,0.41025,4,0.17085,0,146,146,20,1,stimuli/objects/escalator.jpg,left,old,21,,,,,,,,
,,,,,,,,5,2020-10-15_19h04.49.350,premce_ses-02_part-02_label-phase2,2020.1.2,Win32,60,left,0.438215,4,0.169735,0,147,147,97,1,stimuli/objects/watercooler.jpg,left,old,98,,,,,,,,
,,,,,,,,5,2020-10-15_19h04.49.350,premce_ses-02_part-02_label-phase2,2020.1.2,Win32,60,left,0.428115,4,0.089445,0,148,148,125,1,stimuli/objects/horse.jpg,left,old,126,,,,,,,,
,,,,,,,,5,2020-10-15_19h04.49.350,premce_ses-02_part-02_label-phase2,2020.1.2,Win32,60,left,0.314665,3,0.37046,0,149,149,21,1,stimuli/objects/hockeypuck.jpg,left,old,22,,,,,,,,
,,,,,,,,5,2020-10-15_19h04.49.350,premce_ses-02_part-02_label-phase2,2020.1.2,Win32,60,left,0.381295,4,0.165065,0,150,150,150,1,stimuli/objects/asianelephant.jpg,left,old,151,,,,,,,,
,,,,,,,,5,2020-10-15_19h04.49.350,premce_ses-02_part-02_label-phase2,2020.1.2,Win32,60,left,0.531415,4,0.223495,0,151,151,118,1,stimuli/objects/cruiseship.jpg,left,old,119,,,,,,,,
,,,,,,,,5,2020-10-15_19h04.49.350,premce_ses-02_part-02_label-phase2,2020.1.2,Win32,60,left,0.61237,4,0.044845,0,152,152,120,1,stimuli/objects/mortarandpestle.jpg,left,old,121,,,,,,,,
,,,,,,,,5,2020-10-15_19h04.49.350,premce_ses-02_part-02_label-phase2,2020.1.2,Win32,60,left,0.398715,4,0.221905,0,153,153,32,1,stimuli/objects/paperairplane.jpg,right,new,33,,,,,,,,
,,,,,,,,5,2020-10-15_19h04.49.350,premce_ses-02_part-02_label-phase2,2020.1.2,Win32,60,left,0.42513,4,0.13084,0,154,154,135,1,stimuli/objects/dalmatian.jpg,left,old,136,,,,,,,,
,,,,,,,,5,2020-10-15_19h04.49.350,premce_ses-02_part-02_label-phase2,2020.1.2,Win32,60,left,0.39674,4,0.096695,0,155,155,109,1,stimuli/objects/bathtub.jpg,right,new,110,,,,,,,,
,,,,,,,,5,2020-10-15_19h04.49.350,premce_ses-02_part-02_label-phase2,2020.1.2,Win32,60,left,0.444895,4,0.22559,0,156,156,147,1,stimuli/objects/panda.jpg,left,old,148,,,,,,,,
,,,,,,,,5,2020-10-15_19h04.49.350,premce_ses-02_part-02_label-phase2,2020.1.2,Win32,60,left,0.340605,4,0.11407,0,157,157,123,1,stimuli/objects/scooter.jpg,right,new,124,,,,,,,,
,,,,,,,,5,2020-10-15_19h04.49.350,premce_ses-02_part-02_label-phase2,2020.1.2,Win32,60,left,0.38039,4,0.193535,0,158,158,124,1,stimuli/objects/birdhouse.jpg,right,new,125,,,,,,,,
,,,,,,,,5,2020-10-15_19h04.49.350,premce_ses-02_part-02_label-phase2,2020.1.2,Win32,60,left,0.322625,4,0.194945,0,159,159,159,1,stimuli/objects/parrot01.jpg,left,old,160,,,,,,,,
,,,,,,,,5,2020-10-15_19h04.49.350,premce_ses-02_part-02_label-phase2,2020.1.2,Win32,60,,,,,,,,,,,,,,space,3.01112,0,1,1,0,1,ImagesforRecog1.csv
