instructions_loop.thisRepN,instructions_loop.thisTrialN,instructions_loop.thisN,instructions_loop.thisIndex,instructions_loop.ran,text1,text2,text3,participant,date,expName,psychopyVersion,OS,frameRate,recog_resp.keys,recog_resp.rt,conf_resp.keys,conf_resp.rt,recog_loop.thisRepN,recog_loop.thisTrialN,recog_loop.thisN,recog_loop.thisIndex,recog_loop.ran,images,corr_ans,type,order,key_resp_break.keys,key_resp_break.rt,list_loop.thisRepN,list_loop.thisTrialN,list_loop.thisN,list_loop.thisIndex,list_loop.ran,recog_list
0,0,0,0,1,Welcome to the last phase of this experiment!,,Please press the space bar to continue,6,2020-10-15_16h28.16.420,premce_ses-02_part-02_label-phase2,2020.1.2,Win32,60,,,,,,,,,,,,,,,,,,,,,
0,1,1,1,1,,"In this phase, you will see some objects. 

For each object, you should indicate whether you have seen it before during the experiment.

Press LEFT ARROW for YES
Press RIGHT ARROW for NO

",Please press the space bar to continue ,6,2020-10-15_16h28.16.420,premce_ses-02_part-02_label-phase2,2020.1.2,Win32,60,,,,,,,,,,,,,,,,,,,,,
0,2,2,2,1,,"After that, you will be asked how confident you are of your choice.

Please rate the confidence in your choce with the numbers from 1 to 4 of your keyboard. 

The numbers correspond to:

1 = Very unsure
2 = Unsure
3 = Sure
4 = Very Sure",Please press the space bar to continue,6,2020-10-15_16h28.16.420,premce_ses-02_part-02_label-phase2,2020.1.2,Win32,60,,,,,,,,,,,,,,,,,,,,,
,,,,,,,,6,2020-10-15_16h28.16.420,premce_ses-02_part-02_label-phase2,2020.1.2,Win32,60,right,1.8598,4,1.564965,0,0,0,48,1,stimuli/objects/fishskeleton.jpg,right,new,209,,,,,,,,
,,,,,,,,6,2020-10-15_16h28.16.420,premce_ses-02_part-02_label-phase2,2020.1.2,Win32,60,right,1.516165,4,0.63802,0,1,1,28,1,stimuli/objects/freezer02.jpg,right,new,189,,,,,,,,
,,,,,,,,6,2020-10-15_16h28.16.420,premce_ses-02_part-02_label-phase2,2020.1.2,Win32,60,right,2.505555,4,0.78846,0,2,2,40,1,stimuli/objects/porcupine.jpg,left,old,201,,,,,,,,
,,,,,,,,6,2020-10-15_16h28.16.420,premce_ses-02_part-02_label-phase2,2020.1.2,Win32,60,right,7.617325,4,2.591615,0,3,3,76,1,stimuli/objects/snowshovel.jpg,right,new,237,,,,,,,,
,,,,,,,,6,2020-10-15_16h28.16.420,premce_ses-02_part-02_label-phase2,2020.1.2,Win32,60,right,0.99853,4,0.241305,0,4,4,128,1,stimuli/objects/tricornhat.jpg,right,new,289,,,,,,,,
,,,,,,,,6,2020-10-15_16h28.16.420,premce_ses-02_part-02_label-phase2,2020.1.2,Win32,60,right,0.82096,4,0.25142,0,5,5,84,1,stimuli/objects/musicstand.jpg,left,old,245,,,,,,,,
,,,,,,,,6,2020-10-15_16h28.16.420,premce_ses-02_part-02_label-phase2,2020.1.2,Win32,60,right,0.610215,4,0.142265,0,6,6,46,1,stimuli/objects/kite.jpg,right,new,207,,,,,,,,
,,,,,,,,6,2020-10-15_16h28.16.420,premce_ses-02_part-02_label-phase2,2020.1.2,Win32,60,right,1.75321,4,0.82236,0,7,7,132,1,stimuli/objects/duck01.jpg,right,new,293,,,,,,,,
,,,,,,,,6,2020-10-15_16h28.16.420,premce_ses-02_part-02_label-phase2,2020.1.2,Win32,60,right,0.489775,4,0.2212,0,8,8,100,1,stimuli/objects/gps.jpg,right,new,261,,,,,,,,
,,,,,,,,6,2020-10-15_16h28.16.420,premce_ses-02_part-02_label-phase2,2020.1.2,Win32,60,right,1.12187,3,1.52295,0,9,9,3,1,stimuli/objects/pitchfork.jpg,right,new,164,,,,,,,,
,,,,,,,,6,2020-10-15_16h28.16.420,premce_ses-02_part-02_label-phase2,2020.1.2,Win32,60,right,1.615925,4,0.437375,0,10,10,107,1,stimuli/objects/skipole.jpg,left,old,268,,,,,,,,
,,,,,,,,6,2020-10-15_16h28.16.420,premce_ses-02_part-02_label-phase2,2020.1.2,Win32,60,right,5.066135,3,0.598115,0,11,11,154,1,stimuli/objects/guitarcase.jpg,right,new,315,,,,,,,,
,,,,,,,,6,2020-10-15_16h28.16.420,premce_ses-02_part-02_label-phase2,2020.1.2,Win32,60,right,1.20511,4,0.28343,0,12,12,125,1,stimuli/objects/chipmunk.jpg,right,new,286,,,,,,,,
,,,,,,,,6,2020-10-15_16h28.16.420,premce_ses-02_part-02_label-phase2,2020.1.2,Win32,60,right,0.64738,4,0.24119,0,13,13,70,1,stimuli/objects/fluorescentlightbulb.jpg,right,new,231,,,,,,,,
,,,,,,,,6,2020-10-15_16h28.16.420,premce_ses-02_part-02_label-phase2,2020.1.2,Win32,60,right,0.79806,4,0.30497,0,14,14,77,1,stimuli/objects/cowbell.jpg,right,new,238,,,,,,,,
,,,,,,,,6,2020-10-15_16h28.16.420,premce_ses-02_part-02_label-phase2,2020.1.2,Win32,60,right,0.68983,4,0.20293,0,15,15,135,1,stimuli/objects/toiletbrush.jpg,right,new,296,,,,,,,,
,,,,,,,,6,2020-10-15_16h28.16.420,premce_ses-02_part-02_label-phase2,2020.1.2,Win32,60,right,1.44832,4,0.30768,0,16,16,8,1,stimuli/objects/bluejay.jpg,left,old,169,,,,,,,,
,,,,,,,,6,2020-10-15_16h28.16.420,premce_ses-02_part-02_label-phase2,2020.1.2,Win32,60,right,0.727515,4,1.008535,0,17,17,37,1,stimuli/objects/pigeon.jpg,left,old,198,,,,,,,,
,,,,,,,,6,2020-10-15_16h28.16.420,premce_ses-02_part-02_label-phase2,2020.1.2,Win32,60,left,59.424285,3,0.866265,0,18,18,67,1,stimuli/objects/golfball.jpg,left,old,228,,,,,,,,
,,,,,,,,6,2020-10-15_16h28.16.420,premce_ses-02_part-02_label-phase2,2020.1.2,Win32,60,right,1.23821,4,0.54051,0,19,19,15,1,stimuli/objects/tent.jpg,left,old,176,,,,,,,,
,,,,,,,,6,2020-10-15_16h28.16.420,premce_ses-02_part-02_label-phase2,2020.1.2,Win32,60,right,1.45768,2,1.41261,0,20,20,111,1,stimuli/objects/trailer.jpg,right,new,272,,,,,,,,
,,,,,,,,6,2020-10-15_16h28.16.420,premce_ses-02_part-02_label-phase2,2020.1.2,Win32,60,right,1.18745,3,3.77185,0,21,21,26,1,stimuli/objects/cookingpot.jpg,right,new,187,,,,,,,,
,,,,,,,,6,2020-10-15_16h28.16.420,premce_ses-02_part-02_label-phase2,2020.1.2,Win32,60,right,2.7592,2,0.7219,0,22,22,68,1,stimuli/objects/sailboat.jpg,right,new,229,,,,,,,,
,,,,,,,,6,2020-10-15_16h28.16.420,premce_ses-02_part-02_label-phase2,2020.1.2,Win32,60,left,15.674965,4,0.5576,0,23,23,146,1,stimuli/objects/chainsaw.jpg,left,old,307,,,,,,,,
,,,,,,,,6,2020-10-15_16h28.16.420,premce_ses-02_part-02_label-phase2,2020.1.2,Win32,60,left,1.649915,3,0.35449,0,24,24,4,1,stimuli/objects/bowrake.jpg,right,new,165,,,,,,,,
,,,,,,,,6,2020-10-15_16h28.16.420,premce_ses-02_part-02_label-phase2,2020.1.2,Win32,60,left,3.474225,3,0.33288,0,25,25,72,1,stimuli/objects/shoppingcart.jpg,left,old,233,,,,,,,,
,,,,,,,,6,2020-10-15_16h28.16.420,premce_ses-02_part-02_label-phase2,2020.1.2,Win32,60,right,1.273825,1,0.249675,0,26,26,79,1,stimuli/objects/beerbottle.jpg,left,old,240,,,,,,,,
,,,,,,,,6,2020-10-15_16h28.16.420,premce_ses-02_part-02_label-phase2,2020.1.2,Win32,60,right,2.26505,3,0.31454,0,27,27,82,1,stimuli/objects/missile.jpg,right,new,243,,,,,,,,
,,,,,,,,6,2020-10-15_16h28.16.420,premce_ses-02_part-02_label-phase2,2020.1.2,Win32,60,left,1.378355,4,0.32513,0,28,28,83,1,stimuli/objects/redonion.jpg,left,old,244,,,,,,,,
,,,,,,,,6,2020-10-15_16h28.16.420,premce_ses-02_part-02_label-phase2,2020.1.2,Win32,60,right,1.807165,2,1.139105,0,29,29,30,1,stimuli/objects/waterfountain02.jpg,right,new,191,,,,,,,,
,,,,,,,,6,2020-10-15_16h28.16.420,premce_ses-02_part-02_label-phase2,2020.1.2,Win32,60,left,1.689355,2,1.139495,0,30,30,35,1,stimuli/objects/eiffeltower.jpg,right,new,196,,,,,,,,
,,,,,,,,6,2020-10-15_16h28.16.420,premce_ses-02_part-02_label-phase2,2020.1.2,Win32,60,right,1.909745,3,0.05547,0,31,31,58,1,stimuli/objects/shipinabottle.jpg,right,new,219,,,,,,,,
,,,,,,,,6,2020-10-15_16h28.16.420,premce_ses-02_part-02_label-phase2,2020.1.2,Win32,60,left,4.309575,3,0.291025,0,32,32,96,1,stimuli/objects/jeans01.jpg,left,old,257,,,,,,,,
,,,,,,,,6,2020-10-15_16h28.16.420,premce_ses-02_part-02_label-phase2,2020.1.2,Win32,60,left,1.023035,4,0.14465,0,33,33,145,1,stimuli/objects/makiroll.jpg,left,old,306,,,,,,,,
,,,,,,,,6,2020-10-15_16h28.16.420,premce_ses-02_part-02_label-phase2,2020.1.2,Win32,60,left,0.844875,3,0.13828,0,34,34,45,1,stimuli/objects/dolly01.jpg,right,new,206,,,,,,,,
,,,,,,,,6,2020-10-15_16h28.16.420,premce_ses-02_part-02_label-phase2,2020.1.2,Win32,60,left,6.76115,3,0.04601,0,35,35,2,1,stimuli/objects/shelves.jpg,left,old,163,,,,,,,,
,,,,,,,,6,2020-10-15_16h28.16.420,premce_ses-02_part-02_label-phase2,2020.1.2,Win32,60,left,1.809125,2,0.173785,0,36,36,105,1,stimuli/objects/cuttlefish.jpg,left,old,266,,,,,,,,
,,,,,,,,6,2020-10-15_16h28.16.420,premce_ses-02_part-02_label-phase2,2020.1.2,Win32,60,right,1.20494,3,0.730425,0,37,37,32,1,stimuli/objects/seagull.jpg,left,old,193,,,,,,,,
,,,,,,,,6,2020-10-15_16h28.16.420,premce_ses-02_part-02_label-phase2,2020.1.2,Win32,60,right,1.41188,1,0.72216,0,38,38,80,1,stimuli/objects/parkfountain.jpg,left,old,241,,,,,,,,
,,,,,,,,6,2020-10-15_16h28.16.420,premce_ses-02_part-02_label-phase2,2020.1.2,Win32,60,left,3.28504,2,0.374055,0,39,39,88,1,stimuli/objects/handbrush02.jpg,left,old,249,,,,,,,,
,,,,,,,,6,2020-10-15_16h28.16.420,premce_ses-02_part-02_label-phase2,2020.1.2,Win32,60,left,2.11098,4,0.245975,0,40,40,155,1,stimuli/objects/popcorn.jpg,left,old,316,,,,,,,,
,,,,,,,,6,2020-10-15_16h28.16.420,premce_ses-02_part-02_label-phase2,2020.1.2,Win32,60,right,2.21904,2,0.228465,0,41,41,29,1,stimuli/objects/showerhead01.jpg,left,old,190,,,,,,,,
,,,,,,,,6,2020-10-15_16h28.16.420,premce_ses-02_part-02_label-phase2,2020.1.2,Win32,60,left,1.051445,3,0.15914,0,42,42,123,1,stimuli/objects/zebra.jpg,left,old,284,,,,,,,,
,,,,,,,,6,2020-10-15_16h28.16.420,premce_ses-02_part-02_label-phase2,2020.1.2,Win32,60,right,0.944345,3,1.31919,0,43,43,74,1,stimuli/objects/noparkingsign.jpg,right,new,235,,,,,,,,
,,,,,,,,6,2020-10-15_16h28.16.420,premce_ses-02_part-02_label-phase2,2020.1.2,Win32,60,right,1.867725,2,0.49461,0,44,44,140,1,stimuli/objects/hammerheadshark.jpg,right,new,301,,,,,,,,
,,,,,,,,6,2020-10-15_16h28.16.420,premce_ses-02_part-02_label-phase2,2020.1.2,Win32,60,left,6.226985,2,0.23892,0,45,45,92,1,stimuli/objects/buoy.jpg,left,old,253,,,,,,,,
,,,,,,,,6,2020-10-15_16h28.16.420,premce_ses-02_part-02_label-phase2,2020.1.2,Win32,60,right,1.625995,4,0.31159,0,46,46,10,1,stimuli/objects/locomotive.jpg,left,old,171,,,,,,,,
,,,,,,,,6,2020-10-15_16h28.16.420,premce_ses-02_part-02_label-phase2,2020.1.2,Win32,60,left,2.27989,3,0.18849,0,47,47,7,1,stimuli/objects/sink.jpg,right,new,168,,,,,,,,
,,,,,,,,6,2020-10-15_16h28.16.420,premce_ses-02_part-02_label-phase2,2020.1.2,Win32,60,left,3.42196,4,0.97284,0,48,48,63,1,stimuli/objects/witchhat.jpg,left,old,224,,,,,,,,
,,,,,,,,6,2020-10-15_16h28.16.420,premce_ses-02_part-02_label-phase2,2020.1.2,Win32,60,left,1.01995,4,0.12789,0,49,49,97,1,stimuli/objects/blackolive.jpg,left,old,258,,,,,,,,
,,,,,,,,6,2020-10-15_16h28.16.420,premce_ses-02_part-02_label-phase2,2020.1.2,Win32,60,left,0.680025,3,0.457775,0,50,50,117,1,stimuli/objects/cloud.jpg,left,old,278,,,,,,,,
,,,,,,,,6,2020-10-15_16h28.16.420,premce_ses-02_part-02_label-phase2,2020.1.2,Win32,60,left,1.1955,4,0.073505,0,51,51,119,1,stimuli/objects/surfboard.jpg,left,old,280,,,,,,,,
,,,,,,,,6,2020-10-15_16h28.16.420,premce_ses-02_part-02_label-phase2,2020.1.2,Win32,60,right,1.686285,3,0.00062,0,52,52,126,1,stimuli/objects/entrancegate.jpg,left,old,287,,,,,,,,
,,,,,,,,6,2020-10-15_16h28.16.420,premce_ses-02_part-02_label-phase2,2020.1.2,Win32,60,left,1.659095,2,0.10607,0,53,53,55,1,stimuli/objects/chime.jpg,right,new,216,,,,,,,,
,,,,,,,,6,2020-10-15_16h28.16.420,premce_ses-02_part-02_label-phase2,2020.1.2,Win32,60,right,0.9361,4,0.333855,0,54,54,156,1,stimuli/objects/faxmachine.jpg,right,new,317,,,,,,,,
,,,,,,,,6,2020-10-15_16h28.16.420,premce_ses-02_part-02_label-phase2,2020.1.2,Win32,60,left,0.98591,4,0.088585,0,55,55,101,1,stimuli/objects/stairs.jpg,left,old,262,,,,,,,,
,,,,,,,,6,2020-10-15_16h28.16.420,premce_ses-02_part-02_label-phase2,2020.1.2,Win32,60,left,0.98092,3,0.060375,0,56,56,41,1,stimuli/objects/salmon.jpg,right,new,202,,,,,,,,
,,,,,,,,6,2020-10-15_16h28.16.420,premce_ses-02_part-02_label-phase2,2020.1.2,Win32,60,right,1.388465,4,0.091045,0,57,57,23,1,stimuli/objects/flugglehorn.jpg,left,old,184,,,,,,,,
,,,,,,,,6,2020-10-15_16h28.16.420,premce_ses-02_part-02_label-phase2,2020.1.2,Win32,60,right,3.69836,2,0.07218,0,58,58,11,1,stimuli/objects/nunchuk.jpg,right,new,172,,,,,,,,
,,,,,,,,6,2020-10-15_16h28.16.420,premce_ses-02_part-02_label-phase2,2020.1.2,Win32,60,right,1.830385,1,2.14273,0,59,59,124,1,stimuli/objects/kangaroo01.jpg,right,new,285,,,,,,,,
,,,,,,,,6,2020-10-15_16h28.16.420,premce_ses-02_part-02_label-phase2,2020.1.2,Win32,60,left,1.230425,4,0.086965,0,60,60,153,1,stimuli/objects/toysoldier01b.jpg,left,old,314,,,,,,,,
,,,,,,,,6,2020-10-15_16h28.16.420,premce_ses-02_part-02_label-phase2,2020.1.2,Win32,60,right,1.23739,3,0.07299,0,61,61,139,1,stimuli/objects/floortile02.jpg,right,new,300,,,,,,,,
,,,,,,,,6,2020-10-15_16h28.16.420,premce_ses-02_part-02_label-phase2,2020.1.2,Win32,60,right,1.500845,2,0.29102,0,62,62,38,1,stimuli/objects/bull.jpg,right,new,199,,,,,,,,
,,,,,,,,6,2020-10-15_16h28.16.420,premce_ses-02_part-02_label-phase2,2020.1.2,Win32,60,right,1.78208,4,0.26567,0,63,63,6,1,stimuli/objects/rollerblade.jpg,right,new,167,,,,,,,,
,,,,,,,,6,2020-10-15_16h28.16.420,premce_ses-02_part-02_label-phase2,2020.1.2,Win32,60,right,0.96984,3,0.788625,0,64,64,127,1,stimuli/objects/jaguar.jpg,left,old,288,,,,,,,,
,,,,,,,,6,2020-10-15_16h28.16.420,premce_ses-02_part-02_label-phase2,2020.1.2,Win32,60,right,1.09677,3,0.0973,0,65,65,143,1,stimuli/objects/squirrel.jpg,right,new,304,,,,,,,,
,,,,,,,,6,2020-10-15_16h28.16.420,premce_ses-02_part-02_label-phase2,2020.1.2,Win32,60,left,1.577095,3,0.066155,0,66,66,94,1,stimuli/objects/cormorant.jpg,right,new,255,,,,,,,,
,,,,,,,,6,2020-10-15_16h28.16.420,premce_ses-02_part-02_label-phase2,2020.1.2,Win32,60,left,1.749395,4,0.049855,0,67,67,73,1,stimuli/objects/barrel01.jpg,left,old,234,,,,,,,,
,,,,,,,,6,2020-10-15_16h28.16.420,premce_ses-02_part-02_label-phase2,2020.1.2,Win32,60,left,1.112705,3,0.109945,0,68,68,9,1,stimuli/objects/dolphin01.jpg,left,old,170,,,,,,,,
,,,,,,,,6,2020-10-15_16h28.16.420,premce_ses-02_part-02_label-phase2,2020.1.2,Win32,60,left,0.82955,4,0.031225,0,69,69,50,1,stimuli/objects/honeybee.jpg,left,old,211,,,,,,,,
,,,,,,,,6,2020-10-15_16h28.16.420,premce_ses-02_part-02_label-phase2,2020.1.2,Win32,60,left,0.676415,4,0.016105,0,70,70,103,1,stimuli/objects/beaver.jpg,left,old,264,,,,,,,,
,,,,,,,,6,2020-10-15_16h28.16.420,premce_ses-02_part-02_label-phase2,2020.1.2,Win32,60,right,0.724175,2,0.7951,0,71,71,21,1,stimuli/objects/acorn.jpg,left,old,182,,,,,,,,
,,,,,,,,6,2020-10-15_16h28.16.420,premce_ses-02_part-02_label-phase2,2020.1.2,Win32,60,right,0.90693,3,0.11527,0,72,72,56,1,stimuli/objects/bumpercar.jpg,right,new,217,,,,,,,,
,,,,,,,,6,2020-10-15_16h28.16.420,premce_ses-02_part-02_label-phase2,2020.1.2,Win32,60,right,0.74074,3,0.39466,0,73,73,133,1,stimuli/objects/kneepad01c.jpg,left,old,294,,,,,,,,
,,,,,,,,6,2020-10-15_16h28.16.420,premce_ses-02_part-02_label-phase2,2020.1.2,Win32,60,left,3.11478,3,0.000625,0,74,74,110,1,stimuli/objects/scalpel.jpg,left,old,271,,,,,,,,
,,,,,,,,6,2020-10-15_16h28.16.420,premce_ses-02_part-02_label-phase2,2020.1.2,Win32,60,right,3.314665,2,0.233995,0,75,75,87,1,stimuli/objects/gazebo.jpg,left,old,248,,,,,,,,
,,,,,,,,6,2020-10-15_16h28.16.420,premce_ses-02_part-02_label-phase2,2020.1.2,Win32,60,right,2.46497,2,0.286795,0,76,76,136,1,stimuli/objects/platypus.jpg,right,new,297,,,,,,,,
,,,,,,,,6,2020-10-15_16h28.16.420,premce_ses-02_part-02_label-phase2,2020.1.2,Win32,60,right,1.986715,1,0.404665,0,77,77,147,1,stimuli/objects/hotdog.jpg,right,new,308,,,,,,,,
,,,,,,,,6,2020-10-15_16h28.16.420,premce_ses-02_part-02_label-phase2,2020.1.2,Win32,60,right,3.179825,2,0.919135,0,78,78,33,1,stimuli/objects/doghouse.jpg,left,old,194,,,,,,,,
,,,,,,,,6,2020-10-15_16h28.16.420,premce_ses-02_part-02_label-phase2,2020.1.2,Win32,60,right,1.181945,3,0.80619,0,79,79,14,1,stimuli/objects/hockeystick.jpg,left,old,175,,,,,,,,
,,,,,,,,6,2020-10-15_16h28.16.420,premce_ses-02_part-02_label-phase2,2020.1.2,Win32,60,left,0.963965,4,0.000545,0,80,80,121,1,stimuli/objects/musicsheet.jpg,left,old,282,,,,,,,,
,,,,,,,,6,2020-10-15_16h28.16.420,premce_ses-02_part-02_label-phase2,2020.1.2,Win32,60,left,1.52408,3,0.000585,0,81,81,16,1,stimuli/objects/cymbal.jpg,right,new,177,,,,,,,,
,,,,,,,,6,2020-10-15_16h28.16.420,premce_ses-02_part-02_label-phase2,2020.1.2,Win32,60,left,1.05638,4,0.445285,0,82,82,61,1,stimuli/objects/graduationcap.jpg,left,old,222,,,,,,,,
,,,,,,,,6,2020-10-15_16h28.16.420,premce_ses-02_part-02_label-phase2,2020.1.2,Win32,60,right,2.19724,2,0.03775,0,83,83,17,1,stimuli/objects/mrpotatohead.jpg,right,new,178,,,,,,,,
,,,,,,,,6,2020-10-15_16h28.16.420,premce_ses-02_part-02_label-phase2,2020.1.2,Win32,60,left,3.036915,3,0.02151,0,84,84,57,1,stimuli/objects/pumpkin.jpg,left,old,218,,,,,,,,
,,,,,,,,6,2020-10-15_16h28.16.420,premce_ses-02_part-02_label-phase2,2020.1.2,Win32,60,right,0.93073,3,0.794295,0,85,85,149,1,stimuli/objects/hulahoop.jpg,left,old,310,,,,,,,,
,,,,,,,,6,2020-10-15_16h28.16.420,premce_ses-02_part-02_label-phase2,2020.1.2,Win32,60,left,0.90048,4,0.070145,0,86,86,89,1,stimuli/objects/bowlingpin.jpg,left,old,250,,,,,,,,
,,,,,,,,6,2020-10-15_16h28.16.420,premce_ses-02_part-02_label-phase2,2020.1.2,Win32,60,right,1.20547,3,0.73806,0,87,87,60,1,stimuli/objects/dormer.jpg,left,old,221,,,,,,,,
,,,,,,,,6,2020-10-15_16h28.16.420,premce_ses-02_part-02_label-phase2,2020.1.2,Win32,60,left,1.57089,3,0.25501,0,88,88,42,1,stimuli/objects/electricguitar01.jpg,left,old,203,,,,,,,,
,,,,,,,,6,2020-10-15_16h28.16.420,premce_ses-02_part-02_label-phase2,2020.1.2,Win32,60,right,2.17378,3,0.13771,0,89,89,90,1,stimuli/objects/vacuumcleaner01.jpg,right,new,251,,,,,,,,
,,,,,,,,6,2020-10-15_16h28.16.420,premce_ses-02_part-02_label-phase2,2020.1.2,Win32,60,left,1.655895,4,0.346345,0,90,90,114,1,stimuli/objects/turkey.jpg,left,old,275,,,,,,,,
,,,,,,,,6,2020-10-15_16h28.16.420,premce_ses-02_part-02_label-phase2,2020.1.2,Win32,60,left,2.912165,4,0.055435,0,91,91,113,1,stimuli/objects/dogsled.jpg,left,old,274,,,,,,,,
,,,,,,,,6,2020-10-15_16h28.16.420,premce_ses-02_part-02_label-phase2,2020.1.2,Win32,60,right,0.91094,3,0.14181,0,92,92,131,1,stimuli/objects/tablesaw.jpg,left,old,292,,,,,,,,
,,,,,,,,6,2020-10-15_16h28.16.420,premce_ses-02_part-02_label-phase2,2020.1.2,Win32,60,left,1.300415,3,0.00105,0,93,93,62,1,stimuli/objects/sandbarshark.jpg,right,new,223,,,,,,,,
,,,,,,,,6,2020-10-15_16h28.16.420,premce_ses-02_part-02_label-phase2,2020.1.2,Win32,60,right,0.81753,4,0.475165,0,94,94,86,1,stimuli/objects/masquerademask01.jpg,right,new,247,,,,,,,,
,,,,,,,,6,2020-10-15_16h28.16.420,premce_ses-02_part-02_label-phase2,2020.1.2,Win32,60,right,1.25714,2,0.06498,0,95,95,51,1,stimuli/objects/bus.jpg,left,old,212,,,,,,,,
,,,,,,,,6,2020-10-15_16h28.16.420,premce_ses-02_part-02_label-phase2,2020.1.2,Win32,60,right,3.047635,3,0.68601,0,96,96,66,1,stimuli/objects/tulip02.jpg,right,new,227,,,,,,,,
,,,,,,,,6,2020-10-15_16h28.16.420,premce_ses-02_part-02_label-phase2,2020.1.2,Win32,60,right,1.1538,3,0.00061,0,97,97,148,1,stimuli/objects/shield02.jpg,right,new,309,,,,,,,,
,,,,,,,,6,2020-10-15_16h28.16.420,premce_ses-02_part-02_label-phase2,2020.1.2,Win32,60,right,2.000675,2,0.078215,0,98,98,112,1,stimuli/objects/scorpion.jpg,right,new,273,,,,,,,,
,,,,,,,,6,2020-10-15_16h28.16.420,premce_ses-02_part-02_label-phase2,2020.1.2,Win32,60,right,1.61445,3,0.574055,0,99,99,75,1,stimuli/objects/snowshoe.jpg,right,new,236,,,,,,,,
,,,,,,,,6,2020-10-15_16h28.16.420,premce_ses-02_part-02_label-phase2,2020.1.2,Win32,60,right,0.96915,4,0.55706,0,100,100,120,1,stimuli/objects/soccerball.jpg,left,old,281,,,,,,,,
,,,,,,,,6,2020-10-15_16h28.16.420,premce_ses-02_part-02_label-phase2,2020.1.2,Win32,60,right,1.005815,2,0.97049,0,101,101,22,1,stimuli/objects/schoolbus.jpg,right,new,183,,,,,,,,
,,,,,,,,6,2020-10-15_16h28.16.420,premce_ses-02_part-02_label-phase2,2020.1.2,Win32,60,left,1.068175,4,0.01255,0,102,102,34,1,stimuli/objects/sandcastle.jpg,left,old,195,,,,,,,,
,,,,,,,,6,2020-10-15_16h28.16.420,premce_ses-02_part-02_label-phase2,2020.1.2,Win32,60,right,0.873325,3,0.041305,0,103,103,130,1,stimuli/objects/sausage.jpg,right,new,291,,,,,,,,
,,,,,,,,6,2020-10-15_16h28.16.420,premce_ses-02_part-02_label-phase2,2020.1.2,Win32,60,right,1.0631,2,0.000615,0,104,104,69,1,stimuli/objects/banjo.jpg,right,new,230,,,,,,,,
,,,,,,,,6,2020-10-15_16h28.16.420,premce_ses-02_part-02_label-phase2,2020.1.2,Win32,60,right,1.001745,2,0.653805,0,105,105,93,1,stimuli/objects/moth.jpg,right,new,254,,,,,,,,
,,,,,,,,6,2020-10-15_16h28.16.420,premce_ses-02_part-02_label-phase2,2020.1.2,Win32,60,left,1.196105,4,0.08849,0,106,106,116,1,stimuli/objects/greywolf.jpg,left,old,277,,,,,,,,
,,,,,,,,6,2020-10-15_16h28.16.420,premce_ses-02_part-02_label-phase2,2020.1.2,Win32,60,right,1.367985,3,0.129255,0,107,107,106,1,stimuli/objects/nosmokingsign.jpg,right,new,267,,,,,,,,
,,,,,,,,6,2020-10-15_16h28.16.420,premce_ses-02_part-02_label-phase2,2020.1.2,Win32,60,left,0.744315,3,0.020045,0,108,108,24,1,stimuli/objects/stool01.jpg,left,old,185,,,,,,,,
,,,,,,,,6,2020-10-15_16h28.16.420,premce_ses-02_part-02_label-phase2,2020.1.2,Win32,60,left,0.79308,4,0.10613,0,109,109,27,1,stimuli/objects/star.jpg,left,old,188,,,,,,,,
,,,,,,,,6,2020-10-15_16h28.16.420,premce_ses-02_part-02_label-phase2,2020.1.2,Win32,60,right,0.771425,3,0.095945,0,110,110,85,1,stimuli/objects/gong.jpg,right,new,246,,,,,,,,
,,,,,,,,6,2020-10-15_16h28.16.420,premce_ses-02_part-02_label-phase2,2020.1.2,Win32,60,left,1.306955,2,0.39657,0,111,111,20,1,stimuli/objects/football.jpg,left,old,181,,,,,,,,
,,,,,,,,6,2020-10-15_16h28.16.420,premce_ses-02_part-02_label-phase2,2020.1.2,Win32,60,right,5.007135,3,0.06721,0,112,112,138,1,stimuli/objects/wallclock.jpg,right,new,299,,,,,,,,
,,,,,,,,6,2020-10-15_16h28.16.420,premce_ses-02_part-02_label-phase2,2020.1.2,Win32,60,right,0.82592,3,3.449175,0,113,113,78,1,stimuli/objects/smartboard.jpg,right,new,239,,,,,,,,
,,,,,,,,6,2020-10-15_16h28.16.420,premce_ses-02_part-02_label-phase2,2020.1.2,Win32,60,left,2.00189,3,0.042785,0,114,114,99,1,stimuli/objects/basketball01.jpg,left,old,260,,,,,,,,
,,,,,,,,6,2020-10-15_16h28.16.420,premce_ses-02_part-02_label-phase2,2020.1.2,Win32,60,right,3.732755,3,0.110285,0,115,115,157,1,stimuli/objects/lip.jpg,right,new,318,,,,,,,,
,,,,,,,,6,2020-10-15_16h28.16.420,premce_ses-02_part-02_label-phase2,2020.1.2,Win32,60,right,4.647085,3,1.55766,0,116,116,142,1,stimuli/objects/curtain.jpg,right,new,303,,,,,,,,
,,,,,,,,6,2020-10-15_16h28.16.420,premce_ses-02_part-02_label-phase2,2020.1.2,Win32,60,right,4.376715,3,0.335335,0,117,117,150,1,stimuli/objects/urinal.jpg,left,old,311,,,,,,,,
,,,,,,,,6,2020-10-15_16h28.16.420,premce_ses-02_part-02_label-phase2,2020.1.2,Win32,60,left,1.37017,3,0.04891,0,118,118,5,1,stimuli/objects/morningstar.jpg,right,new,166,,,,,,,,
,,,,,,,,6,2020-10-15_16h28.16.420,premce_ses-02_part-02_label-phase2,2020.1.2,Win32,60,right,1.37796,3,0.04472,0,119,119,71,1,stimuli/objects/cross01.jpg,right,new,232,,,,,,,,
,,,,,,,,6,2020-10-15_16h28.16.420,premce_ses-02_part-02_label-phase2,2020.1.2,Win32,60,left,0.77074,3,0.05447,0,120,120,118,1,stimuli/objects/trophy01.jpg,left,old,279,,,,,,,,
,,,,,,,,6,2020-10-15_16h28.16.420,premce_ses-02_part-02_label-phase2,2020.1.2,Win32,60,right,6.41688,2,0.03949,0,121,121,54,1,stimuli/objects/stepladder.jpg,left,old,215,,,,,,,,
,,,,,,,,6,2020-10-15_16h28.16.420,premce_ses-02_part-02_label-phase2,2020.1.2,Win32,60,left,1.768185,1,0.54776,0,122,122,18,1,stimuli/objects/discoball.jpg,right,new,179,,,,,,,,
,,,,,,,,6,2020-10-15_16h28.16.420,premce_ses-02_part-02_label-phase2,2020.1.2,Win32,60,left,1.828925,2,0.43848,0,123,123,122,1,stimuli/objects/crosscountryski.jpg,left,old,283,,,,,,,,
,,,,,,,,6,2020-10-15_16h28.16.420,premce_ses-02_part-02_label-phase2,2020.1.2,Win32,60,left,0.97585,3,0.034315,0,124,124,137,1,stimuli/objects/jackrabbit.jpg,left,old,298,,,,,,,,
,,,,,,,,6,2020-10-15_16h28.16.420,premce_ses-02_part-02_label-phase2,2020.1.2,Win32,60,left,1.235495,4,0.023015,0,125,125,47,1,stimuli/objects/jellyfish.jpg,left,old,208,,,,,,,,
,,,,,,,,6,2020-10-15_16h28.16.420,premce_ses-02_part-02_label-phase2,2020.1.2,Win32,60,right,1.72315,2,0.30878,0,126,126,102,1,stimuli/objects/englishcucumber.jpg,right,new,263,,,,,,,,
,,,,,,,,6,2020-10-15_16h28.16.420,premce_ses-02_part-02_label-phase2,2020.1.2,Win32,60,right,1.009895,3,0.057495,0,127,127,49,1,stimuli/objects/moon.jpg,right,new,210,,,,,,,,
,,,,,,,,6,2020-10-15_16h28.16.420,premce_ses-02_part-02_label-phase2,2020.1.2,Win32,60,left,1.34807,3,0.03899,0,128,128,0,1,stimuli/objects/ostrich.jpg,right,new,161,,,,,,,,
,,,,,,,,6,2020-10-15_16h28.16.420,premce_ses-02_part-02_label-phase2,2020.1.2,Win32,60,left,5.2905,3,0.049065,0,129,129,59,1,stimuli/objects/saltshaker03a.jpg,right,new,220,,,,,,,,
,,,,,,,,6,2020-10-15_16h28.16.420,premce_ses-02_part-02_label-phase2,2020.1.2,Win32,60,left,1.138105,3,0.08026,0,130,130,109,1,stimuli/objects/spaghetti01.jpg,left,old,270,,,,,,,,
,,,,,,,,6,2020-10-15_16h28.16.420,premce_ses-02_part-02_label-phase2,2020.1.2,Win32,60,right,0.78978,4,0.70764,0,131,131,108,1,stimuli/objects/boxingglove01.jpg,right,new,269,,,,,,,,
,,,,,,,,6,2020-10-15_16h28.16.420,premce_ses-02_part-02_label-phase2,2020.1.2,Win32,60,right,1.72562,2,0.73739,0,132,132,129,1,stimuli/objects/treestump.jpg,right,new,290,,,,,,,,
,,,,,,,,6,2020-10-15_16h28.16.420,premce_ses-02_part-02_label-phase2,2020.1.2,Win32,60,right,1.280355,1,1.257465,0,133,133,144,1,stimuli/objects/filingcabinet.jpg,right,new,305,,,,,,,,
,,,,,,,,6,2020-10-15_16h28.16.420,premce_ses-02_part-02_label-phase2,2020.1.2,Win32,60,left,4.835125,3,1.344505,0,134,134,64,1,stimuli/objects/cupcake.jpg,right,new,225,,,,,,,,
,,,,,,,,6,2020-10-15_16h28.16.420,premce_ses-02_part-02_label-phase2,2020.1.2,Win32,60,left,1.78888,3,0.18244,0,135,135,36,1,stimuli/objects/recyclingbin.jpg,right,new,197,,,,,,,,
,,,,,,,,6,2020-10-15_16h28.16.420,premce_ses-02_part-02_label-phase2,2020.1.2,Win32,60,right,0.875245,4,0.50008,0,136,136,115,1,stimuli/objects/contactlens.jpg,right,new,276,,,,,,,,
,,,,,,,,6,2020-10-15_16h28.16.420,premce_ses-02_part-02_label-phase2,2020.1.2,Win32,60,right,0.997965,4,0.065665,0,137,137,12,1,stimuli/objects/safe.jpg,right,new,173,,,,,,,,
,,,,,,,,6,2020-10-15_16h28.16.420,premce_ses-02_part-02_label-phase2,2020.1.2,Win32,60,left,0.80374,3,0.08265,0,138,138,151,1,stimuli/objects/gecko.jpg,left,old,312,,,,,,,,
,,,,,,,,6,2020-10-15_16h28.16.420,premce_ses-02_part-02_label-phase2,2020.1.2,Win32,60,right,3.221905,3,0.925455,0,139,139,31,1,stimuli/objects/swing.jpg,right,new,192,,,,,,,,
,,,,,,,,6,2020-10-15_16h28.16.420,premce_ses-02_part-02_label-phase2,2020.1.2,Win32,60,left,2.108275,2,0.2042,0,140,140,91,1,stimuli/objects/lawnmower.jpg,right,new,252,,,,,,,,
,,,,,,,,6,2020-10-15_16h28.16.420,premce_ses-02_part-02_label-phase2,2020.1.2,Win32,60,left,1.05631,4,0.02275,0,141,141,159,1,stimuli/objects/shovel01.jpg,left,old,320,,,,,,,,
,,,,,,,,6,2020-10-15_16h28.16.420,premce_ses-02_part-02_label-phase2,2020.1.2,Win32,60,right,0.924315,3,0.45847,0,142,142,158,1,stimuli/objects/bed.jpg,left,old,319,,,,,,,,
,,,,,,,,6,2020-10-15_16h28.16.420,premce_ses-02_part-02_label-phase2,2020.1.2,Win32,60,right,1.6219,2,0.237995,0,143,143,52,1,stimuli/objects/drumstick.jpg,right,new,213,,,,,,,,
,,,,,,,,6,2020-10-15_16h28.16.420,premce_ses-02_part-02_label-phase2,2020.1.2,Win32,60,left,3.272275,2,0.27899,0,144,144,104,1,stimuli/objects/mirror02.jpg,left,old,265,,,,,,,,
,,,,,,,,6,2020-10-15_16h28.16.420,premce_ses-02_part-02_label-phase2,2020.1.2,Win32,60,right,1.39023,3,0.485675,0,145,145,39,1,stimuli/objects/stroller.jpg,left,old,200,,,,,,,,
,,,,,,,,6,2020-10-15_16h28.16.420,premce_ses-02_part-02_label-phase2,2020.1.2,Win32,60,right,0.883715,4,1.289825,0,146,146,19,1,stimuli/objects/chimney.jpg,right,new,180,,,,,,,,
,,,,,,,,6,2020-10-15_16h28.16.420,premce_ses-02_part-02_label-phase2,2020.1.2,Win32,60,left,0.964835,2,0.355175,0,147,147,98,1,stimuli/objects/pig.jpg,right,new,259,,,,,,,,
,,,,,,,,6,2020-10-15_16h28.16.420,premce_ses-02_part-02_label-phase2,2020.1.2,Win32,60,right,1.85367,2,0.112325,0,148,148,65,1,stimuli/objects/armchair02.jpg,right,new,226,,,,,,,,
,,,,,,,,6,2020-10-15_16h28.16.420,premce_ses-02_part-02_label-phase2,2020.1.2,Win32,60,right,0.97091,3,0.02111,0,149,149,1,1,stimuli/objects/bridge.jpg,right,new,162,,,,,,,,
,,,,,,,,6,2020-10-15_16h28.16.420,premce_ses-02_part-02_label-phase2,2020.1.2,Win32,60,left,2.64405,3,0.43149,0,150,150,53,1,stimuli/objects/ear.jpg,left,old,214,,,,,,,,
,,,,,,,,6,2020-10-15_16h28.16.420,premce_ses-02_part-02_label-phase2,2020.1.2,Win32,60,right,2.989895,2,0.05123,0,151,151,81,1,stimuli/objects/painting.jpg,right,new,242,,,,,,,,
,,,,,,,,6,2020-10-15_16h28.16.420,premce_ses-02_part-02_label-phase2,2020.1.2,Win32,60,right,0.822065,3,0.00064,0,152,152,141,1,stimuli/objects/parachute.jpg,right,new,302,,,,,,,,
,,,,,,,,6,2020-10-15_16h28.16.420,premce_ses-02_part-02_label-phase2,2020.1.2,Win32,60,left,0.74794,3,0.007935,0,153,153,44,1,stimuli/objects/canoepaddle02.jpg,left,old,205,,,,,,,,
,,,,,,,,6,2020-10-15_16h28.16.420,premce_ses-02_part-02_label-phase2,2020.1.2,Win32,60,left,1.535165,4,1.18261,0,154,154,13,1,stimuli/objects/monarchbutterfly.jpg,left,old,174,,,,,,,,
,,,,,,,,6,2020-10-15_16h28.16.420,premce_ses-02_part-02_label-phase2,2020.1.2,Win32,60,left,1.664945,4,0.325325,0,155,155,134,1,stimuli/objects/windturbine.jpg,left,old,295,,,,,,,,
,,,,,,,,6,2020-10-15_16h28.16.420,premce_ses-02_part-02_label-phase2,2020.1.2,Win32,60,left,0.761625,4,0.02405,0,156,156,25,1,stimuli/objects/beehive.jpg,left,old,186,,,,,,,,
,,,,,,,,6,2020-10-15_16h28.16.420,premce_ses-02_part-02_label-phase2,2020.1.2,Win32,60,right,1.17021,2,0.014945,0,157,157,95,1,stimuli/objects/mouse.jpg,right,new,256,,,,,,,,
,,,,,,,,6,2020-10-15_16h28.16.420,premce_ses-02_part-02_label-phase2,2020.1.2,Win32,60,right,0.75225,3,0.00061,0,158,158,43,1,stimuli/objects/tricycle.jpg,left,old,204,,,,,,,,
,,,,,,,,6,2020-10-15_16h28.16.420,premce_ses-02_part-02_label-phase2,2020.1.2,Win32,60,right,0.881545,4,0.05791,0,159,159,152,1,stimuli/objects/waterfall.jpg,right,new,313,,,,,,,,
,,,,,,,,6,2020-10-15_16h28.16.420,premce_ses-02_part-02_label-phase2,2020.1.2,Win32,60,,,,,,,,,,,,,,space,71.72296,0,0,0,1,1,ImagesforRecog2.csv
,,,,,,,,6,2020-10-15_16h28.16.420,premce_ses-02_part-02_label-phase2,2020.1.2,Win32,60,left,2.63337,3,0.05031,0,0,0,10,1,stimuli/objects/americanwhitepelican.jpg,left,old,11,,,,,,,,
,,,,,,,,6,2020-10-15_16h28.16.420,premce_ses-02_part-02_label-phase2,2020.1.2,Win32,60,right,5.79068,2,0.03804,0,1,1,87,1,stimuli/objects/parkingmeter.jpg,left,old,88,,,,,,,,
,,,,,,,,6,2020-10-15_16h28.16.420,premce_ses-02_part-02_label-phase2,2020.1.2,Win32,60,left,3.78213,3,0.00498,0,2,2,128,1,stimuli/objects/toilet.jpg,right,new,129,,,,,,,,
,,,,,,,,6,2020-10-15_16h28.16.420,premce_ses-02_part-02_label-phase2,2020.1.2,Win32,60,right,1.044555,3,0.429475,0,3,3,111,1,stimuli/objects/honeycomb.jpg,right,new,112,,,,,,,,
,,,,,,,,6,2020-10-15_16h28.16.420,premce_ses-02_part-02_label-phase2,2020.1.2,Win32,60,right,1.83181,4,0.29396,0,4,4,140,1,stimuli/objects/pooltable.jpg,right,new,141,,,,,,,,
,,,,,,,,6,2020-10-15_16h28.16.420,premce_ses-02_part-02_label-phase2,2020.1.2,Win32,60,right,1.94822,4,0.18883,0,5,5,154,1,stimuli/objects/dartboard.jpg,left,old,155,,,,,,,,
,,,,,,,,6,2020-10-15_16h28.16.420,premce_ses-02_part-02_label-phase2,2020.1.2,Win32,60,left,1.3709,2,0.159465,0,6,6,52,1,stimuli/objects/tree.jpg,right,new,53,,,,,,,,
,,,,,,,,6,2020-10-15_16h28.16.420,premce_ses-02_part-02_label-phase2,2020.1.2,Win32,60,left,2.758005,1,0.04444,0,7,7,50,1,stimuli/objects/windshieldwiper02.jpg,right,new,51,,,,,,,,
,,,,,,,,6,2020-10-15_16h28.16.420,premce_ses-02_part-02_label-phase2,2020.1.2,Win32,60,right,0.79022,3,0.227215,0,8,8,90,1,stimuli/objects/ducttape.jpg,right,new,91,,,,,,,,
,,,,,,,,6,2020-10-15_16h28.16.420,premce_ses-02_part-02_label-phase2,2020.1.2,Win32,60,right,0.60911,3,0.036935,0,9,9,70,1,stimuli/objects/apron.jpg,left,old,71,,,,,,,,
,,,,,,,,6,2020-10-15_16h28.16.420,premce_ses-02_part-02_label-phase2,2020.1.2,Win32,60,left,1.045045,2,0.00059,0,10,10,34,1,stimuli/objects/ceilingfan01.jpg,right,new,35,,,,,,,,
,,,,,,,,6,2020-10-15_16h28.16.420,premce_ses-02_part-02_label-phase2,2020.1.2,Win32,60,left,2.006095,3,0.000635,0,11,11,97,1,stimuli/objects/watercooler.jpg,left,old,98,,,,,,,,
,,,,,,,,6,2020-10-15_16h28.16.420,premce_ses-02_part-02_label-phase2,2020.1.2,Win32,60,right,0.7295,3,1.06544,0,12,12,35,1,stimuli/objects/flag.jpg,left,old,36,,,,,,,,
,,,,,,,,6,2020-10-15_16h28.16.420,premce_ses-02_part-02_label-phase2,2020.1.2,Win32,60,left,1.361395,4,0.411095,0,13,13,51,1,stimuli/objects/cork02.jpg,right,new,52,,,,,,,,
,,,,,,,,6,2020-10-15_16h28.16.420,premce_ses-02_part-02_label-phase2,2020.1.2,Win32,60,left,0.720045,4,0.00597,0,14,14,125,1,stimuli/objects/horse.jpg,left,old,126,,,,,,,,
,,,,,,,,6,2020-10-15_16h28.16.420,premce_ses-02_part-02_label-phase2,2020.1.2,Win32,60,right,0.854285,4,0.1068,0,15,15,112,1,stimuli/objects/webcam.jpg,right,new,113,,,,,,,,
,,,,,,,,6,2020-10-15_16h28.16.420,premce_ses-02_part-02_label-phase2,2020.1.2,Win32,60,right,1.194635,3,0.00059,0,16,16,0,1,stimuli/objects/fishingrod.jpg,right,new,1,,,,,,,,
,,,,,,,,6,2020-10-15_16h28.16.420,premce_ses-02_part-02_label-phase2,2020.1.2,Win32,60,left,1.111485,4,0.358145,0,17,17,56,1,stimuli/objects/cannon.jpg,left,old,57,,,,,,,,
,,,,,,,,6,2020-10-15_16h28.16.420,premce_ses-02_part-02_label-phase2,2020.1.2,Win32,60,right,0.93812,2,0.39004,0,18,18,81,1,stimuli/objects/artichoke01b.jpg,right,new,82,,,,,,,,
,,,,,,,,6,2020-10-15_16h28.16.420,premce_ses-02_part-02_label-phase2,2020.1.2,Win32,60,right,1.26965,3,0.055145,0,19,19,30,1,stimuli/objects/siamesecat.jpg,right,new,31,,,,,,,,
,,,,,,,,6,2020-10-15_16h28.16.420,premce_ses-02_part-02_label-phase2,2020.1.2,Win32,60,right,0.938985,3,1.619755,0,20,20,117,1,stimuli/objects/lollipop04.jpg,right,new,118,,,,,,,,
,,,,,,,,6,2020-10-15_16h28.16.420,premce_ses-02_part-02_label-phase2,2020.1.2,Win32,60,left,0.94574,4,0.000715,0,21,21,136,1,stimuli/objects/dreamcatcher.jpg,left,old,137,,,,,,,,
,,,,,,,,6,2020-10-15_16h28.16.420,premce_ses-02_part-02_label-phase2,2020.1.2,Win32,60,left,1.497365,3,0.0315,0,22,22,77,1,stimuli/objects/aquarium.jpg,right,new,78,,,,,,,,
,,,,,,,,6,2020-10-15_16h28.16.420,premce_ses-02_part-02_label-phase2,2020.1.2,Win32,60,right,0.81232,3,0.000625,0,23,23,122,1,stimuli/objects/pickaxe02.jpg,left,old,123,,,,,,,,
,,,,,,,,6,2020-10-15_16h28.16.420,premce_ses-02_part-02_label-phase2,2020.1.2,Win32,60,right,0.954045,2,0.55101,0,24,24,36,1,stimuli/objects/cutlass.jpg,left,old,37,,,,,,,,
,,,,,,,,6,2020-10-15_16h28.16.420,premce_ses-02_part-02_label-phase2,2020.1.2,Win32,60,right,1.175995,3,0.048775,0,25,25,94,1,stimuli/objects/statue.jpg,right,new,95,,,,,,,,
,,,,,,,,6,2020-10-15_16h28.16.420,premce_ses-02_part-02_label-phase2,2020.1.2,Win32,60,right,0.89401,4,0.00063,0,26,26,33,1,stimuli/objects/helicopter.jpg,right,new,34,,,,,,,,
,,,,,,,,6,2020-10-15_16h28.16.420,premce_ses-02_part-02_label-phase2,2020.1.2,Win32,60,right,0.93943,4,0.006305,0,27,27,44,1,stimuli/objects/calendar.jpg,right,new,45,,,,,,,,
,,,,,,,,6,2020-10-15_16h28.16.420,premce_ses-02_part-02_label-phase2,2020.1.2,Win32,60,right,2.50948,2,0.08755,0,28,28,15,1,stimuli/objects/lantern03.jpg,right,new,16,,,,,,,,
,,,,,,,,6,2020-10-15_16h28.16.420,premce_ses-02_part-02_label-phase2,2020.1.2,Win32,60,left,0.97914,4,0.041545,0,29,29,65,1,stimuli/objects/blender.jpg,left,old,66,,,,,,,,
,,,,,,,,6,2020-10-15_16h28.16.420,premce_ses-02_part-02_label-phase2,2020.1.2,Win32,60,left,1.82911,2,0.090605,0,30,30,151,1,stimuli/objects/bolt01a.jpg,right,new,152,,,,,,,,
,,,,,,,,6,2020-10-15_16h28.16.420,premce_ses-02_part-02_label-phase2,2020.1.2,Win32,60,right,1.027635,3,0.0346,0,31,31,74,1,stimuli/objects/road02.jpg,right,new,75,,,,,,,,
,,,,,,,,6,2020-10-15_16h28.16.420,premce_ses-02_part-02_label-phase2,2020.1.2,Win32,60,left,1.005285,4,0.02156,0,32,32,106,1,stimuli/objects/brownsugar.jpg,left,old,107,,,,,,,,
,,,,,,,,6,2020-10-15_16h28.16.420,premce_ses-02_part-02_label-phase2,2020.1.2,Win32,60,left,0.842395,4,0.010015,0,33,33,121,1,stimuli/objects/triangle.jpg,left,old,122,,,,,,,,
,,,,,,,,6,2020-10-15_16h28.16.420,premce_ses-02_part-02_label-phase2,2020.1.2,Win32,60,right,10.182525,3,0.080345,0,34,34,80,1,stimuli/objects/church.jpg,left,old,81,,,,,,,,
,,,,,,,,6,2020-10-15_16h28.16.420,premce_ses-02_part-02_label-phase2,2020.1.2,Win32,60,left,2.808225,3,0.087615,0,35,35,157,1,stimuli/objects/volleyball.jpg,left,old,158,,,,,,,,
,,,,,,,,6,2020-10-15_16h28.16.420,premce_ses-02_part-02_label-phase2,2020.1.2,Win32,60,left,1.42917,2,0.00063,0,36,36,152,1,stimuli/objects/xylophone.jpg,left,old,153,,,,,,,,
,,,,,,,,6,2020-10-15_16h28.16.420,premce_ses-02_part-02_label-phase2,2020.1.2,Win32,60,right,0.819225,3,0.52444,0,37,37,133,1,stimuli/objects/skateboard.jpg,left,old,134,,,,,,,,
,,,,,,,,6,2020-10-15_16h28.16.420,premce_ses-02_part-02_label-phase2,2020.1.2,Win32,60,left,0.662605,4,0.081495,0,38,38,132,1,stimuli/objects/trafficlight.jpg,left,old,133,,,,,,,,
,,,,,,,,6,2020-10-15_16h28.16.420,premce_ses-02_part-02_label-phase2,2020.1.2,Win32,60,right,1.078315,3,0.354745,0,39,39,105,1,stimuli/objects/penguin.jpg,right,new,106,,,,,,,,
,,,,,,,,6,2020-10-15_16h28.16.420,premce_ses-02_part-02_label-phase2,2020.1.2,Win32,60,right,0.769165,4,0.06711,0,40,40,67,1,stimuli/objects/steeringwheel.jpg,right,new,68,,,,,,,,
,,,,,,,,6,2020-10-15_16h28.16.420,premce_ses-02_part-02_label-phase2,2020.1.2,Win32,60,left,0.887555,3,0.38199,0,41,41,48,1,stimuli/objects/taxisign.jpg,left,old,49,,,,,,,,
,,,,,,,,6,2020-10-15_16h28.16.420,premce_ses-02_part-02_label-phase2,2020.1.2,Win32,60,right,0.83574,4,0.162725,0,42,42,113,1,stimuli/objects/fortunecookie.jpg,right,new,114,,,,,,,,
,,,,,,,,6,2020-10-15_16h28.16.420,premce_ses-02_part-02_label-phase2,2020.1.2,Win32,60,right,0.775575,3,0.158135,0,43,43,148,1,stimuli/objects/skihelmet01.jpg,left,old,149,,,,,,,,
,,,,,,,,6,2020-10-15_16h28.16.420,premce_ses-02_part-02_label-phase2,2020.1.2,Win32,60,left,0.77234,4,0.03756,0,44,44,130,1,stimuli/objects/toyanimal05.jpg,left,old,131,,,,,,,,
,,,,,,,,6,2020-10-15_16h28.16.420,premce_ses-02_part-02_label-phase2,2020.1.2,Win32,60,left,0.84681,2,0.051145,0,45,45,89,1,stimuli/objects/carbattery.jpg,left,old,90,,,,,,,,
,,,,,,,,6,2020-10-15_16h28.16.420,premce_ses-02_part-02_label-phase2,2020.1.2,Win32,60,right,0.857165,3,0.297965,0,46,46,24,1,stimuli/objects/christmaslights.jpg,left,old,25,,,,,,,,
,,,,,,,,6,2020-10-15_16h28.16.420,premce_ses-02_part-02_label-phase2,2020.1.2,Win32,60,left,0.76878,4,0.05495,0,47,47,119,1,stimuli/objects/polarbear.jpg,left,old,120,,,,,,,,
,,,,,,,,6,2020-10-15_16h28.16.420,premce_ses-02_part-02_label-phase2,2020.1.2,Win32,60,right,0.93697,2,0.63845,0,48,48,7,1,stimuli/objects/whiteout.jpg,right,new,8,,,,,,,,
,,,,,,,,6,2020-10-15_16h28.16.420,premce_ses-02_part-02_label-phase2,2020.1.2,Win32,60,left,1.18399,3,0.00056,0,49,49,123,1,stimuli/objects/scooter.jpg,right,new,124,,,,,,,,
,,,,,,,,6,2020-10-15_16h28.16.420,premce_ses-02_part-02_label-phase2,2020.1.2,Win32,60,left,1.99561,2,0.158265,0,50,50,137,1,stimuli/objects/handheldtelescope.jpg,right,new,138,,,,,,,,
,,,,,,,,6,2020-10-15_16h28.16.420,premce_ses-02_part-02_label-phase2,2020.1.2,Win32,60,right,1.23545,3,0.194935,0,51,51,83,1,stimuli/objects/crab01.jpg,left,old,84,,,,,,,,
,,,,,,,,6,2020-10-15_16h28.16.420,premce_ses-02_part-02_label-phase2,2020.1.2,Win32,60,left,1.333965,4,0.10386,0,52,52,9,1,stimuli/objects/granolabar01.jpg,left,old,10,,,,,,,,
,,,,,,,,6,2020-10-15_16h28.16.420,premce_ses-02_part-02_label-phase2,2020.1.2,Win32,60,left,15.916155,2,0.955385,0,53,53,134,1,stimuli/objects/rubikcube.jpg,right,new,135,,,,,,,,
,,,,,,,,6,2020-10-15_16h28.16.420,premce_ses-02_part-02_label-phase2,2020.1.2,Win32,60,left,0.94051,4,0.091265,0,54,54,95,1,stimuli/objects/spicerack.jpg,left,old,96,,,,,,,,
,,,,,,,,6,2020-10-15_16h28.16.420,premce_ses-02_part-02_label-phase2,2020.1.2,Win32,60,right,2.045155,2,0.11377,0,55,55,13,1,stimuli/objects/lighthouse.jpg,right,new,14,,,,,,,,
,,,,,,,,6,2020-10-15_16h28.16.420,premce_ses-02_part-02_label-phase2,2020.1.2,Win32,60,left,1.039905,3,0.06523,0,56,56,20,1,stimuli/objects/escalator.jpg,left,old,21,,,,,,,,
,,,,,,,,6,2020-10-15_16h28.16.420,premce_ses-02_part-02_label-phase2,2020.1.2,Win32,60,right,0.878985,2,0.278545,0,57,57,103,1,stimuli/objects/skiboot01a.jpg,right,new,104,,,,,,,,
,,,,,,,,6,2020-10-15_16h28.16.420,premce_ses-02_part-02_label-phase2,2020.1.2,Win32,60,left,1.22883,4,0.063415,0,58,58,135,1,stimuli/objects/dalmatian.jpg,left,old,136,,,,,,,,
,,,,,,,,6,2020-10-15_16h28.16.420,premce_ses-02_part-02_label-phase2,2020.1.2,Win32,60,right,2.487455,2,0.34991,0,59,59,153,1,stimuli/objects/harmonica.jpg,right,new,154,,,,,,,,
,,,,,,,,6,2020-10-15_16h28.16.420,premce_ses-02_part-02_label-phase2,2020.1.2,Win32,60,right,1.288135,3,0.154165,0,60,60,26,1,stimuli/objects/snowglobe.jpg,right,new,27,,,,,,,,
,,,,,,,,6,2020-10-15_16h28.16.420,premce_ses-02_part-02_label-phase2,2020.1.2,Win32,60,left,0.78987,4,0.131625,0,61,61,18,1,stimuli/objects/snowman.jpg,left,old,19,,,,,,,,
,,,,,,,,6,2020-10-15_16h28.16.420,premce_ses-02_part-02_label-phase2,2020.1.2,Win32,60,right,0.94549,4,0.182595,0,62,62,75,1,stimuli/objects/castle.jpg,right,new,76,,,,,,,,
,,,,,,,,6,2020-10-15_16h28.16.420,premce_ses-02_part-02_label-phase2,2020.1.2,Win32,60,right,1.60248,3,0.071355,0,63,63,55,1,stimuli/objects/cremebrulee.jpg,right,new,56,,,,,,,,
,,,,,,,,6,2020-10-15_16h28.16.420,premce_ses-02_part-02_label-phase2,2020.1.2,Win32,60,right,1.98029,1,0.1802,0,64,64,69,1,stimuli/objects/lightswitch01.jpg,left,old,70,,,,,,,,
,,,,,,,,6,2020-10-15_16h28.16.420,premce_ses-02_part-02_label-phase2,2020.1.2,Win32,60,left,4.527955,2,0.116735,0,65,65,12,1,stimuli/objects/pingpongtable.jpg,right,new,13,,,,,,,,
,,,,,,,,6,2020-10-15_16h28.16.420,premce_ses-02_part-02_label-phase2,2020.1.2,Win32,60,right,1.78662,3,0.122105,0,66,66,156,1,stimuli/objects/battleaxe.jpg,right,new,157,,,,,,,,
,,,,,,,,6,2020-10-15_16h28.16.420,premce_ses-02_part-02_label-phase2,2020.1.2,Win32,60,right,1.10415,3,0.08743,0,67,67,64,1,stimuli/objects/baseballglove.jpg,right,new,65,,,,,,,,
,,,,,,,,6,2020-10-15_16h28.16.420,premce_ses-02_part-02_label-phase2,2020.1.2,Win32,60,right,0.97367,4,0.037145,0,68,68,138,1,stimuli/objects/raccoon.jpg,right,new,139,,,,,,,,
,,,,,,,,6,2020-10-15_16h28.16.420,premce_ses-02_part-02_label-phase2,2020.1.2,Win32,60,left,1.811365,3,0.36361,0,69,69,40,1,stimuli/objects/bread.jpg,left,old,41,,,,,,,,
,,,,,,,,6,2020-10-15_16h28.16.420,premce_ses-02_part-02_label-phase2,2020.1.2,Win32,60,left,0.934555,2,0.191675,0,70,70,110,1,stimuli/objects/leafblower01.jpg,left,old,111,,,,,,,,
,,,,,,,,6,2020-10-15_16h28.16.420,premce_ses-02_part-02_label-phase2,2020.1.2,Win32,60,left,0.76727,4,0.057295,0,71,71,5,1,stimuli/objects/winniethepooh.jpg,left,old,6,,,,,,,,
,,,,,,,,6,2020-10-15_16h28.16.420,premce_ses-02_part-02_label-phase2,2020.1.2,Win32,60,right,0.89245,3,0.000735,0,72,72,32,1,stimuli/objects/paperairplane.jpg,right,new,33,,,,,,,,
,,,,,,,,6,2020-10-15_16h28.16.420,premce_ses-02_part-02_label-phase2,2020.1.2,Win32,60,left,2.27155,4,0.000745,0,73,73,62,1,stimuli/objects/icecube02.jpg,left,old,63,,,,,,,,
,,,,,,,,6,2020-10-15_16h28.16.420,premce_ses-02_part-02_label-phase2,2020.1.2,Win32,60,right,1.24092,2,0.263795,0,74,74,3,1,stimuli/objects/sealion.jpg,left,old,4,,,,,,,,
,,,,,,,,6,2020-10-15_16h28.16.420,premce_ses-02_part-02_label-phase2,2020.1.2,Win32,60,right,1.69068,3,0.32154,0,75,75,45,1,stimuli/objects/horseshoe.jpg,right,new,46,,,,,,,,
,,,,,,,,6,2020-10-15_16h28.16.420,premce_ses-02_part-02_label-phase2,2020.1.2,Win32,60,left,2.324865,1,0.85487,0,76,76,158,1,stimuli/objects/vulture.jpg,right,new,159,,,,,,,,
,,,,,,,,6,2020-10-15_16h28.16.420,premce_ses-02_part-02_label-phase2,2020.1.2,Win32,60,right,0.99611,3,0.07803,0,77,77,57,1,stimuli/objects/weddingcake.jpg,left,old,58,,,,,,,,
,,,,,,,,6,2020-10-15_16h28.16.420,premce_ses-02_part-02_label-phase2,2020.1.2,Win32,60,left,1.30506,2,0.07759,0,78,78,82,1,stimuli/objects/giraffe.jpg,left,old,83,,,,,,,,
,,,,,,,,6,2020-10-15_16h28.16.420,premce_ses-02_part-02_label-phase2,2020.1.2,Win32,60,left,0.99781,4,0.020465,0,79,79,129,1,stimuli/objects/walkietalkie.jpg,left,old,130,,,,,,,,
,,,,,,,,6,2020-10-15_16h28.16.420,premce_ses-02_part-02_label-phase2,2020.1.2,Win32,60,right,0.926705,3,0.124335,0,80,80,146,1,stimuli/objects/martiniglass01b.jpg,left,old,147,,,,,,,,
,,,,,,,,6,2020-10-15_16h28.16.420,premce_ses-02_part-02_label-phase2,2020.1.2,Win32,60,left,1.091475,4,0.042305,0,81,81,71,1,stimuli/objects/bikelock.jpg,left,old,72,,,,,,,,
,,,,,,,,6,2020-10-15_16h28.16.420,premce_ses-02_part-02_label-phase2,2020.1.2,Win32,60,left,1.001675,2,0.1671,0,82,82,8,1,stimuli/objects/treadmill.jpg,left,old,9,,,,,,,,
,,,,,,,,6,2020-10-15_16h28.16.420,premce_ses-02_part-02_label-phase2,2020.1.2,Win32,60,left,1.75121,3,0.43474,0,83,83,88,1,stimuli/objects/bison.jpg,left,old,89,,,,,,,,
,,,,,,,,6,2020-10-15_16h28.16.420,premce_ses-02_part-02_label-phase2,2020.1.2,Win32,60,left,1.11831,4,0.068675,0,84,84,76,1,stimuli/objects/dromedary.jpg,left,old,77,,,,,,,,
,,,,,,,,6,2020-10-15_16h28.16.420,premce_ses-02_part-02_label-phase2,2020.1.2,Win32,60,right,0.76557,3,0.11963,0,85,85,86,1,stimuli/objects/gorilla.jpg,right,new,87,,,,,,,,
,,,,,,,,6,2020-10-15_16h28.16.420,premce_ses-02_part-02_label-phase2,2020.1.2,Win32,60,right,3.03257,2,1.179215,0,86,86,91,1,stimuli/objects/airhockeytable.jpg,right,new,92,,,,,,,,
,,,,,,,,6,2020-10-15_16h28.16.420,premce_ses-02_part-02_label-phase2,2020.1.2,Win32,60,right,1.92969,3,0.366615,0,87,87,96,1,stimuli/objects/pin.jpg,right,new,97,,,,,,,,
,,,,,,,,6,2020-10-15_16h28.16.420,premce_ses-02_part-02_label-phase2,2020.1.2,Win32,60,left,1.07743,4,0.021325,0,88,88,107,1,stimuli/objects/candycane01a.jpg,left,old,108,,,,,,,,
,,,,,,,,6,2020-10-15_16h28.16.420,premce_ses-02_part-02_label-phase2,2020.1.2,Win32,60,left,5.844,3,0.01707,0,89,89,118,1,stimuli/objects/cruiseship.jpg,left,old,119,,,,,,,,
,,,,,,,,6,2020-10-15_16h28.16.420,premce_ses-02_part-02_label-phase2,2020.1.2,Win32,60,left,0.827225,4,0.101805,0,90,90,27,1,stimuli/objects/fingerprint.jpg,left,old,28,,,,,,,,
,,,,,,,,6,2020-10-15_16h28.16.420,premce_ses-02_part-02_label-phase2,2020.1.2,Win32,60,right,2.82976,3,0.146575,0,91,91,142,1,stimuli/objects/cow.jpg,right,new,143,,,,,,,,
,,,,,,,,6,2020-10-15_16h28.16.420,premce_ses-02_part-02_label-phase2,2020.1.2,Win32,60,left,0.75937,4,0.03778,0,92,92,85,1,stimuli/objects/frisbee.jpg,left,old,86,,,,,,,,
,,,,,,,,6,2020-10-15_16h28.16.420,premce_ses-02_part-02_label-phase2,2020.1.2,Win32,60,left,1.185115,3,0.041015,0,93,93,19,1,stimuli/objects/peacock.jpg,right,new,20,,,,,,,,
,,,,,,,,6,2020-10-15_16h28.16.420,premce_ses-02_part-02_label-phase2,2020.1.2,Win32,60,right,1.17031,3,0.05419,0,94,94,66,1,stimuli/objects/desktopcomputer.jpg,left,old,67,,,,,,,,
,,,,,,,,6,2020-10-15_16h28.16.420,premce_ses-02_part-02_label-phase2,2020.1.2,Win32,60,right,1.619935,2,0.33671,0,95,95,63,1,stimuli/objects/rose.jpg,right,new,64,,,,,,,,
,,,,,,,,6,2020-10-15_16h28.16.420,premce_ses-02_part-02_label-phase2,2020.1.2,Win32,60,left,0.903025,3,0.37199,0,96,96,79,1,stimuli/objects/jellybean.jpg,left,old,80,,,,,,,,
,,,,,,,,6,2020-10-15_16h28.16.420,premce_ses-02_part-02_label-phase2,2020.1.2,Win32,60,right,1.076445,4,0.13767,0,97,97,47,1,stimuli/objects/ant.jpg,right,new,48,,,,,,,,
,,,,,,,,6,2020-10-15_16h28.16.420,premce_ses-02_part-02_label-phase2,2020.1.2,Win32,60,left,1.33471,3,0.037215,0,98,98,60,1,stimuli/objects/worldmap.jpg,left,old,61,,,,,,,,
,,,,,,,,6,2020-10-15_16h28.16.420,premce_ses-02_part-02_label-phase2,2020.1.2,Win32,60,left,2.129255,1,0.283325,0,99,99,104,1,stimuli/objects/sledgehammer.jpg,right,new,105,,,,,,,,
,,,,,,,,6,2020-10-15_16h28.16.420,premce_ses-02_part-02_label-phase2,2020.1.2,Win32,60,left,1.14782,4,0.0876,0,100,100,144,1,stimuli/objects/eyepatch.jpg,left,old,145,,,,,,,,
,,,,,,,,6,2020-10-15_16h28.16.420,premce_ses-02_part-02_label-phase2,2020.1.2,Win32,60,left,0.721495,4,0.08772,0,101,101,61,1,stimuli/objects/birdnest.jpg,left,old,62,,,,,,,,
,,,,,,,,6,2020-10-15_16h28.16.420,premce_ses-02_part-02_label-phase2,2020.1.2,Win32,60,left,0.97736,4,0.27171,0,102,102,37,1,stimuli/objects/donut.jpg,left,old,38,,,,,,,,
,,,,,,,,6,2020-10-15_16h28.16.420,premce_ses-02_part-02_label-phase2,2020.1.2,Win32,60,left,0.93159,4,0.05396,0,103,103,108,1,stimuli/objects/brassknuckle.jpg,left,old,109,,,,,,,,
,,,,,,,,6,2020-10-15_16h28.16.420,premce_ses-02_part-02_label-phase2,2020.1.2,Win32,60,right,1.408035,3,0.22093,0,104,104,109,1,stimuli/objects/bathtub.jpg,right,new,110,,,,,,,,
,,,,,,,,6,2020-10-15_16h28.16.420,premce_ses-02_part-02_label-phase2,2020.1.2,Win32,60,right,1.287855,2,0.181815,0,105,105,53,1,stimuli/objects/rooster.jpg,right,new,54,,,,,,,,
,,,,,,,,6,2020-10-15_16h28.16.420,premce_ses-02_part-02_label-phase2,2020.1.2,Win32,60,left,1.20218,2,0.000555,0,106,106,149,1,stimuli/objects/electrictoothbrush01c.jpg,right,new,150,,,,,,,,
,,,,,,,,6,2020-10-15_16h28.16.420,premce_ses-02_part-02_label-phase2,2020.1.2,Win32,60,left,1.11291,3,0.458255,0,107,107,120,1,stimuli/objects/mortarandpestle.jpg,left,old,121,,,,,,,,
,,,,,,,,6,2020-10-15_16h28.16.420,premce_ses-02_part-02_label-phase2,2020.1.2,Win32,60,right,7.934175,3,0.114305,0,108,108,21,1,stimuli/objects/hockeypuck.jpg,left,old,22,,,,,,,,
,,,,,,,,6,2020-10-15_16h28.16.420,premce_ses-02_part-02_label-phase2,2020.1.2,Win32,60,right,1.285585,1,0.588055,0,109,109,155,1,stimuli/objects/trombone.jpg,right,new,156,,,,,,,,
,,,,,,,,6,2020-10-15_16h28.16.420,premce_ses-02_part-02_label-phase2,2020.1.2,Win32,60,right,1.760495,2,0.301225,0,110,110,1,1,stimuli/objects/key07.jpg,right,new,2,,,,,,,,
,,,,,,,,6,2020-10-15_16h28.16.420,premce_ses-02_part-02_label-phase2,2020.1.2,Win32,60,right,1.609065,2,1.8962,0,111,111,42,1,stimuli/objects/bowlingball.jpg,right,new,43,,,,,,,,
,,,,,,,,6,2020-10-15_16h28.16.420,premce_ses-02_part-02_label-phase2,2020.1.2,Win32,60,left,1.48891,3,0.54655,0,112,112,159,1,stimuli/objects/parrot01.jpg,left,old,160,,,,,,,,
,,,,,,,,6,2020-10-15_16h28.16.420,premce_ses-02_part-02_label-phase2,2020.1.2,Win32,60,left,1.14546,2,0.093185,0,113,113,99,1,stimuli/objects/cactus.jpg,left,old,100,,,,,,,,
,,,,,,,,6,2020-10-15_16h28.16.420,premce_ses-02_part-02_label-phase2,2020.1.2,Win32,60,right,1.02611,3,0.088,0,114,114,58,1,stimuli/objects/file.jpg,right,new,59,,,,,,,,
,,,,,,,,6,2020-10-15_16h28.16.420,premce_ses-02_part-02_label-phase2,2020.1.2,Win32,60,right,0.963385,2,0.411915,0,115,115,84,1,stimuli/objects/diploma02.jpg,left,old,85,,,,,,,,
,,,,,,,,6,2020-10-15_16h28.16.420,premce_ses-02_part-02_label-phase2,2020.1.2,Win32,60,right,2.187415,3,0.4326,0,116,116,101,1,stimuli/objects/wheelchair.jpg,left,old,102,,,,,,,,
,,,,,,,,6,2020-10-15_16h28.16.420,premce_ses-02_part-02_label-phase2,2020.1.2,Win32,60,right,1.27158,4,0.05365,0,117,117,41,1,stimuli/objects/spiderweb.jpg,right,new,42,,,,,,,,
,,,,,,,,6,2020-10-15_16h28.16.420,premce_ses-02_part-02_label-phase2,2020.1.2,Win32,60,right,1.17089,3,0.5332,0,118,118,126,1,stimuli/objects/toynutcracker.jpg,right,new,127,,,,,,,,
,,,,,,,,6,2020-10-15_16h28.16.420,premce_ses-02_part-02_label-phase2,2020.1.2,Win32,60,right,1.00821,3,0.10441,0,119,119,4,1,stimuli/objects/zipper.jpg,right,new,5,,,,,,,,
,,,,,,,,6,2020-10-15_16h28.16.420,premce_ses-02_part-02_label-phase2,2020.1.2,Win32,60,left,1.10407,2,0.000695,0,120,120,31,1,stimuli/objects/faucet.jpg,right,new,32,,,,,,,,
,,,,,,,,6,2020-10-15_16h28.16.420,premce_ses-02_part-02_label-phase2,2020.1.2,Win32,60,left,1.022745,3,0.154335,0,121,121,100,1,stimuli/objects/baseballbat.jpg,left,old,101,,,,,,,,
,,,,,,,,6,2020-10-15_16h28.16.420,premce_ses-02_part-02_label-phase2,2020.1.2,Win32,60,right,1.56398,2,0.137545,0,122,122,141,1,stimuli/objects/lintroller.jpg,left,old,142,,,,,,,,
,,,,,,,,6,2020-10-15_16h28.16.420,premce_ses-02_part-02_label-phase2,2020.1.2,Win32,60,right,1.046375,3,0.1411,0,123,123,127,1,stimuli/objects/macaroni01.jpg,right,new,128,,,,,,,,
,,,,,,,,6,2020-10-15_16h28.16.420,premce_ses-02_part-02_label-phase2,2020.1.2,Win32,60,left,0.89125,4,0.874065,0,124,124,147,1,stimuli/objects/panda.jpg,left,old,148,,,,,,,,
,,,,,,,,6,2020-10-15_16h28.16.420,premce_ses-02_part-02_label-phase2,2020.1.2,Win32,60,left,1.85699,2,0.28323,0,125,125,115,1,stimuli/objects/bleachers.jpg,left,old,116,,,,,,,,
,,,,,,,,6,2020-10-15_16h28.16.420,premce_ses-02_part-02_label-phase2,2020.1.2,Win32,60,left,1.12279,4,0.0399,0,126,126,143,1,stimuli/objects/turnstile.jpg,left,old,144,,,,,,,,
,,,,,,,,6,2020-10-15_16h28.16.420,premce_ses-02_part-02_label-phase2,2020.1.2,Win32,60,right,0.868775,3,0.149345,0,127,127,93,1,stimuli/objects/pirateflag.jpg,right,new,94,,,,,,,,
,,,,,,,,6,2020-10-15_16h28.16.420,premce_ses-02_part-02_label-phase2,2020.1.2,Win32,60,right,1.22021,1,0.3902,0,128,128,39,1,stimuli/objects/fridge.jpg,left,old,40,,,,,,,,
,,,,,,,,6,2020-10-15_16h28.16.420,premce_ses-02_part-02_label-phase2,2020.1.2,Win32,60,right,1.648475,3,0.094025,0,129,129,68,1,stimuli/objects/ipad02.jpg,right,new,69,,,,,,,,
,,,,,,,,6,2020-10-15_16h28.16.420,premce_ses-02_part-02_label-phase2,2020.1.2,Win32,60,left,2.94282,3,0.01846,0,130,130,59,1,stimuli/objects/forklift.jpg,left,old,60,,,,,,,,
,,,,,,,,6,2020-10-15_16h28.16.420,premce_ses-02_part-02_label-phase2,2020.1.2,Win32,60,right,1.340695,3,0.000585,0,131,131,11,1,stimuli/objects/footballhelmet.jpg,left,old,12,,,,,,,,
,,,,,,,,6,2020-10-15_16h28.16.420,premce_ses-02_part-02_label-phase2,2020.1.2,Win32,60,left,0.765635,4,0.062575,0,132,132,29,1,stimuli/objects/tombstone.jpg,left,old,30,,,,,,,,
,,,,,,,,6,2020-10-15_16h28.16.420,premce_ses-02_part-02_label-phase2,2020.1.2,Win32,60,left,1.10108,2,0.06369,0,133,133,98,1,stimuli/objects/well.jpg,left,old,99,,,,,,,,
,,,,,,,,6,2020-10-15_16h28.16.420,premce_ses-02_part-02_label-phase2,2020.1.2,Win32,60,right,0.925145,3,0.07794,0,134,134,46,1,stimuli/objects/coffeemachine.jpg,right,new,47,,,,,,,,
,,,,,,,,6,2020-10-15_16h28.16.420,premce_ses-02_part-02_label-phase2,2020.1.2,Win32,60,right,1.863855,2,0.305855,0,135,135,114,1,stimuli/objects/tie02.jpg,left,old,115,,,,,,,,
,,,,,,,,6,2020-10-15_16h28.16.420,premce_ses-02_part-02_label-phase2,2020.1.2,Win32,60,left,1.56897,2,0.40473,0,136,136,78,1,stimuli/objects/exitsign.jpg,left,old,79,,,,,,,,
,,,,,,,,6,2020-10-15_16h28.16.420,premce_ses-02_part-02_label-phase2,2020.1.2,Win32,60,right,1.195485,3,0.126995,0,137,137,38,1,stimuli/objects/coffeemaker.jpg,right,new,39,,,,,,,,
,,,,,,,,6,2020-10-15_16h28.16.420,premce_ses-02_part-02_label-phase2,2020.1.2,Win32,60,right,0.85942,3,0.09908,0,138,138,49,1,stimuli/objects/microphone01.jpg,right,new,50,,,,,,,,
,,,,,,,,6,2020-10-15_16h28.16.420,premce_ses-02_part-02_label-phase2,2020.1.2,Win32,60,right,1.06815,2,0.164395,0,139,139,150,1,stimuli/objects/asianelephant.jpg,left,old,151,,,,,,,,
,,,,,,,,6,2020-10-15_16h28.16.420,premce_ses-02_part-02_label-phase2,2020.1.2,Win32,60,right,1.141025,1,0.59754,0,140,140,92,1,stimuli/objects/athleticsock.jpg,left,old,93,,,,,,,,
,,,,,,,,6,2020-10-15_16h28.16.420,premce_ses-02_part-02_label-phase2,2020.1.2,Win32,60,left,1.435725,2,0.08124,0,141,141,54,1,stimuli/objects/floorlamp.jpg,right,new,55,,,,,,,,
,,,,,,,,6,2020-10-15_16h28.16.420,premce_ses-02_part-02_label-phase2,2020.1.2,Win32,60,left,0.680265,4,0.009265,0,142,142,25,1,stimuli/objects/kiwi03.jpg,left,old,26,,,,,,,,
,,,,,,,,6,2020-10-15_16h28.16.420,premce_ses-02_part-02_label-phase2,2020.1.2,Win32,60,left,0.818095,3,0.070705,0,143,143,28,1,stimuli/objects/seaturtle.jpg,left,old,29,,,,,,,,
,,,,,,,,6,2020-10-15_16h28.16.420,premce_ses-02_part-02_label-phase2,2020.1.2,Win32,60,right,0.705265,2,0.154085,0,144,144,17,1,stimuli/objects/car.jpg,right,new,18,,,,,,,,
,,,,,,,,6,2020-10-15_16h28.16.420,premce_ses-02_part-02_label-phase2,2020.1.2,Win32,60,left,1.81079,2,0.009655,0,145,145,73,1,stimuli/objects/ladybug03.jpg,right,new,74,,,,,,,,
,,,,,,,,6,2020-10-15_16h28.16.420,premce_ses-02_part-02_label-phase2,2020.1.2,Win32,60,left,1.104705,3,0.03865,0,146,146,14,1,stimuli/objects/riverotter.jpg,right,new,15,,,,,,,,
,,,,,,,,6,2020-10-15_16h28.16.420,premce_ses-02_part-02_label-phase2,2020.1.2,Win32,60,right,0.941335,2,0.0292,0,147,147,124,1,stimuli/objects/birdhouse.jpg,right,new,125,,,,,,,,
,,,,,,,,6,2020-10-15_16h28.16.420,premce_ses-02_part-02_label-phase2,2020.1.2,Win32,60,left,1.744565,3,0.423705,0,148,148,139,1,stimuli/objects/callbell.jpg,right,new,140,,,,,,,,
,,,,,,,,6,2020-10-15_16h28.16.420,premce_ses-02_part-02_label-phase2,2020.1.2,Win32,60,right,1.06591,4,0.181715,0,149,149,23,1,stimuli/objects/bat.jpg,right,new,24,,,,,,,,
,,,,,,,,6,2020-10-15_16h28.16.420,premce_ses-02_part-02_label-phase2,2020.1.2,Win32,60,right,1.365725,3,0.066495,0,150,150,6,1,stimuli/objects/trojanhorse.jpg,right,new,7,,,,,,,,
,,,,,,,,6,2020-10-15_16h28.16.420,premce_ses-02_part-02_label-phase2,2020.1.2,Win32,60,left,2.058385,1,0.10969,0,151,151,145,1,stimuli/objects/ironingboard01.jpg,right,new,146,,,,,,,,
,,,,,,,,6,2020-10-15_16h28.16.420,premce_ses-02_part-02_label-phase2,2020.1.2,Win32,60,right,1.22932,3,0.46906,0,152,152,102,1,stimuli/objects/sheriffhat.jpg,left,old,103,,,,,,,,
,,,,,,,,6,2020-10-15_16h28.16.420,premce_ses-02_part-02_label-phase2,2020.1.2,Win32,60,left,0.7362,4,0.05719,0,153,153,72,1,stimuli/objects/crown.jpg,left,old,73,,,,,,,,
,,,,,,,,6,2020-10-15_16h28.16.420,premce_ses-02_part-02_label-phase2,2020.1.2,Win32,60,left,1.32078,2,0.02116,0,154,154,16,1,stimuli/objects/cashregister01.jpg,left,old,17,,,,,,,,
,,,,,,,,6,2020-10-15_16h28.16.420,premce_ses-02_part-02_label-phase2,2020.1.2,Win32,60,right,0.79709,3,0.24862,0,155,155,2,1,stimuli/objects/accordion01.jpg,right,new,3,,,,,,,,
,,,,,,,,6,2020-10-15_16h28.16.420,premce_ses-02_part-02_label-phase2,2020.1.2,Win32,60,right,2.19252,3,0.120975,0,156,156,43,1,stimuli/objects/slushiemachine.jpg,right,new,44,,,,,,,,
,,,,,,,,6,2020-10-15_16h28.16.420,premce_ses-02_part-02_label-phase2,2020.1.2,Win32,60,left,1.12428,3,0.039975,0,157,157,116,1,stimuli/objects/gavel.jpg,left,old,117,,,,,,,,
,,,,,,,,6,2020-10-15_16h28.16.420,premce_ses-02_part-02_label-phase2,2020.1.2,Win32,60,right,1.124965,2,0.054525,0,158,158,22,1,stimuli/objects/toasteroven.jpg,right,new,23,,,,,,,,
,,,,,,,,6,2020-10-15_16h28.16.420,premce_ses-02_part-02_label-phase2,2020.1.2,Win32,60,right,0.83587,4,0.48787,0,159,159,131,1,stimuli/objects/funnel.jpg,right,new,132,,,,,,,,
,,,,,,,,6,2020-10-15_16h28.16.420,premce_ses-02_part-02_label-phase2,2020.1.2,Win32,60,,,,,,,,,,,,,,space,3.262295,0,1,1,0,1,ImagesforRecog1.csv
