instructions_loop.thisRepN,instructions_loop.thisTrialN,instructions_loop.thisN,instructions_loop.thisIndex,instructions_loop.ran,text1,text2,text3,participant,date,expName,psychopyVersion,OS,frameRate,recog_resp.keys,recog_resp.rt,conf_resp.keys,conf_resp.rt,recog_loop.thisRepN,recog_loop.thisTrialN,recog_loop.thisN,recog_loop.thisIndex,recog_loop.ran,images,corr_ans,type,order,key_resp_break.keys,key_resp_break.rt,list_loop.thisRepN,list_loop.thisTrialN,list_loop.thisN,list_loop.thisIndex,list_loop.ran,recog_list
0,0,0,0,1,Welcome to the last phase of this experiment!,,Please press the space bar to continue,7,2020-10-20_13h32.53.307,premce_ses-02_part-02_label-phase2,2020.1.2,Win32,60,,,,,,,,,,,,,,,,,,,,,
0,1,1,1,1,,"In this phase, you will see some objects. 

For each object, you should indicate whether you have seen it before during the experiment.

Press LEFT ARROW for YES
Press RIGHT ARROW for NO

",Please press the space bar to continue ,7,2020-10-20_13h32.53.307,premce_ses-02_part-02_label-phase2,2020.1.2,Win32,60,,,,,,,,,,,,,,,,,,,,,
0,2,2,2,1,,"After that, you will be asked how confident you are of your choice.

Please rate the confidence in your choce with the numbers from 1 to 4 of your keyboard. 

The numbers correspond to:

1 = Very unsure
2 = Unsure
3 = Sure
4 = Very Sure",Please press the space bar to continue,7,2020-10-20_13h32.53.307,premce_ses-02_part-02_label-phase2,2020.1.2,Win32,60,,,,,,,,,,,,,,,,,,,,,
,,,,,,,,7,2020-10-20_13h32.53.307,premce_ses-02_part-02_label-phase2,2020.1.2,Win32,60,right,1.6941,2,3.06442,0,0,0,156,1,stimuli/objects/faxmachine.jpg,right,new,317,,,,,,,,
,,,,,,,,7,2020-10-20_13h32.53.307,premce_ses-02_part-02_label-phase2,2020.1.2,Win32,60,left,1.357575,4,1.46529,0,1,1,14,1,stimuli/objects/hockeystick.jpg,left,old,175,,,,,,,,
,,,,,,,,7,2020-10-20_13h32.53.307,premce_ses-02_part-02_label-phase2,2020.1.2,Win32,60,right,1.956255,2,0.74365,0,2,2,92,1,stimuli/objects/buoy.jpg,left,old,253,,,,,,,,
,,,,,,,,7,2020-10-20_13h32.53.307,premce_ses-02_part-02_label-phase2,2020.1.2,Win32,60,left,1.01576,3,0.93845,0,3,3,90,1,stimuli/objects/vacuumcleaner01.jpg,right,new,251,,,,,,,,
,,,,,,,,7,2020-10-20_13h32.53.307,premce_ses-02_part-02_label-phase2,2020.1.2,Win32,60,left,1.082785,3,1.31533,0,4,4,107,1,stimuli/objects/skipole.jpg,left,old,268,,,,,,,,
,,,,,,,,7,2020-10-20_13h32.53.307,premce_ses-02_part-02_label-phase2,2020.1.2,Win32,60,right,1.356805,2,0.96475,0,5,5,52,1,stimuli/objects/drumstick.jpg,right,new,213,,,,,,,,
,,,,,,,,7,2020-10-20_13h32.53.307,premce_ses-02_part-02_label-phase2,2020.1.2,Win32,60,right,1.03934,2,0.846405,0,6,6,68,1,stimuli/objects/sailboat.jpg,right,new,229,,,,,,,,
,,,,,,,,7,2020-10-20_13h32.53.307,premce_ses-02_part-02_label-phase2,2020.1.2,Win32,60,right,0.900435,2,1.21237,0,7,7,112,1,stimuli/objects/scorpion.jpg,right,new,273,,,,,,,,
,,,,,,,,7,2020-10-20_13h32.53.307,premce_ses-02_part-02_label-phase2,2020.1.2,Win32,60,right,0.83824,2,0.834195,0,8,8,65,1,stimuli/objects/armchair02.jpg,right,new,226,,,,,,,,
,,,,,,,,7,2020-10-20_13h32.53.307,premce_ses-02_part-02_label-phase2,2020.1.2,Win32,60,left,0.79535,4,0.86848,0,9,9,53,1,stimuli/objects/ear.jpg,left,old,214,,,,,,,,
,,,,,,,,7,2020-10-20_13h32.53.307,premce_ses-02_part-02_label-phase2,2020.1.2,Win32,60,right,1.14225,2,0.661205,0,10,10,142,1,stimuli/objects/curtain.jpg,right,new,303,,,,,,,,
,,,,,,,,7,2020-10-20_13h32.53.307,premce_ses-02_part-02_label-phase2,2020.1.2,Win32,60,right,0.86392,2,0.911245,0,11,11,11,1,stimuli/objects/nunchuk.jpg,right,new,172,,,,,,,,
,,,,,,,,7,2020-10-20_13h32.53.307,premce_ses-02_part-02_label-phase2,2020.1.2,Win32,60,left,1.41634,3,1.11212,0,12,12,72,1,stimuli/objects/shoppingcart.jpg,left,old,233,,,,,,,,
,,,,,,,,7,2020-10-20_13h32.53.307,premce_ses-02_part-02_label-phase2,2020.1.2,Win32,60,right,0.797415,2,0.6482,0,13,13,5,1,stimuli/objects/morningstar.jpg,right,new,166,,,,,,,,
,,,,,,,,7,2020-10-20_13h32.53.307,premce_ses-02_part-02_label-phase2,2020.1.2,Win32,60,left,1.031365,3,0.8054,0,14,14,91,1,stimuli/objects/lawnmower.jpg,right,new,252,,,,,,,,
,,,,,,,,7,2020-10-20_13h32.53.307,premce_ses-02_part-02_label-phase2,2020.1.2,Win32,60,right,0.924905,2,0.88357,0,15,15,86,1,stimuli/objects/masquerademask01.jpg,right,new,247,,,,,,,,
,,,,,,,,7,2020-10-20_13h32.53.307,premce_ses-02_part-02_label-phase2,2020.1.2,Win32,60,right,0.744455,2,0.482825,0,16,16,73,1,stimuli/objects/barrel01.jpg,left,old,234,,,,,,,,
,,,,,,,,7,2020-10-20_13h32.53.307,premce_ses-02_part-02_label-phase2,2020.1.2,Win32,60,right,0.85443,2,0.45715,0,17,17,7,1,stimuli/objects/sink.jpg,right,new,168,,,,,,,,
,,,,,,,,7,2020-10-20_13h32.53.307,premce_ses-02_part-02_label-phase2,2020.1.2,Win32,60,left,0.86917,2,1.240165,0,18,18,89,1,stimuli/objects/bowlingpin.jpg,left,old,250,,,,,,,,
,,,,,,,,7,2020-10-20_13h32.53.307,premce_ses-02_part-02_label-phase2,2020.1.2,Win32,60,right,0.66015,2,0.60534,0,19,19,62,1,stimuli/objects/sandbarshark.jpg,right,new,223,,,,,,,,
,,,,,,,,7,2020-10-20_13h32.53.307,premce_ses-02_part-02_label-phase2,2020.1.2,Win32,60,right,0.79902,2,0.302885,0,20,20,19,1,stimuli/objects/chimney.jpg,right,new,180,,,,,,,,
,,,,,,,,7,2020-10-20_13h32.53.307,premce_ses-02_part-02_label-phase2,2020.1.2,Win32,60,left,0.71302,4,0.38663,0,21,21,57,1,stimuli/objects/pumpkin.jpg,left,old,218,,,,,,,,
,,,,,,,,7,2020-10-20_13h32.53.307,premce_ses-02_part-02_label-phase2,2020.1.2,Win32,60,left,1.46822,2,1.570805,0,22,22,74,1,stimuli/objects/noparkingsign.jpg,right,new,235,,,,,,,,
,,,,,,,,7,2020-10-20_13h32.53.307,premce_ses-02_part-02_label-phase2,2020.1.2,Win32,60,left,0.829275,4,0.35752,0,23,23,153,1,stimuli/objects/toysoldier01b.jpg,left,old,314,,,,,,,,
,,,,,,,,7,2020-10-20_13h32.53.307,premce_ses-02_part-02_label-phase2,2020.1.2,Win32,60,right,0.93406,2,0.740005,0,24,24,133,1,stimuli/objects/kneepad01c.jpg,left,old,294,,,,,,,,
,,,,,,,,7,2020-10-20_13h32.53.307,premce_ses-02_part-02_label-phase2,2020.1.2,Win32,60,left,1.217355,2,0.979935,0,25,25,23,1,stimuli/objects/flugglehorn.jpg,left,old,184,,,,,,,,
,,,,,,,,7,2020-10-20_13h32.53.307,premce_ses-02_part-02_label-phase2,2020.1.2,Win32,60,right,0.77044,2,0.328015,0,26,26,159,1,stimuli/objects/shovel01.jpg,left,old,320,,,,,,,,
,,,,,,,,7,2020-10-20_13h32.53.307,premce_ses-02_part-02_label-phase2,2020.1.2,Win32,60,left,1.08317,4,0.38027,0,27,27,121,1,stimuli/objects/musicsheet.jpg,left,old,282,,,,,,,,
,,,,,,,,7,2020-10-20_13h32.53.307,premce_ses-02_part-02_label-phase2,2020.1.2,Win32,60,right,1.05582,2,0.609035,0,28,28,78,1,stimuli/objects/smartboard.jpg,right,new,239,,,,,,,,
,,,,,,,,7,2020-10-20_13h32.53.307,premce_ses-02_part-02_label-phase2,2020.1.2,Win32,60,left,1.74629,2,0.41726,0,29,29,85,1,stimuli/objects/gong.jpg,right,new,246,,,,,,,,
,,,,,,,,7,2020-10-20_13h32.53.307,premce_ses-02_part-02_label-phase2,2020.1.2,Win32,60,left,0.791375,4,0.667365,0,30,30,47,1,stimuli/objects/jellyfish.jpg,left,old,208,,,,,,,,
,,,,,,,,7,2020-10-20_13h32.53.307,premce_ses-02_part-02_label-phase2,2020.1.2,Win32,60,right,0.934805,2,1.36549,0,31,31,152,1,stimuli/objects/waterfall.jpg,right,new,313,,,,,,,,
,,,,,,,,7,2020-10-20_13h32.53.307,premce_ses-02_part-02_label-phase2,2020.1.2,Win32,60,left,0.771325,3,0.74267,0,32,32,2,1,stimuli/objects/shelves.jpg,left,old,163,,,,,,,,
,,,,,,,,7,2020-10-20_13h32.53.307,premce_ses-02_part-02_label-phase2,2020.1.2,Win32,60,left,0.69368,4,0.732485,0,33,33,145,1,stimuli/objects/makiroll.jpg,left,old,306,,,,,,,,
,,,,,,,,7,2020-10-20_13h32.53.307,premce_ses-02_part-02_label-phase2,2020.1.2,Win32,60,left,0.815455,4,0.3979,0,34,34,27,1,stimuli/objects/star.jpg,left,old,188,,,,,,,,
,,,,,,,,7,2020-10-20_13h32.53.307,premce_ses-02_part-02_label-phase2,2020.1.2,Win32,60,left,0.833465,4,0.246125,0,35,35,106,1,stimuli/objects/nosmokingsign.jpg,right,new,267,,,,,,,,
,,,,,,,,7,2020-10-20_13h32.53.307,premce_ses-02_part-02_label-phase2,2020.1.2,Win32,60,left,0.90372,4,0.317755,0,36,36,103,1,stimuli/objects/beaver.jpg,left,old,264,,,,,,,,
,,,,,,,,7,2020-10-20_13h32.53.307,premce_ses-02_part-02_label-phase2,2020.1.2,Win32,60,left,1.74142,3,1.04806,0,37,37,80,1,stimuli/objects/parkfountain.jpg,left,old,241,,,,,,,,
,,,,,,,,7,2020-10-20_13h32.53.307,premce_ses-02_part-02_label-phase2,2020.1.2,Win32,60,right,0.84505,2,0.754205,0,38,38,113,1,stimuli/objects/dogsled.jpg,left,old,274,,,,,,,,
,,,,,,,,7,2020-10-20_13h32.53.307,premce_ses-02_part-02_label-phase2,2020.1.2,Win32,60,left,0.80172,4,0.333115,0,39,39,15,1,stimuli/objects/tent.jpg,left,old,176,,,,,,,,
,,,,,,,,7,2020-10-20_13h32.53.307,premce_ses-02_part-02_label-phase2,2020.1.2,Win32,60,left,0.85506,4,0.21295,0,40,40,104,1,stimuli/objects/mirror02.jpg,left,old,265,,,,,,,,
,,,,,,,,7,2020-10-20_13h32.53.307,premce_ses-02_part-02_label-phase2,2020.1.2,Win32,60,left,0.967935,3,0.287335,0,41,41,95,1,stimuli/objects/mouse.jpg,right,new,256,,,,,,,,
,,,,,,,,7,2020-10-20_13h32.53.307,premce_ses-02_part-02_label-phase2,2020.1.2,Win32,60,right,0.79884,2,0.32169,0,42,42,71,1,stimuli/objects/cross01.jpg,right,new,232,,,,,,,,
,,,,,,,,7,2020-10-20_13h32.53.307,premce_ses-02_part-02_label-phase2,2020.1.2,Win32,60,right,0.918695,2,0.21325,0,43,43,76,1,stimuli/objects/snowshovel.jpg,right,new,237,,,,,,,,
,,,,,,,,7,2020-10-20_13h32.53.307,premce_ses-02_part-02_label-phase2,2020.1.2,Win32,60,right,0.761815,2,0.206475,0,44,44,138,1,stimuli/objects/wallclock.jpg,right,new,299,,,,,,,,
,,,,,,,,7,2020-10-20_13h32.53.307,premce_ses-02_part-02_label-phase2,2020.1.2,Win32,60,left,0.941895,4,0.539125,0,45,45,13,1,stimuli/objects/monarchbutterfly.jpg,left,old,174,,,,,,,,
,,,,,,,,7,2020-10-20_13h32.53.307,premce_ses-02_part-02_label-phase2,2020.1.2,Win32,60,right,0.786195,2,0.549905,0,46,46,130,1,stimuli/objects/sausage.jpg,right,new,291,,,,,,,,
,,,,,,,,7,2020-10-20_13h32.53.307,premce_ses-02_part-02_label-phase2,2020.1.2,Win32,60,right,1.369495,2,0.10547,0,47,47,31,1,stimuli/objects/swing.jpg,right,new,192,,,,,,,,
,,,,,,,,7,2020-10-20_13h32.53.307,premce_ses-02_part-02_label-phase2,2020.1.2,Win32,60,right,0.831875,2,0.15327,0,48,48,102,1,stimuli/objects/englishcucumber.jpg,right,new,263,,,,,,,,
,,,,,,,,7,2020-10-20_13h32.53.307,premce_ses-02_part-02_label-phase2,2020.1.2,Win32,60,right,0.692305,2,0.260435,0,49,49,77,1,stimuli/objects/cowbell.jpg,right,new,238,,,,,,,,
,,,,,,,,7,2020-10-20_13h32.53.307,premce_ses-02_part-02_label-phase2,2020.1.2,Win32,60,right,0.65122,2,0.07902,0,50,50,144,1,stimuli/objects/filingcabinet.jpg,right,new,305,,,,,,,,
,,,,,,,,7,2020-10-20_13h32.53.307,premce_ses-02_part-02_label-phase2,2020.1.2,Win32,60,left,1.30687,2,0.379755,0,51,51,98,1,stimuli/objects/pig.jpg,right,new,259,,,,,,,,
,,,,,,,,7,2020-10-20_13h32.53.307,premce_ses-02_part-02_label-phase2,2020.1.2,Win32,60,left,0.841185,4,0.71848,0,52,52,8,1,stimuli/objects/bluejay.jpg,left,old,169,,,,,,,,
,,,,,,,,7,2020-10-20_13h32.53.307,premce_ses-02_part-02_label-phase2,2020.1.2,Win32,60,left,1.616245,3,0.29958,0,53,53,110,1,stimuli/objects/scalpel.jpg,left,old,271,,,,,,,,
,,,,,,,,7,2020-10-20_13h32.53.307,premce_ses-02_part-02_label-phase2,2020.1.2,Win32,60,left,0.768345,3,0.22736,0,54,54,101,1,stimuli/objects/stairs.jpg,left,old,262,,,,,,,,
,,,,,,,,7,2020-10-20_13h32.53.307,premce_ses-02_part-02_label-phase2,2020.1.2,Win32,60,left,1.02129,2,0.154325,0,55,55,120,1,stimuli/objects/soccerball.jpg,left,old,281,,,,,,,,
,,,,,,,,7,2020-10-20_13h32.53.307,premce_ses-02_part-02_label-phase2,2020.1.2,Win32,60,right,0.848395,2,0.25472,0,56,56,0,1,stimuli/objects/ostrich.jpg,right,new,161,,,,,,,,
,,,,,,,,7,2020-10-20_13h32.53.307,premce_ses-02_part-02_label-phase2,2020.1.2,Win32,60,left,1.56406,3,0.31471,0,57,57,122,1,stimuli/objects/crosscountryski.jpg,left,old,283,,,,,,,,
,,,,,,,,7,2020-10-20_13h32.53.307,premce_ses-02_part-02_label-phase2,2020.1.2,Win32,60,right,0.755965,2,0.263365,0,58,58,51,1,stimuli/objects/bus.jpg,left,old,212,,,,,,,,
,,,,,,,,7,2020-10-20_13h32.53.307,premce_ses-02_part-02_label-phase2,2020.1.2,Win32,60,right,0.978845,2,0.26461,0,59,59,16,1,stimuli/objects/cymbal.jpg,right,new,177,,,,,,,,
,,,,,,,,7,2020-10-20_13h32.53.307,premce_ses-02_part-02_label-phase2,2020.1.2,Win32,60,right,0.823545,2,0.109225,0,60,60,69,1,stimuli/objects/banjo.jpg,right,new,230,,,,,,,,
,,,,,,,,7,2020-10-20_13h32.53.307,premce_ses-02_part-02_label-phase2,2020.1.2,Win32,60,right,0.75736,2,0.187815,0,61,61,48,1,stimuli/objects/fishskeleton.jpg,right,new,209,,,,,,,,
,,,,,,,,7,2020-10-20_13h32.53.307,premce_ses-02_part-02_label-phase2,2020.1.2,Win32,60,right,0.92162,2,0.099505,0,62,62,35,1,stimuli/objects/eiffeltower.jpg,right,new,196,,,,,,,,
,,,,,,,,7,2020-10-20_13h32.53.307,premce_ses-02_part-02_label-phase2,2020.1.2,Win32,60,left,0.98742,3,0.212055,0,63,63,44,1,stimuli/objects/canoepaddle02.jpg,left,old,205,,,,,,,,
,,,,,,,,7,2020-10-20_13h32.53.307,premce_ses-02_part-02_label-phase2,2020.1.2,Win32,60,left,0.99151,4,0.325585,0,64,64,60,1,stimuli/objects/dormer.jpg,left,old,221,,,,,,,,
,,,,,,,,7,2020-10-20_13h32.53.307,premce_ses-02_part-02_label-phase2,2020.1.2,Win32,60,right,0.900935,2,0.216975,0,65,65,94,1,stimuli/objects/cormorant.jpg,right,new,255,,,,,,,,
,,,,,,,,7,2020-10-20_13h32.53.307,premce_ses-02_part-02_label-phase2,2020.1.2,Win32,60,left,0.86158,4,0.40613,0,66,66,150,1,stimuli/objects/urinal.jpg,left,old,311,,,,,,,,
,,,,,,,,7,2020-10-20_13h32.53.307,premce_ses-02_part-02_label-phase2,2020.1.2,Win32,60,right,0.74832,2,0.135015,0,67,67,17,1,stimuli/objects/mrpotatohead.jpg,right,new,178,,,,,,,,
,,,,,,,,7,2020-10-20_13h32.53.307,premce_ses-02_part-02_label-phase2,2020.1.2,Win32,60,left,1.750105,4,0.31459,0,68,68,34,1,stimuli/objects/sandcastle.jpg,left,old,195,,,,,,,,
,,,,,,,,7,2020-10-20_13h32.53.307,premce_ses-02_part-02_label-phase2,2020.1.2,Win32,60,right,0.826765,2,0.24067,0,69,69,36,1,stimuli/objects/recyclingbin.jpg,right,new,197,,,,,,,,
,,,,,,,,7,2020-10-20_13h32.53.307,premce_ses-02_part-02_label-phase2,2020.1.2,Win32,60,right,0.80205,2,0.31695,0,70,70,38,1,stimuli/objects/bull.jpg,right,new,199,,,,,,,,
,,,,,,,,7,2020-10-20_13h32.53.307,premce_ses-02_part-02_label-phase2,2020.1.2,Win32,60,left,0.96686,3,0.6804,0,71,71,9,1,stimuli/objects/dolphin01.jpg,left,old,170,,,,,,,,
,,,,,,,,7,2020-10-20_13h32.53.307,premce_ses-02_part-02_label-phase2,2020.1.2,Win32,60,right,2.03354,2,0.334105,0,72,72,41,1,stimuli/objects/salmon.jpg,right,new,202,,,,,,,,
,,,,,,,,7,2020-10-20_13h32.53.307,premce_ses-02_part-02_label-phase2,2020.1.2,Win32,60,left,1.3642,3,0.24984,0,73,73,132,1,stimuli/objects/duck01.jpg,right,new,293,,,,,,,,
,,,,,,,,7,2020-10-20_13h32.53.307,premce_ses-02_part-02_label-phase2,2020.1.2,Win32,60,left,0.920505,3,0.26211,0,74,74,109,1,stimuli/objects/spaghetti01.jpg,left,old,270,,,,,,,,
,,,,,,,,7,2020-10-20_13h32.53.307,premce_ses-02_part-02_label-phase2,2020.1.2,Win32,60,left,0.92429,4,0.34701,0,75,75,25,1,stimuli/objects/beehive.jpg,left,old,186,,,,,,,,
,,,,,,,,7,2020-10-20_13h32.53.307,premce_ses-02_part-02_label-phase2,2020.1.2,Win32,60,left,0.79587,4,0.102245,0,76,76,117,1,stimuli/objects/cloud.jpg,left,old,278,,,,,,,,
,,,,,,,,7,2020-10-20_13h32.53.307,premce_ses-02_part-02_label-phase2,2020.1.2,Win32,60,right,0.954205,2,0.32147,0,77,77,139,1,stimuli/objects/floortile02.jpg,right,new,300,,,,,,,,
,,,,,,,,7,2020-10-20_13h32.53.307,premce_ses-02_part-02_label-phase2,2020.1.2,Win32,60,right,1.560085,3,1.36355,0,78,78,58,1,stimuli/objects/shipinabottle.jpg,right,new,219,,,,,,,,
,,,,,,,,7,2020-10-20_13h32.53.307,premce_ses-02_part-02_label-phase2,2020.1.2,Win32,60,left,1.61767,4,0.29673,0,79,79,137,1,stimuli/objects/jackrabbit.jpg,left,old,298,,,,,,,,
,,,,,,,,7,2020-10-20_13h32.53.307,premce_ses-02_part-02_label-phase2,2020.1.2,Win32,60,right,0.82876,2,0.329185,0,80,80,56,1,stimuli/objects/bumpercar.jpg,right,new,217,,,,,,,,
,,,,,,,,7,2020-10-20_13h32.53.307,premce_ses-02_part-02_label-phase2,2020.1.2,Win32,60,right,0.916705,3,0.627565,0,81,81,39,1,stimuli/objects/stroller.jpg,left,old,200,,,,,,,,
,,,,,,,,7,2020-10-20_13h32.53.307,premce_ses-02_part-02_label-phase2,2020.1.2,Win32,60,left,1.116935,3,0.13164,0,82,82,45,1,stimuli/objects/dolly01.jpg,right,new,206,,,,,,,,
,,,,,,,,7,2020-10-20_13h32.53.307,premce_ses-02_part-02_label-phase2,2020.1.2,Win32,60,right,1.14977,2,0.406785,0,83,83,49,1,stimuli/objects/moon.jpg,right,new,210,,,,,,,,
,,,,,,,,7,2020-10-20_13h32.53.307,premce_ses-02_part-02_label-phase2,2020.1.2,Win32,60,left,1.845005,2,0.639775,0,84,84,37,1,stimuli/objects/pigeon.jpg,left,old,198,,,,,,,,
,,,,,,,,7,2020-10-20_13h32.53.307,premce_ses-02_part-02_label-phase2,2020.1.2,Win32,60,right,1.236345,3,0.772035,0,85,85,75,1,stimuli/objects/snowshoe.jpg,right,new,236,,,,,,,,
,,,,,,,,7,2020-10-20_13h32.53.307,premce_ses-02_part-02_label-phase2,2020.1.2,Win32,60,right,1.94544,3,0.41456,0,86,86,136,1,stimuli/objects/platypus.jpg,right,new,297,,,,,,,,
,,,,,,,,7,2020-10-20_13h32.53.307,premce_ses-02_part-02_label-phase2,2020.1.2,Win32,60,left,1.165315,3,0.690765,0,87,87,29,1,stimuli/objects/showerhead01.jpg,left,old,190,,,,,,,,
,,,,,,,,7,2020-10-20_13h32.53.307,premce_ses-02_part-02_label-phase2,2020.1.2,Win32,60,left,1.112645,4,0.3512,0,88,88,84,1,stimuli/objects/musicstand.jpg,left,old,245,,,,,,,,
,,,,,,,,7,2020-10-20_13h32.53.307,premce_ses-02_part-02_label-phase2,2020.1.2,Win32,60,right,0.68893,3,1.10342,0,89,89,43,1,stimuli/objects/tricycle.jpg,left,old,204,,,,,,,,
,,,,,,,,7,2020-10-20_13h32.53.307,premce_ses-02_part-02_label-phase2,2020.1.2,Win32,60,right,1.049845,2,0.429745,0,90,90,1,1,stimuli/objects/bridge.jpg,right,new,162,,,,,,,,
,,,,,,,,7,2020-10-20_13h32.53.307,premce_ses-02_part-02_label-phase2,2020.1.2,Win32,60,right,0.96014,3,0.957185,0,91,91,128,1,stimuli/objects/tricornhat.jpg,right,new,289,,,,,,,,
,,,,,,,,7,2020-10-20_13h32.53.307,premce_ses-02_part-02_label-phase2,2020.1.2,Win32,60,right,1.498095,3,0.613535,0,92,92,158,1,stimuli/objects/bed.jpg,left,old,319,,,,,,,,
,,,,,,,,7,2020-10-20_13h32.53.307,premce_ses-02_part-02_label-phase2,2020.1.2,Win32,60,left,1.360285,3,0.43395,0,93,93,40,1,stimuli/objects/porcupine.jpg,left,old,201,,,,,,,,
,,,,,,,,7,2020-10-20_13h32.53.307,premce_ses-02_part-02_label-phase2,2020.1.2,Win32,60,left,1.99758,3,0.108865,0,94,94,32,1,stimuli/objects/seagull.jpg,left,old,193,,,,,,,,
,,,,,,,,7,2020-10-20_13h32.53.307,premce_ses-02_part-02_label-phase2,2020.1.2,Win32,60,right,0.869715,3,0.51294,0,95,95,82,1,stimuli/objects/missile.jpg,right,new,243,,,,,,,,
,,,,,,,,7,2020-10-20_13h32.53.307,premce_ses-02_part-02_label-phase2,2020.1.2,Win32,60,right,1.112035,3,0.916045,0,96,96,46,1,stimuli/objects/kite.jpg,right,new,207,,,,,,,,
,,,,,,,,7,2020-10-20_13h32.53.307,premce_ses-02_part-02_label-phase2,2020.1.2,Win32,60,right,1.14421,2,0.43162,0,97,97,135,1,stimuli/objects/toiletbrush.jpg,right,new,296,,,,,,,,
,,,,,,,,7,2020-10-20_13h32.53.307,premce_ses-02_part-02_label-phase2,2020.1.2,Win32,60,right,0.933815,1,1.37945,0,98,98,87,1,stimuli/objects/gazebo.jpg,left,old,248,,,,,,,,
,,,,,,,,7,2020-10-20_13h32.53.307,premce_ses-02_part-02_label-phase2,2020.1.2,Win32,60,right,2.216095,2,0.364455,0,99,99,26,1,stimuli/objects/cookingpot.jpg,right,new,187,,,,,,,,
,,,,,,,,7,2020-10-20_13h32.53.307,premce_ses-02_part-02_label-phase2,2020.1.2,Win32,60,right,0.849185,2,1.00642,0,100,100,111,1,stimuli/objects/trailer.jpg,right,new,272,,,,,,,,
,,,,,,,,7,2020-10-20_13h32.53.307,premce_ses-02_part-02_label-phase2,2020.1.2,Win32,60,left,1.580235,3,0.330105,0,101,101,93,1,stimuli/objects/moth.jpg,right,new,254,,,,,,,,
,,,,,,,,7,2020-10-20_13h32.53.307,premce_ses-02_part-02_label-phase2,2020.1.2,Win32,60,right,0.849155,3,0.287355,0,102,102,59,1,stimuli/objects/saltshaker03a.jpg,right,new,220,,,,,,,,
,,,,,,,,7,2020-10-20_13h32.53.307,premce_ses-02_part-02_label-phase2,2020.1.2,Win32,60,left,1.057455,4,0.616455,0,103,103,97,1,stimuli/objects/blackolive.jpg,left,old,258,,,,,,,,
,,,,,,,,7,2020-10-20_13h32.53.307,premce_ses-02_part-02_label-phase2,2020.1.2,Win32,60,left,1.049725,4,0.263385,0,104,104,155,1,stimuli/objects/popcorn.jpg,left,old,316,,,,,,,,
,,,,,,,,7,2020-10-20_13h32.53.307,premce_ses-02_part-02_label-phase2,2020.1.2,Win32,60,right,0.90519,3,0.731285,0,105,105,108,1,stimuli/objects/boxingglove01.jpg,right,new,269,,,,,,,,
,,,,,,,,7,2020-10-20_13h32.53.307,premce_ses-02_part-02_label-phase2,2020.1.2,Win32,60,right,1.48595,3,0.50306,0,106,106,3,1,stimuli/objects/pitchfork.jpg,right,new,164,,,,,,,,
,,,,,,,,7,2020-10-20_13h32.53.307,premce_ses-02_part-02_label-phase2,2020.1.2,Win32,60,right,0.967845,3,0.53636,0,107,107,12,1,stimuli/objects/safe.jpg,right,new,173,,,,,,,,
,,,,,,,,7,2020-10-20_13h32.53.307,premce_ses-02_part-02_label-phase2,2020.1.2,Win32,60,left,0.93076,4,0.55572,0,108,108,105,1,stimuli/objects/cuttlefish.jpg,left,old,266,,,,,,,,
,,,,,,,,7,2020-10-20_13h32.53.307,premce_ses-02_part-02_label-phase2,2020.1.2,Win32,60,right,1.592255,2,0.28046,0,109,109,141,1,stimuli/objects/parachute.jpg,right,new,302,,,,,,,,
,,,,,,,,7,2020-10-20_13h32.53.307,premce_ses-02_part-02_label-phase2,2020.1.2,Win32,60,right,1.726045,2,0.238985,0,110,110,81,1,stimuli/objects/painting.jpg,right,new,242,,,,,,,,
,,,,,,,,7,2020-10-20_13h32.53.307,premce_ses-02_part-02_label-phase2,2020.1.2,Win32,60,right,1.795165,3,1.755315,0,111,111,147,1,stimuli/objects/hotdog.jpg,right,new,308,,,,,,,,
,,,,,,,,7,2020-10-20_13h32.53.307,premce_ses-02_part-02_label-phase2,2020.1.2,Win32,60,right,1.14583,2,0.449045,0,112,112,129,1,stimuli/objects/treestump.jpg,right,new,290,,,,,,,,
,,,,,,,,7,2020-10-20_13h32.53.307,premce_ses-02_part-02_label-phase2,2020.1.2,Win32,60,right,1.14558,2,0.39105,0,113,113,100,1,stimuli/objects/gps.jpg,right,new,261,,,,,,,,
,,,,,,,,7,2020-10-20_13h32.53.307,premce_ses-02_part-02_label-phase2,2020.1.2,Win32,60,left,2.094545,3,0.282475,0,114,114,4,1,stimuli/objects/bowrake.jpg,right,new,165,,,,,,,,
,,,,,,,,7,2020-10-20_13h32.53.307,premce_ses-02_part-02_label-phase2,2020.1.2,Win32,60,right,1.284555,2,0.28827,0,115,115,118,1,stimuli/objects/trophy01.jpg,left,old,279,,,,,,,,
,,,,,,,,7,2020-10-20_13h32.53.307,premce_ses-02_part-02_label-phase2,2020.1.2,Win32,60,right,1.30057,2,0.14861,0,116,116,18,1,stimuli/objects/discoball.jpg,right,new,179,,,,,,,,
,,,,,,,,7,2020-10-20_13h32.53.307,premce_ses-02_part-02_label-phase2,2020.1.2,Win32,60,left,2.11543,3,0.21996,0,117,117,116,1,stimuli/objects/greywolf.jpg,left,old,277,,,,,,,,
,,,,,,,,7,2020-10-20_13h32.53.307,premce_ses-02_part-02_label-phase2,2020.1.2,Win32,60,left,0.968115,3,0.284115,0,118,118,99,1,stimuli/objects/basketball01.jpg,left,old,260,,,,,,,,
,,,,,,,,7,2020-10-20_13h32.53.307,premce_ses-02_part-02_label-phase2,2020.1.2,Win32,60,left,1.715505,3,0.17412,0,119,119,114,1,stimuli/objects/turkey.jpg,left,old,275,,,,,,,,
,,,,,,,,7,2020-10-20_13h32.53.307,premce_ses-02_part-02_label-phase2,2020.1.2,Win32,60,right,1.51335,3,1.03544,0,120,120,6,1,stimuli/objects/rollerblade.jpg,right,new,167,,,,,,,,
,,,,,,,,7,2020-10-20_13h32.53.307,premce_ses-02_part-02_label-phase2,2020.1.2,Win32,60,left,1.187035,3,0.21414,0,121,121,54,1,stimuli/objects/stepladder.jpg,left,old,215,,,,,,,,
,,,,,,,,7,2020-10-20_13h32.53.307,premce_ses-02_part-02_label-phase2,2020.1.2,Win32,60,left,0.970945,4,0.34902,0,122,122,21,1,stimuli/objects/acorn.jpg,left,old,182,,,,,,,,
,,,,,,,,7,2020-10-20_13h32.53.307,premce_ses-02_part-02_label-phase2,2020.1.2,Win32,60,left,1.229965,4,0.361315,0,123,123,119,1,stimuli/objects/surfboard.jpg,left,old,280,,,,,,,,
,,,,,,,,7,2020-10-20_13h32.53.307,premce_ses-02_part-02_label-phase2,2020.1.2,Win32,60,left,0.97385,4,0.204235,0,124,124,88,1,stimuli/objects/handbrush02.jpg,left,old,249,,,,,,,,
,,,,,,,,7,2020-10-20_13h32.53.307,premce_ses-02_part-02_label-phase2,2020.1.2,Win32,60,left,1.961805,3,0.148785,0,125,125,140,1,stimuli/objects/hammerheadshark.jpg,right,new,301,,,,,,,,
,,,,,,,,7,2020-10-20_13h32.53.307,premce_ses-02_part-02_label-phase2,2020.1.2,Win32,60,right,0.782035,2,0.247075,0,126,126,24,1,stimuli/objects/stool01.jpg,left,old,185,,,,,,,,
,,,,,,,,7,2020-10-20_13h32.53.307,premce_ses-02_part-02_label-phase2,2020.1.2,Win32,60,right,0.942055,3,0.26817,0,127,127,10,1,stimuli/objects/locomotive.jpg,left,old,171,,,,,,,,
,,,,,,,,7,2020-10-20_13h32.53.307,premce_ses-02_part-02_label-phase2,2020.1.2,Win32,60,left,0.83347,4,0.34663,0,128,128,149,1,stimuli/objects/hulahoop.jpg,left,old,310,,,,,,,,
,,,,,,,,7,2020-10-20_13h32.53.307,premce_ses-02_part-02_label-phase2,2020.1.2,Win32,60,right,0.94237,4,1.279185,0,129,129,157,1,stimuli/objects/lip.jpg,right,new,318,,,,,,,,
,,,,,,,,7,2020-10-20_13h32.53.307,premce_ses-02_part-02_label-phase2,2020.1.2,Win32,60,left,1.861145,3,0.347685,0,130,130,143,1,stimuli/objects/squirrel.jpg,right,new,304,,,,,,,,
,,,,,,,,7,2020-10-20_13h32.53.307,premce_ses-02_part-02_label-phase2,2020.1.2,Win32,60,right,0.99167,3,0.694125,0,131,131,125,1,stimuli/objects/chipmunk.jpg,right,new,286,,,,,,,,
,,,,,,,,7,2020-10-20_13h32.53.307,premce_ses-02_part-02_label-phase2,2020.1.2,Win32,60,right,0.92806,2,1.41492,0,132,132,33,1,stimuli/objects/doghouse.jpg,left,old,194,,,,,,,,
,,,,,,,,7,2020-10-20_13h32.53.307,premce_ses-02_part-02_label-phase2,2020.1.2,Win32,60,left,1.646575,2,0.998475,0,133,133,79,1,stimuli/objects/beerbottle.jpg,left,old,240,,,,,,,,
,,,,,,,,7,2020-10-20_13h32.53.307,premce_ses-02_part-02_label-phase2,2020.1.2,Win32,60,left,1.117655,3,0.56688,0,134,134,126,1,stimuli/objects/entrancegate.jpg,left,old,287,,,,,,,,
,,,,,,,,7,2020-10-20_13h32.53.307,premce_ses-02_part-02_label-phase2,2020.1.2,Win32,60,left,1.15833,3,0.098695,0,135,135,67,1,stimuli/objects/golfball.jpg,left,old,228,,,,,,,,
,,,,,,,,7,2020-10-20_13h32.53.307,premce_ses-02_part-02_label-phase2,2020.1.2,Win32,60,right,0.68595,2,0.391975,0,136,136,22,1,stimuli/objects/schoolbus.jpg,right,new,183,,,,,,,,
,,,,,,,,7,2020-10-20_13h32.53.307,premce_ses-02_part-02_label-phase2,2020.1.2,Win32,60,left,1.39176,2,0.14953,0,137,137,42,1,stimuli/objects/electricguitar01.jpg,left,old,203,,,,,,,,
,,,,,,,,7,2020-10-20_13h32.53.307,premce_ses-02_part-02_label-phase2,2020.1.2,Win32,60,right,1.80272,3,0.40071,0,138,138,148,1,stimuli/objects/shield02.jpg,right,new,309,,,,,,,,
,,,,,,,,7,2020-10-20_13h32.53.307,premce_ses-02_part-02_label-phase2,2020.1.2,Win32,60,left,0.901585,4,0.45021,0,139,139,61,1,stimuli/objects/graduationcap.jpg,left,old,222,,,,,,,,
,,,,,,,,7,2020-10-20_13h32.53.307,premce_ses-02_part-02_label-phase2,2020.1.2,Win32,60,left,0.96734,4,0.25255,0,140,140,63,1,stimuli/objects/witchhat.jpg,left,old,224,,,,,,,,
,,,,,,,,7,2020-10-20_13h32.53.307,premce_ses-02_part-02_label-phase2,2020.1.2,Win32,60,left,0.987225,4,0.24634,0,141,141,134,1,stimuli/objects/windturbine.jpg,left,old,295,,,,,,,,
,,,,,,,,7,2020-10-20_13h32.53.307,premce_ses-02_part-02_label-phase2,2020.1.2,Win32,60,right,0.770955,3,0.997555,0,142,142,115,1,stimuli/objects/contactlens.jpg,right,new,276,,,,,,,,
,,,,,,,,7,2020-10-20_13h32.53.307,premce_ses-02_part-02_label-phase2,2020.1.2,Win32,60,right,1.378585,2,0.44284,0,143,143,146,1,stimuli/objects/chainsaw.jpg,left,old,307,,,,,,,,
,,,,,,,,7,2020-10-20_13h32.53.307,premce_ses-02_part-02_label-phase2,2020.1.2,Win32,60,left,1.016845,4,0.349545,0,144,144,83,1,stimuli/objects/redonion.jpg,left,old,244,,,,,,,,
,,,,,,,,7,2020-10-20_13h32.53.307,premce_ses-02_part-02_label-phase2,2020.1.2,Win32,60,left,1.339465,3,0.3534,0,145,145,96,1,stimuli/objects/jeans01.jpg,left,old,257,,,,,,,,
,,,,,,,,7,2020-10-20_13h32.53.307,premce_ses-02_part-02_label-phase2,2020.1.2,Win32,60,right,0.69602,2,0.398485,0,146,146,20,1,stimuli/objects/football.jpg,left,old,181,,,,,,,,
,,,,,,,,7,2020-10-20_13h32.53.307,premce_ses-02_part-02_label-phase2,2020.1.2,Win32,60,right,1.01346,3,0.690385,0,147,147,64,1,stimuli/objects/cupcake.jpg,right,new,225,,,,,,,,
,,,,,,,,7,2020-10-20_13h32.53.307,premce_ses-02_part-02_label-phase2,2020.1.2,Win32,60,right,1.477455,3,0.24038,0,148,148,131,1,stimuli/objects/tablesaw.jpg,left,old,292,,,,,,,,
,,,,,,,,7,2020-10-20_13h32.53.307,premce_ses-02_part-02_label-phase2,2020.1.2,Win32,60,right,0.845165,3,0.44597,0,149,149,154,1,stimuli/objects/guitarcase.jpg,right,new,315,,,,,,,,
,,,,,,,,7,2020-10-20_13h32.53.307,premce_ses-02_part-02_label-phase2,2020.1.2,Win32,60,right,0.928605,3,1.3138,0,150,150,124,1,stimuli/objects/kangaroo01.jpg,right,new,285,,,,,,,,
,,,,,,,,7,2020-10-20_13h32.53.307,premce_ses-02_part-02_label-phase2,2020.1.2,Win32,60,left,1.452135,3,0.250955,0,151,151,50,1,stimuli/objects/honeybee.jpg,left,old,211,,,,,,,,
,,,,,,,,7,2020-10-20_13h32.53.307,premce_ses-02_part-02_label-phase2,2020.1.2,Win32,60,right,0.84309,3,0.598865,0,152,152,66,1,stimuli/objects/tulip02.jpg,right,new,227,,,,,,,,
,,,,,,,,7,2020-10-20_13h32.53.307,premce_ses-02_part-02_label-phase2,2020.1.2,Win32,60,right,1.35851,3,0.24938,0,153,153,127,1,stimuli/objects/jaguar.jpg,left,old,288,,,,,,,,
,,,,,,,,7,2020-10-20_13h32.53.307,premce_ses-02_part-02_label-phase2,2020.1.2,Win32,60,left,1.0414,3,0.09951,0,154,154,70,1,stimuli/objects/fluorescentlightbulb.jpg,right,new,231,,,,,,,,
,,,,,,,,7,2020-10-20_13h32.53.307,premce_ses-02_part-02_label-phase2,2020.1.2,Win32,60,right,0.770175,2,0.170815,0,155,155,28,1,stimuli/objects/freezer02.jpg,right,new,189,,,,,,,,
,,,,,,,,7,2020-10-20_13h32.53.307,premce_ses-02_part-02_label-phase2,2020.1.2,Win32,60,right,1.481915,2,0.151035,0,156,156,123,1,stimuli/objects/zebra.jpg,left,old,284,,,,,,,,
,,,,,,,,7,2020-10-20_13h32.53.307,premce_ses-02_part-02_label-phase2,2020.1.2,Win32,60,right,0.641475,2,0.10612,0,157,157,30,1,stimuli/objects/waterfountain02.jpg,right,new,191,,,,,,,,
,,,,,,,,7,2020-10-20_13h32.53.307,premce_ses-02_part-02_label-phase2,2020.1.2,Win32,60,right,0.75091,2,0.33781,0,158,158,55,1,stimuli/objects/chime.jpg,right,new,216,,,,,,,,
,,,,,,,,7,2020-10-20_13h32.53.307,premce_ses-02_part-02_label-phase2,2020.1.2,Win32,60,left,1.197615,4,0.330055,0,159,159,151,1,stimuli/objects/gecko.jpg,left,old,312,,,,,,,,
,,,,,,,,7,2020-10-20_13h32.53.307,premce_ses-02_part-02_label-phase2,2020.1.2,Win32,60,,,,,,,,,,,,,,space,7.29183,0,0,0,1,1,ImagesforRecog2.csv
,,,,,,,,7,2020-10-20_13h32.53.307,premce_ses-02_part-02_label-phase2,2020.1.2,Win32,60,right,0.885865,2,1.349255,0,0,0,152,1,stimuli/objects/xylophone.jpg,left,old,153,,,,,,,,
,,,,,,,,7,2020-10-20_13h32.53.307,premce_ses-02_part-02_label-phase2,2020.1.2,Win32,60,right,1.299765,3,0.902405,0,1,1,73,1,stimuli/objects/ladybug03.jpg,right,new,74,,,,,,,,
,,,,,,,,7,2020-10-20_13h32.53.307,premce_ses-02_part-02_label-phase2,2020.1.2,Win32,60,left,0.87745,4,0.51372,0,2,2,60,1,stimuli/objects/worldmap.jpg,left,old,61,,,,,,,,
,,,,,,,,7,2020-10-20_13h32.53.307,premce_ses-02_part-02_label-phase2,2020.1.2,Win32,60,right,1.220135,3,0.58896,0,3,3,139,1,stimuli/objects/callbell.jpg,right,new,140,,,,,,,,
,,,,,,,,7,2020-10-20_13h32.53.307,premce_ses-02_part-02_label-phase2,2020.1.2,Win32,60,right,1.042075,3,0.662895,0,4,4,95,1,stimuli/objects/spicerack.jpg,left,old,96,,,,,,,,
,,,,,,,,7,2020-10-20_13h32.53.307,premce_ses-02_part-02_label-phase2,2020.1.2,Win32,60,right,0.94377,3,0.31565,0,5,5,42,1,stimuli/objects/bowlingball.jpg,right,new,43,,,,,,,,
,,,,,,,,7,2020-10-20_13h32.53.307,premce_ses-02_part-02_label-phase2,2020.1.2,Win32,60,left,0.81251,4,0.315655,0,6,6,29,1,stimuli/objects/tombstone.jpg,left,old,30,,,,,,,,
,,,,,,,,7,2020-10-20_13h32.53.307,premce_ses-02_part-02_label-phase2,2020.1.2,Win32,60,right,1.24528,2,0.68092,0,7,7,86,1,stimuli/objects/gorilla.jpg,right,new,87,,,,,,,,
,,,,,,,,7,2020-10-20_13h32.53.307,premce_ses-02_part-02_label-phase2,2020.1.2,Win32,60,left,1.18804,3,0.214305,0,8,8,159,1,stimuli/objects/parrot01.jpg,left,old,160,,,,,,,,
,,,,,,,,7,2020-10-20_13h32.53.307,premce_ses-02_part-02_label-phase2,2020.1.2,Win32,60,left,1.24424,2,1.13072,0,9,9,5,1,stimuli/objects/winniethepooh.jpg,left,old,6,,,,,,,,
,,,,,,,,7,2020-10-20_13h32.53.307,premce_ses-02_part-02_label-phase2,2020.1.2,Win32,60,right,2.57581,3,0.38162,0,10,10,20,1,stimuli/objects/escalator.jpg,left,old,21,,,,,,,,
,,,,,,,,7,2020-10-20_13h32.53.307,premce_ses-02_part-02_label-phase2,2020.1.2,Win32,60,left,0.812395,4,0.276555,0,11,11,13,1,stimuli/objects/lighthouse.jpg,right,new,14,,,,,,,,
,,,,,,,,7,2020-10-20_13h32.53.307,premce_ses-02_part-02_label-phase2,2020.1.2,Win32,60,right,1.172255,2,0.2857,0,12,12,77,1,stimuli/objects/aquarium.jpg,right,new,78,,,,,,,,
,,,,,,,,7,2020-10-20_13h32.53.307,premce_ses-02_part-02_label-phase2,2020.1.2,Win32,60,right,1.090865,2,0.387585,0,13,13,32,1,stimuli/objects/paperairplane.jpg,right,new,33,,,,,,,,
,,,,,,,,7,2020-10-20_13h32.53.307,premce_ses-02_part-02_label-phase2,2020.1.2,Win32,60,right,0.894295,2,1.05452,0,14,14,136,1,stimuli/objects/dreamcatcher.jpg,left,old,137,,,,,,,,
,,,,,,,,7,2020-10-20_13h32.53.307,premce_ses-02_part-02_label-phase2,2020.1.2,Win32,60,left,0.786585,3,0.279985,0,15,15,87,1,stimuli/objects/parkingmeter.jpg,left,old,88,,,,,,,,
,,,,,,,,7,2020-10-20_13h32.53.307,premce_ses-02_part-02_label-phase2,2020.1.2,Win32,60,right,1.03761,2,0.74911,0,16,16,148,1,stimuli/objects/skihelmet01.jpg,left,old,149,,,,,,,,
,,,,,,,,7,2020-10-20_13h32.53.307,premce_ses-02_part-02_label-phase2,2020.1.2,Win32,60,right,0.97017,2,0.21372,0,17,17,113,1,stimuli/objects/fortunecookie.jpg,right,new,114,,,,,,,,
,,,,,,,,7,2020-10-20_13h32.53.307,premce_ses-02_part-02_label-phase2,2020.1.2,Win32,60,right,1.756625,2,0.13664,0,18,18,138,1,stimuli/objects/raccoon.jpg,right,new,139,,,,,,,,
,,,,,,,,7,2020-10-20_13h32.53.307,premce_ses-02_part-02_label-phase2,2020.1.2,Win32,60,right,0.663495,3,1.01225,0,19,19,69,1,stimuli/objects/lightswitch01.jpg,left,old,70,,,,,,,,
,,,,,,,,7,2020-10-20_13h32.53.307,premce_ses-02_part-02_label-phase2,2020.1.2,Win32,60,left,0.79994,4,0.337475,0,20,20,18,1,stimuli/objects/snowman.jpg,left,old,19,,,,,,,,
,,,,,,,,7,2020-10-20_13h32.53.307,premce_ses-02_part-02_label-phase2,2020.1.2,Win32,60,right,1.210845,2,0.13401,0,21,21,126,1,stimuli/objects/toynutcracker.jpg,right,new,127,,,,,,,,
,,,,,,,,7,2020-10-20_13h32.53.307,premce_ses-02_part-02_label-phase2,2020.1.2,Win32,60,right,1.56287,4,0.398475,0,22,22,97,1,stimuli/objects/watercooler.jpg,left,old,98,,,,,,,,
,,,,,,,,7,2020-10-20_13h32.53.307,premce_ses-02_part-02_label-phase2,2020.1.2,Win32,60,right,2.056365,3,0.319055,0,23,23,150,1,stimuli/objects/asianelephant.jpg,left,old,151,,,,,,,,
,,,,,,,,7,2020-10-20_13h32.53.307,premce_ses-02_part-02_label-phase2,2020.1.2,Win32,60,right,0.83567,3,0.14418,0,24,24,116,1,stimuli/objects/gavel.jpg,left,old,117,,,,,,,,
,,,,,,,,7,2020-10-20_13h32.53.307,premce_ses-02_part-02_label-phase2,2020.1.2,Win32,60,right,0.838695,3,0.341035,0,25,25,102,1,stimuli/objects/sheriffhat.jpg,left,old,103,,,,,,,,
,,,,,,,,7,2020-10-20_13h32.53.307,premce_ses-02_part-02_label-phase2,2020.1.2,Win32,60,right,1.857165,3,0.16159,0,26,26,83,1,stimuli/objects/crab01.jpg,left,old,84,,,,,,,,
,,,,,,,,7,2020-10-20_13h32.53.307,premce_ses-02_part-02_label-phase2,2020.1.2,Win32,60,right,0.69628,3,0.122925,0,27,27,45,1,stimuli/objects/horseshoe.jpg,right,new,46,,,,,,,,
,,,,,,,,7,2020-10-20_13h32.53.307,premce_ses-02_part-02_label-phase2,2020.1.2,Win32,60,right,0.566355,3,0.450215,0,28,28,11,1,stimuli/objects/footballhelmet.jpg,left,old,12,,,,,,,,
,,,,,,,,7,2020-10-20_13h32.53.307,premce_ses-02_part-02_label-phase2,2020.1.2,Win32,60,right,1.07399,3,0.071235,0,29,29,112,1,stimuli/objects/webcam.jpg,right,new,113,,,,,,,,
,,,,,,,,7,2020-10-20_13h32.53.307,premce_ses-02_part-02_label-phase2,2020.1.2,Win32,60,left,0.937645,4,0.32058,0,30,30,62,1,stimuli/objects/icecube02.jpg,left,old,63,,,,,,,,
,,,,,,,,7,2020-10-20_13h32.53.307,premce_ses-02_part-02_label-phase2,2020.1.2,Win32,60,left,2.079575,3,0.25493,0,31,31,109,1,stimuli/objects/bathtub.jpg,right,new,110,,,,,,,,
,,,,,,,,7,2020-10-20_13h32.53.307,premce_ses-02_part-02_label-phase2,2020.1.2,Win32,60,right,1.28016,3,0.203915,0,32,32,33,1,stimuli/objects/helicopter.jpg,right,new,34,,,,,,,,
,,,,,,,,7,2020-10-20_13h32.53.307,premce_ses-02_part-02_label-phase2,2020.1.2,Win32,60,right,1.111385,3,0.37794,0,33,33,94,1,stimuli/objects/statue.jpg,right,new,95,,,,,,,,
,,,,,,,,7,2020-10-20_13h32.53.307,premce_ses-02_part-02_label-phase2,2020.1.2,Win32,60,right,0.904895,3,0.153925,0,34,34,8,1,stimuli/objects/treadmill.jpg,left,old,9,,,,,,,,
,,,,,,,,7,2020-10-20_13h32.53.307,premce_ses-02_part-02_label-phase2,2020.1.2,Win32,60,left,0.75756,4,0.454615,0,35,35,119,1,stimuli/objects/polarbear.jpg,left,old,120,,,,,,,,
,,,,,,,,7,2020-10-20_13h32.53.307,premce_ses-02_part-02_label-phase2,2020.1.2,Win32,60,left,1.302775,3,0.85041,0,36,36,147,1,stimuli/objects/panda.jpg,left,old,148,,,,,,,,
,,,,,,,,7,2020-10-20_13h32.53.307,premce_ses-02_part-02_label-phase2,2020.1.2,Win32,60,right,0.685795,3,0.540725,0,37,37,52,1,stimuli/objects/tree.jpg,right,new,53,,,,,,,,
,,,,,,,,7,2020-10-20_13h32.53.307,premce_ses-02_part-02_label-phase2,2020.1.2,Win32,60,right,0.715555,3,0.363735,0,38,38,114,1,stimuli/objects/tie02.jpg,left,old,115,,,,,,,,
,,,,,,,,7,2020-10-20_13h32.53.307,premce_ses-02_part-02_label-phase2,2020.1.2,Win32,60,right,0.640065,3,0.12446,0,39,39,134,1,stimuli/objects/rubikcube.jpg,right,new,135,,,,,,,,
,,,,,,,,7,2020-10-20_13h32.53.307,premce_ses-02_part-02_label-phase2,2020.1.2,Win32,60,right,0.81445,2,0.138285,0,40,40,71,1,stimuli/objects/bikelock.jpg,left,old,72,,,,,,,,
,,,,,,,,7,2020-10-20_13h32.53.307,premce_ses-02_part-02_label-phase2,2020.1.2,Win32,60,right,0.79493,3,0.23757,0,41,41,43,1,stimuli/objects/slushiemachine.jpg,right,new,44,,,,,,,,
,,,,,,,,7,2020-10-20_13h32.53.307,premce_ses-02_part-02_label-phase2,2020.1.2,Win32,60,right,0.812875,3,0.252725,0,42,42,23,1,stimuli/objects/bat.jpg,right,new,24,,,,,,,,
,,,,,,,,7,2020-10-20_13h32.53.307,premce_ses-02_part-02_label-phase2,2020.1.2,Win32,60,left,0.836145,4,0.287055,0,43,43,9,1,stimuli/objects/granolabar01.jpg,left,old,10,,,,,,,,
,,,,,,,,7,2020-10-20_13h32.53.307,premce_ses-02_part-02_label-phase2,2020.1.2,Win32,60,right,1.405615,3,0.714315,0,44,44,104,1,stimuli/objects/sledgehammer.jpg,right,new,105,,,,,,,,
,,,,,,,,7,2020-10-20_13h32.53.307,premce_ses-02_part-02_label-phase2,2020.1.2,Win32,60,left,1.142005,3,0.395135,0,45,45,59,1,stimuli/objects/forklift.jpg,left,old,60,,,,,,,,
,,,,,,,,7,2020-10-20_13h32.53.307,premce_ses-02_part-02_label-phase2,2020.1.2,Win32,60,right,1.162235,2,1.031715,0,46,46,31,1,stimuli/objects/faucet.jpg,right,new,32,,,,,,,,
,,,,,,,,7,2020-10-20_13h32.53.307,premce_ses-02_part-02_label-phase2,2020.1.2,Win32,60,left,0.748085,3,0.233095,0,47,47,56,1,stimuli/objects/cannon.jpg,left,old,57,,,,,,,,
,,,,,,,,7,2020-10-20_13h32.53.307,premce_ses-02_part-02_label-phase2,2020.1.2,Win32,60,right,1.19207,3,1.176835,0,48,48,50,1,stimuli/objects/windshieldwiper02.jpg,right,new,51,,,,,,,,
,,,,,,,,7,2020-10-20_13h32.53.307,premce_ses-02_part-02_label-phase2,2020.1.2,Win32,60,right,1.718375,3,0.15131,0,49,49,137,1,stimuli/objects/handheldtelescope.jpg,right,new,138,,,,,,,,
,,,,,,,,7,2020-10-20_13h32.53.307,premce_ses-02_part-02_label-phase2,2020.1.2,Win32,60,right,0.9836,3,0.014965,0,50,50,93,1,stimuli/objects/pirateflag.jpg,right,new,94,,,,,,,,
,,,,,,,,7,2020-10-20_13h32.53.307,premce_ses-02_part-02_label-phase2,2020.1.2,Win32,60,left,0.84433,4,0.26715,0,51,51,48,1,stimuli/objects/taxisign.jpg,left,old,49,,,,,,,,
,,,,,,,,7,2020-10-20_13h32.53.307,premce_ses-02_part-02_label-phase2,2020.1.2,Win32,60,right,1.152735,3,0.85616,0,52,52,55,1,stimuli/objects/cremebrulee.jpg,right,new,56,,,,,,,,
,,,,,,,,7,2020-10-20_13h32.53.307,premce_ses-02_part-02_label-phase2,2020.1.2,Win32,60,right,1.02754,2,0.736635,0,53,53,98,1,stimuli/objects/well.jpg,left,old,99,,,,,,,,
,,,,,,,,7,2020-10-20_13h32.53.307,premce_ses-02_part-02_label-phase2,2020.1.2,Win32,60,right,1.02921,2,0.213525,0,54,54,22,1,stimuli/objects/toasteroven.jpg,right,new,23,,,,,,,,
,,,,,,,,7,2020-10-20_13h32.53.307,premce_ses-02_part-02_label-phase2,2020.1.2,Win32,60,left,1.47753,3,0.6376,0,55,55,155,1,stimuli/objects/trombone.jpg,right,new,156,,,,,,,,
,,,,,,,,7,2020-10-20_13h32.53.307,premce_ses-02_part-02_label-phase2,2020.1.2,Win32,60,right,1.037015,2,0.761785,0,56,56,99,1,stimuli/objects/cactus.jpg,left,old,100,,,,,,,,
,,,,,,,,7,2020-10-20_13h32.53.307,premce_ses-02_part-02_label-phase2,2020.1.2,Win32,60,left,1.044675,4,0.42978,0,57,57,144,1,stimuli/objects/eyepatch.jpg,left,old,145,,,,,,,,
,,,,,,,,7,2020-10-20_13h32.53.307,premce_ses-02_part-02_label-phase2,2020.1.2,Win32,60,right,3.50743,2,0.309195,0,58,58,51,1,stimuli/objects/cork02.jpg,right,new,52,,,,,,,,
,,,,,,,,7,2020-10-20_13h32.53.307,premce_ses-02_part-02_label-phase2,2020.1.2,Win32,60,right,0.870285,2,0.849695,0,59,59,142,1,stimuli/objects/cow.jpg,right,new,143,,,,,,,,
,,,,,,,,7,2020-10-20_13h32.53.307,premce_ses-02_part-02_label-phase2,2020.1.2,Win32,60,right,0.70676,2,0.13268,0,60,60,131,1,stimuli/objects/funnel.jpg,right,new,132,,,,,,,,
,,,,,,,,7,2020-10-20_13h32.53.307,premce_ses-02_part-02_label-phase2,2020.1.2,Win32,60,left,1.091635,3,0.33279,0,61,61,108,1,stimuli/objects/brassknuckle.jpg,left,old,109,,,,,,,,
,,,,,,,,7,2020-10-20_13h32.53.307,premce_ses-02_part-02_label-phase2,2020.1.2,Win32,60,right,1.163065,3,0.88861,0,62,62,92,1,stimuli/objects/athleticsock.jpg,left,old,93,,,,,,,,
,,,,,,,,7,2020-10-20_13h32.53.307,premce_ses-02_part-02_label-phase2,2020.1.2,Win32,60,right,0.665055,3,0.617865,0,63,63,16,1,stimuli/objects/cashregister01.jpg,left,old,17,,,,,,,,
,,,,,,,,7,2020-10-20_13h32.53.307,premce_ses-02_part-02_label-phase2,2020.1.2,Win32,60,left,0.810475,4,0.28121,0,64,64,27,1,stimuli/objects/fingerprint.jpg,left,old,28,,,,,,,,
,,,,,,,,7,2020-10-20_13h32.53.307,premce_ses-02_part-02_label-phase2,2020.1.2,Win32,60,left,0.97997,4,0.08523,0,65,65,101,1,stimuli/objects/wheelchair.jpg,left,old,102,,,,,,,,
,,,,,,,,7,2020-10-20_13h32.53.307,premce_ses-02_part-02_label-phase2,2020.1.2,Win32,60,left,0.836315,4,0.10675,0,66,66,157,1,stimuli/objects/volleyball.jpg,left,old,158,,,,,,,,
,,,,,,,,7,2020-10-20_13h32.53.307,premce_ses-02_part-02_label-phase2,2020.1.2,Win32,60,right,0.700985,3,0.208715,0,67,67,66,1,stimuli/objects/desktopcomputer.jpg,left,old,67,,,,,,,,
,,,,,,,,7,2020-10-20_13h32.53.307,premce_ses-02_part-02_label-phase2,2020.1.2,Win32,60,left,1.28027,3,0.225945,0,68,68,115,1,stimuli/objects/bleachers.jpg,left,old,116,,,,,,,,
,,,,,,,,7,2020-10-20_13h32.53.307,premce_ses-02_part-02_label-phase2,2020.1.2,Win32,60,right,0.897705,2,1.31434,0,69,69,39,1,stimuli/objects/fridge.jpg,left,old,40,,,,,,,,
,,,,,,,,7,2020-10-20_13h32.53.307,premce_ses-02_part-02_label-phase2,2020.1.2,Win32,60,right,0.994715,2,0.14437,0,70,70,35,1,stimuli/objects/flag.jpg,left,old,36,,,,,,,,
,,,,,,,,7,2020-10-20_13h32.53.307,premce_ses-02_part-02_label-phase2,2020.1.2,Win32,60,left,0.785485,4,0.327325,0,71,71,84,1,stimuli/objects/diploma02.jpg,left,old,85,,,,,,,,
,,,,,,,,7,2020-10-20_13h32.53.307,premce_ses-02_part-02_label-phase2,2020.1.2,Win32,60,right,1.117345,3,1.3812,0,72,72,1,1,stimuli/objects/key07.jpg,right,new,2,,,,,,,,
,,,,,,,,7,2020-10-20_13h32.53.307,premce_ses-02_part-02_label-phase2,2020.1.2,Win32,60,right,0.894285,3,0.2998,0,73,73,85,1,stimuli/objects/frisbee.jpg,left,old,86,,,,,,,,
,,,,,,,,7,2020-10-20_13h32.53.307,premce_ses-02_part-02_label-phase2,2020.1.2,Win32,60,right,0.882155,3,0.032395,0,74,74,72,1,stimuli/objects/crown.jpg,left,old,73,,,,,,,,
,,,,,,,,7,2020-10-20_13h32.53.307,premce_ses-02_part-02_label-phase2,2020.1.2,Win32,60,left,1.189695,3,0.189785,0,75,75,57,1,stimuli/objects/weddingcake.jpg,left,old,58,,,,,,,,
,,,,,,,,7,2020-10-20_13h32.53.307,premce_ses-02_part-02_label-phase2,2020.1.2,Win32,60,right,0.869585,3,0.58031,0,76,76,63,1,stimuli/objects/rose.jpg,right,new,64,,,,,,,,
,,,,,,,,7,2020-10-20_13h32.53.307,premce_ses-02_part-02_label-phase2,2020.1.2,Win32,60,left,1.13234,2,0.433225,0,77,77,14,1,stimuli/objects/riverotter.jpg,right,new,15,,,,,,,,
,,,,,,,,7,2020-10-20_13h32.53.307,premce_ses-02_part-02_label-phase2,2020.1.2,Win32,60,right,1.195355,2,0.89017,0,78,78,111,1,stimuli/objects/honeycomb.jpg,right,new,112,,,,,,,,
,,,,,,,,7,2020-10-20_13h32.53.307,premce_ses-02_part-02_label-phase2,2020.1.2,Win32,60,right,1.221045,3,0.791235,0,79,79,4,1,stimuli/objects/zipper.jpg,right,new,5,,,,,,,,
,,,,,,,,7,2020-10-20_13h32.53.307,premce_ses-02_part-02_label-phase2,2020.1.2,Win32,60,right,0.92269,3,0.078205,0,80,80,2,1,stimuli/objects/accordion01.jpg,right,new,3,,,,,,,,
,,,,,,,,7,2020-10-20_13h32.53.307,premce_ses-02_part-02_label-phase2,2020.1.2,Win32,60,right,1.4498,3,0.106055,0,81,81,75,1,stimuli/objects/castle.jpg,right,new,76,,,,,,,,
,,,,,,,,7,2020-10-20_13h32.53.307,premce_ses-02_part-02_label-phase2,2020.1.2,Win32,60,right,1.19362,3,0.11096,0,82,82,91,1,stimuli/objects/airhockeytable.jpg,right,new,92,,,,,,,,
,,,,,,,,7,2020-10-20_13h32.53.307,premce_ses-02_part-02_label-phase2,2020.1.2,Win32,60,right,0.69244,3,0.006445,0,83,83,7,1,stimuli/objects/whiteout.jpg,right,new,8,,,,,,,,
,,,,,,,,7,2020-10-20_13h32.53.307,premce_ses-02_part-02_label-phase2,2020.1.2,Win32,60,right,0.54956,3,0.094915,0,84,84,151,1,stimuli/objects/bolt01a.jpg,right,new,152,,,,,,,,
,,,,,,,,7,2020-10-20_13h32.53.307,premce_ses-02_part-02_label-phase2,2020.1.2,Win32,60,left,0.91566,4,0.25969,0,85,85,78,1,stimuli/objects/exitsign.jpg,left,old,79,,,,,,,,
,,,,,,,,7,2020-10-20_13h32.53.307,premce_ses-02_part-02_label-phase2,2020.1.2,Win32,60,right,0.69978,3,0.157425,0,86,86,129,1,stimuli/objects/walkietalkie.jpg,left,old,130,,,,,,,,
,,,,,,,,7,2020-10-20_13h32.53.307,premce_ses-02_part-02_label-phase2,2020.1.2,Win32,60,right,0.89049,3,0.21011,0,87,87,30,1,stimuli/objects/siamesecat.jpg,right,new,31,,,,,,,,
,,,,,,,,7,2020-10-20_13h32.53.307,premce_ses-02_part-02_label-phase2,2020.1.2,Win32,60,right,0.67577,2,0.614895,0,88,88,145,1,stimuli/objects/ironingboard01.jpg,right,new,146,,,,,,,,
,,,,,,,,7,2020-10-20_13h32.53.307,premce_ses-02_part-02_label-phase2,2020.1.2,Win32,60,right,0.885125,3,0.584165,0,89,89,54,1,stimuli/objects/floorlamp.jpg,right,new,55,,,,,,,,
,,,,,,,,7,2020-10-20_13h32.53.307,premce_ses-02_part-02_label-phase2,2020.1.2,Win32,60,right,0.88739,3,0.273265,0,90,90,6,1,stimuli/objects/trojanhorse.jpg,right,new,7,,,,,,,,
,,,,,,,,7,2020-10-20_13h32.53.307,premce_ses-02_part-02_label-phase2,2020.1.2,Win32,60,left,0.74391,4,0.141995,0,91,91,130,1,stimuli/objects/toyanimal05.jpg,left,old,131,,,,,,,,
,,,,,,,,7,2020-10-20_13h32.53.307,premce_ses-02_part-02_label-phase2,2020.1.2,Win32,60,right,0.988235,3,0.13297,0,92,92,125,1,stimuli/objects/horse.jpg,left,old,126,,,,,,,,
,,,,,,,,7,2020-10-20_13h32.53.307,premce_ses-02_part-02_label-phase2,2020.1.2,Win32,60,right,0.84535,3,0.00051,0,93,93,81,1,stimuli/objects/artichoke01b.jpg,right,new,82,,,,,,,,
,,,,,,,,7,2020-10-20_13h32.53.307,premce_ses-02_part-02_label-phase2,2020.1.2,Win32,60,right,0.76423,3,0.0004,0,94,94,41,1,stimuli/objects/spiderweb.jpg,right,new,42,,,,,,,,
,,,,,,,,7,2020-10-20_13h32.53.307,premce_ses-02_part-02_label-phase2,2020.1.2,Win32,60,right,0.69294,3,0.01059,0,95,95,123,1,stimuli/objects/scooter.jpg,right,new,124,,,,,,,,
,,,,,,,,7,2020-10-20_13h32.53.307,premce_ses-02_part-02_label-phase2,2020.1.2,Win32,60,right,0.553665,2,0.145615,0,96,96,76,1,stimuli/objects/dromedary.jpg,left,old,77,,,,,,,,
,,,,,,,,7,2020-10-20_13h32.53.307,premce_ses-02_part-02_label-phase2,2020.1.2,Win32,60,right,0.546945,2,0.000595,0,97,97,122,1,stimuli/objects/pickaxe02.jpg,left,old,123,,,,,,,,
,,,,,,,,7,2020-10-20_13h32.53.307,premce_ses-02_part-02_label-phase2,2020.1.2,Win32,60,right,0.59107,2,0.66087,0,98,98,49,1,stimuli/objects/microphone01.jpg,right,new,50,,,,,,,,
,,,,,,,,7,2020-10-20_13h32.53.307,premce_ses-02_part-02_label-phase2,2020.1.2,Win32,60,right,1.44819,2,0.212635,0,99,99,127,1,stimuli/objects/macaroni01.jpg,right,new,128,,,,,,,,
,,,,,,,,7,2020-10-20_13h32.53.307,premce_ses-02_part-02_label-phase2,2020.1.2,Win32,60,left,0.660785,4,0.205555,0,100,100,79,1,stimuli/objects/jellybean.jpg,left,old,80,,,,,,,,
,,,,,,,,7,2020-10-20_13h32.53.307,premce_ses-02_part-02_label-phase2,2020.1.2,Win32,60,right,0.844815,3,0.920725,0,101,101,117,1,stimuli/objects/lollipop04.jpg,right,new,118,,,,,,,,
,,,,,,,,7,2020-10-20_13h32.53.307,premce_ses-02_part-02_label-phase2,2020.1.2,Win32,60,left,1.04637,3,0.282945,0,102,102,153,1,stimuli/objects/harmonica.jpg,right,new,154,,,,,,,,
,,,,,,,,7,2020-10-20_13h32.53.307,premce_ses-02_part-02_label-phase2,2020.1.2,Win32,60,right,0.776425,3,1.063965,0,103,103,146,1,stimuli/objects/martiniglass01b.jpg,left,old,147,,,,,,,,
,,,,,,,,7,2020-10-20_13h32.53.307,premce_ses-02_part-02_label-phase2,2020.1.2,Win32,60,left,1.12705,2,0.37165,0,104,104,158,1,stimuli/objects/vulture.jpg,right,new,159,,,,,,,,
,,,,,,,,7,2020-10-20_13h32.53.307,premce_ses-02_part-02_label-phase2,2020.1.2,Win32,60,left,0.80652,3,0.298965,0,105,105,107,1,stimuli/objects/candycane01a.jpg,left,old,108,,,,,,,,
,,,,,,,,7,2020-10-20_13h32.53.307,premce_ses-02_part-02_label-phase2,2020.1.2,Win32,60,right,0.73972,2,0.460475,0,106,106,89,1,stimuli/objects/carbattery.jpg,left,old,90,,,,,,,,
,,,,,,,,7,2020-10-20_13h32.53.307,premce_ses-02_part-02_label-phase2,2020.1.2,Win32,60,left,0.748355,3,0.455495,0,107,107,103,1,stimuli/objects/skiboot01a.jpg,right,new,104,,,,,,,,
,,,,,,,,7,2020-10-20_13h32.53.307,premce_ses-02_part-02_label-phase2,2020.1.2,Win32,60,left,0.921775,3,0.000525,0,108,108,100,1,stimuli/objects/baseballbat.jpg,left,old,101,,,,,,,,
,,,,,,,,7,2020-10-20_13h32.53.307,premce_ses-02_part-02_label-phase2,2020.1.2,Win32,60,right,0.63928,2,0.127885,0,109,109,67,1,stimuli/objects/steeringwheel.jpg,right,new,68,,,,,,,,
,,,,,,,,7,2020-10-20_13h32.53.307,premce_ses-02_part-02_label-phase2,2020.1.2,Win32,60,right,0.70286,2,0.05429,0,110,110,34,1,stimuli/objects/ceilingfan01.jpg,right,new,35,,,,,,,,
,,,,,,,,7,2020-10-20_13h32.53.307,premce_ses-02_part-02_label-phase2,2020.1.2,Win32,60,right,0.866585,2,0.53556,0,111,111,61,1,stimuli/objects/birdnest.jpg,left,old,62,,,,,,,,
,,,,,,,,7,2020-10-20_13h32.53.307,premce_ses-02_part-02_label-phase2,2020.1.2,Win32,60,left,0.81441,3,0.168825,0,112,112,132,1,stimuli/objects/trafficlight.jpg,left,old,133,,,,,,,,
,,,,,,,,7,2020-10-20_13h32.53.307,premce_ses-02_part-02_label-phase2,2020.1.2,Win32,60,right,0.79864,2,1.140355,0,113,113,105,1,stimuli/objects/penguin.jpg,right,new,106,,,,,,,,
,,,,,,,,7,2020-10-20_13h32.53.307,premce_ses-02_part-02_label-phase2,2020.1.2,Win32,60,right,0.607325,2,0.004615,0,114,114,46,1,stimuli/objects/coffeemachine.jpg,right,new,47,,,,,,,,
,,,,,,,,7,2020-10-20_13h32.53.307,premce_ses-02_part-02_label-phase2,2020.1.2,Win32,60,right,1.709475,3,0.3666,0,115,115,26,1,stimuli/objects/snowglobe.jpg,right,new,27,,,,,,,,
,,,,,,,,7,2020-10-20_13h32.53.307,premce_ses-02_part-02_label-phase2,2020.1.2,Win32,60,left,0.885085,3,0.088805,0,116,116,12,1,stimuli/objects/pingpongtable.jpg,right,new,13,,,,,,,,
,,,,,,,,7,2020-10-20_13h32.53.307,premce_ses-02_part-02_label-phase2,2020.1.2,Win32,60,left,0.6707,4,0.46379,0,117,117,37,1,stimuli/objects/donut.jpg,left,old,38,,,,,,,,
,,,,,,,,7,2020-10-20_13h32.53.307,premce_ses-02_part-02_label-phase2,2020.1.2,Win32,60,left,1.3045,4,0.06071,0,118,118,120,1,stimuli/objects/mortarandpestle.jpg,left,old,121,,,,,,,,
,,,,,,,,7,2020-10-20_13h32.53.307,premce_ses-02_part-02_label-phase2,2020.1.2,Win32,60,left,1.332655,3,0.353335,0,119,119,110,1,stimuli/objects/leafblower01.jpg,left,old,111,,,,,,,,
,,,,,,,,7,2020-10-20_13h32.53.307,premce_ses-02_part-02_label-phase2,2020.1.2,Win32,60,left,1.86327,2,0.35147,0,120,120,3,1,stimuli/objects/sealion.jpg,left,old,4,,,,,,,,
,,,,,,,,7,2020-10-20_13h32.53.307,premce_ses-02_part-02_label-phase2,2020.1.2,Win32,60,left,0.911155,4,0.07135,0,121,121,24,1,stimuli/objects/christmaslights.jpg,left,old,25,,,,,,,,
,,,,,,,,7,2020-10-20_13h32.53.307,premce_ses-02_part-02_label-phase2,2020.1.2,Win32,60,right,1.47665,4,1.086875,0,122,122,44,1,stimuli/objects/calendar.jpg,right,new,45,,,,,,,,
,,,,,,,,7,2020-10-20_13h32.53.307,premce_ses-02_part-02_label-phase2,2020.1.2,Win32,60,left,1.344085,3,0.13234,0,123,123,143,1,stimuli/objects/turnstile.jpg,left,old,144,,,,,,,,
,,,,,,,,7,2020-10-20_13h32.53.307,premce_ses-02_part-02_label-phase2,2020.1.2,Win32,60,right,0.932775,2,0.36625,0,124,124,149,1,stimuli/objects/electrictoothbrush01c.jpg,right,new,150,,,,,,,,
,,,,,,,,7,2020-10-20_13h32.53.307,premce_ses-02_part-02_label-phase2,2020.1.2,Win32,60,left,1.18853,3,0.099015,0,125,125,10,1,stimuli/objects/americanwhitepelican.jpg,left,old,11,,,,,,,,
,,,,,,,,7,2020-10-20_13h32.53.307,premce_ses-02_part-02_label-phase2,2020.1.2,Win32,60,right,0.64953,2,0.19988,0,126,126,17,1,stimuli/objects/car.jpg,right,new,18,,,,,,,,
,,,,,,,,7,2020-10-20_13h32.53.307,premce_ses-02_part-02_label-phase2,2020.1.2,Win32,60,right,1.588435,3,0.76218,0,127,127,64,1,stimuli/objects/baseballglove.jpg,right,new,65,,,,,,,,
,,,,,,,,7,2020-10-20_13h32.53.307,premce_ses-02_part-02_label-phase2,2020.1.2,Win32,60,left,0.95413,4,0.30347,0,128,128,40,1,stimuli/objects/bread.jpg,left,old,41,,,,,,,,
,,,,,,,,7,2020-10-20_13h32.53.307,premce_ses-02_part-02_label-phase2,2020.1.2,Win32,60,right,0.654795,2,0.20042,0,129,129,65,1,stimuli/objects/blender.jpg,left,old,66,,,,,,,,
,,,,,,,,7,2020-10-20_13h32.53.307,premce_ses-02_part-02_label-phase2,2020.1.2,Win32,60,left,0.980475,3,0.514785,0,130,130,0,1,stimuli/objects/fishingrod.jpg,right,new,1,,,,,,,,
,,,,,,,,7,2020-10-20_13h32.53.307,premce_ses-02_part-02_label-phase2,2020.1.2,Win32,60,right,1.5001,2,0.348995,0,131,131,154,1,stimuli/objects/dartboard.jpg,left,old,155,,,,,,,,
,,,,,,,,7,2020-10-20_13h32.53.307,premce_ses-02_part-02_label-phase2,2020.1.2,Win32,60,left,0.75912,4,0.141055,0,132,132,135,1,stimuli/objects/dalmatian.jpg,left,old,136,,,,,,,,
,,,,,,,,7,2020-10-20_13h32.53.307,premce_ses-02_part-02_label-phase2,2020.1.2,Win32,60,right,1.011675,3,0.15338,0,133,133,156,1,stimuli/objects/battleaxe.jpg,right,new,157,,,,,,,,
,,,,,,,,7,2020-10-20_13h32.53.307,premce_ses-02_part-02_label-phase2,2020.1.2,Win32,60,right,1.08722,3,0.73716,0,134,134,80,1,stimuli/objects/church.jpg,left,old,81,,,,,,,,
,,,,,,,,7,2020-10-20_13h32.53.307,premce_ses-02_part-02_label-phase2,2020.1.2,Win32,60,right,1.27296,3,0.3904,0,135,135,96,1,stimuli/objects/pin.jpg,right,new,97,,,,,,,,
,,,,,,,,7,2020-10-20_13h32.53.307,premce_ses-02_part-02_label-phase2,2020.1.2,Win32,60,left,1.296435,3,0.27212,0,136,136,118,1,stimuli/objects/cruiseship.jpg,left,old,119,,,,,,,,
,,,,,,,,7,2020-10-20_13h32.53.307,premce_ses-02_part-02_label-phase2,2020.1.2,Win32,60,right,1.884155,2,0.74203,0,137,137,68,1,stimuli/objects/ipad02.jpg,right,new,69,,,,,,,,
,,,,,,,,7,2020-10-20_13h32.53.307,premce_ses-02_part-02_label-phase2,2020.1.2,Win32,60,right,1.369505,2,0.770825,0,138,138,15,1,stimuli/objects/lantern03.jpg,right,new,16,,,,,,,,
,,,,,,,,7,2020-10-20_13h32.53.307,premce_ses-02_part-02_label-phase2,2020.1.2,Win32,60,right,0.76962,2,1.47159,0,139,139,74,1,stimuli/objects/road02.jpg,right,new,75,,,,,,,,
,,,,,,,,7,2020-10-20_13h32.53.307,premce_ses-02_part-02_label-phase2,2020.1.2,Win32,60,left,1.72862,3,0.368965,0,140,140,21,1,stimuli/objects/hockeypuck.jpg,left,old,22,,,,,,,,
,,,,,,,,7,2020-10-20_13h32.53.307,premce_ses-02_part-02_label-phase2,2020.1.2,Win32,60,right,1.19081,3,0.38497,0,141,141,36,1,stimuli/objects/cutlass.jpg,left,old,37,,,,,,,,
,,,,,,,,7,2020-10-20_13h32.53.307,premce_ses-02_part-02_label-phase2,2020.1.2,Win32,60,left,0.91203,3,0.0481,0,142,142,19,1,stimuli/objects/peacock.jpg,right,new,20,,,,,,,,
,,,,,,,,7,2020-10-20_13h32.53.307,premce_ses-02_part-02_label-phase2,2020.1.2,Win32,60,left,1.897875,3,0.246225,0,143,143,140,1,stimuli/objects/pooltable.jpg,right,new,141,,,,,,,,
,,,,,,,,7,2020-10-20_13h32.53.307,premce_ses-02_part-02_label-phase2,2020.1.2,Win32,60,right,0.97281,2,0.106675,0,144,144,121,1,stimuli/objects/triangle.jpg,left,old,122,,,,,,,,
,,,,,,,,7,2020-10-20_13h32.53.307,premce_ses-02_part-02_label-phase2,2020.1.2,Win32,60,right,1.02898,2,0.95913,0,145,145,141,1,stimuli/objects/lintroller.jpg,left,old,142,,,,,,,,
,,,,,,,,7,2020-10-20_13h32.53.307,premce_ses-02_part-02_label-phase2,2020.1.2,Win32,60,left,0.678635,4,0.27587,0,146,146,25,1,stimuli/objects/kiwi03.jpg,left,old,26,,,,,,,,
,,,,,,,,7,2020-10-20_13h32.53.307,premce_ses-02_part-02_label-phase2,2020.1.2,Win32,60,left,0.951785,3,0.253075,0,147,147,106,1,stimuli/objects/brownsugar.jpg,left,old,107,,,,,,,,
,,,,,,,,7,2020-10-20_13h32.53.307,premce_ses-02_part-02_label-phase2,2020.1.2,Win32,60,right,0.835835,3,0.803395,0,148,148,58,1,stimuli/objects/file.jpg,right,new,59,,,,,,,,
,,,,,,,,7,2020-10-20_13h32.53.307,premce_ses-02_part-02_label-phase2,2020.1.2,Win32,60,right,0.91409,3,0.099495,0,149,149,124,1,stimuli/objects/birdhouse.jpg,right,new,125,,,,,,,,
,,,,,,,,7,2020-10-20_13h32.53.307,premce_ses-02_part-02_label-phase2,2020.1.2,Win32,60,right,0.682945,3,0.280435,0,150,150,47,1,stimuli/objects/ant.jpg,right,new,48,,,,,,,,
,,,,,,,,7,2020-10-20_13h32.53.307,premce_ses-02_part-02_label-phase2,2020.1.2,Win32,60,right,0.659205,3,0.08716,0,151,151,90,1,stimuli/objects/ducttape.jpg,right,new,91,,,,,,,,
,,,,,,,,7,2020-10-20_13h32.53.307,premce_ses-02_part-02_label-phase2,2020.1.2,Win32,60,right,0.792595,3,0.224955,0,152,152,53,1,stimuli/objects/rooster.jpg,right,new,54,,,,,,,,
,,,,,,,,7,2020-10-20_13h32.53.307,premce_ses-02_part-02_label-phase2,2020.1.2,Win32,60,left,1.49306,2,0.29203,0,153,153,82,1,stimuli/objects/giraffe.jpg,left,old,83,,,,,,,,
,,,,,,,,7,2020-10-20_13h32.53.307,premce_ses-02_part-02_label-phase2,2020.1.2,Win32,60,left,0.891255,3,0.171935,0,154,154,38,1,stimuli/objects/coffeemaker.jpg,right,new,39,,,,,,,,
,,,,,,,,7,2020-10-20_13h32.53.307,premce_ses-02_part-02_label-phase2,2020.1.2,Win32,60,right,0.90865,3,0.190555,0,155,155,128,1,stimuli/objects/toilet.jpg,right,new,129,,,,,,,,
,,,,,,,,7,2020-10-20_13h32.53.307,premce_ses-02_part-02_label-phase2,2020.1.2,Win32,60,left,1.161965,3,0.39687,0,156,156,88,1,stimuli/objects/bison.jpg,left,old,89,,,,,,,,
,,,,,,,,7,2020-10-20_13h32.53.307,premce_ses-02_part-02_label-phase2,2020.1.2,Win32,60,right,0.68732,3,0.000435,0,157,157,133,1,stimuli/objects/skateboard.jpg,left,old,134,,,,,,,,
,,,,,,,,7,2020-10-20_13h32.53.307,premce_ses-02_part-02_label-phase2,2020.1.2,Win32,60,right,0.979255,3,0.48835,0,158,158,28,1,stimuli/objects/seaturtle.jpg,left,old,29,,,,,,,,
,,,,,,,,7,2020-10-20_13h32.53.307,premce_ses-02_part-02_label-phase2,2020.1.2,Win32,60,right,0.740375,2,0.280575,0,159,159,70,1,stimuli/objects/apron.jpg,left,old,71,,,,,,,,
,,,,,,,,7,2020-10-20_13h32.53.307,premce_ses-02_part-02_label-phase2,2020.1.2,Win32,60,,,,,,,,,,,,,,space,2.475185,0,1,1,0,1,ImagesforRecog1.csv
