instructions_loop.thisRepN,instructions_loop.thisTrialN,instructions_loop.thisN,instructions_loop.thisIndex,instructions_loop.ran,text1,text2,text3,participant,date,expName,psychopyVersion,OS,frameRate,recog_resp.keys,recog_resp.rt,conf_resp.keys,conf_resp.rt,recog_loop.thisRepN,recog_loop.thisTrialN,recog_loop.thisN,recog_loop.thisIndex,recog_loop.ran,images,corr_ans,type,order,key_resp_break.keys,key_resp_break.rt,list_loop.thisRepN,list_loop.thisTrialN,list_loop.thisN,list_loop.thisIndex,list_loop.ran,recog_list
0,0,0,0,1,Welcome to the last phase of this experiment!,,Please press the space bar to continue,8,2020-10-23_10h38.06.988,premce_ses-02_part-02_label-phase2,2020.1.2,Win32,60,,,,,,,,,,,,,,,,,,,,,
0,1,1,1,1,,"In this phase, you will see some objects. 

For each object, you should indicate whether you have seen it before during the experiment.

Press LEFT ARROW for YES
Press RIGHT ARROW for NO

",Please press the space bar to continue ,8,2020-10-23_10h38.06.988,premce_ses-02_part-02_label-phase2,2020.1.2,Win32,60,,,,,,,,,,,,,,,,,,,,,
0,2,2,2,1,,"After that, you will be asked how confident you are of your choice.

Please rate the confidence in your choce with the numbers from 1 to 4 of your keyboard. 

The numbers correspond to:

1 = Very unsure
2 = Unsure
3 = Sure
4 = Very Sure",Please press the space bar to continue,8,2020-10-23_10h38.06.988,premce_ses-02_part-02_label-phase2,2020.1.2,Win32,60,,,,,,,,,,,,,,,,,,,,,
,,,,,,,,8,2020-10-23_10h38.06.988,premce_ses-02_part-02_label-phase2,2020.1.2,Win32,60,right,2.11705,3,1.974685,0,0,0,116,1,stimuli/objects/greywolf.jpg,left,old,277,,,,,,,,
,,,,,,,,8,2020-10-23_10h38.06.988,premce_ses-02_part-02_label-phase2,2020.1.2,Win32,60,left,1.48241,4,0.633885,0,1,1,73,1,stimuli/objects/barrel01.jpg,left,old,234,,,,,,,,
,,,,,,,,8,2020-10-23_10h38.06.988,premce_ses-02_part-02_label-phase2,2020.1.2,Win32,60,right,1.09809,4,1.17485,0,2,2,69,1,stimuli/objects/banjo.jpg,right,new,230,,,,,,,,
,,,,,,,,8,2020-10-23_10h38.06.988,premce_ses-02_part-02_label-phase2,2020.1.2,Win32,60,left,1.079075,4,0.390365,0,3,3,79,1,stimuli/objects/beerbottle.jpg,left,old,240,,,,,,,,
,,,,,,,,8,2020-10-23_10h38.06.988,premce_ses-02_part-02_label-phase2,2020.1.2,Win32,60,left,1.09329,4,0.358615,0,4,4,122,1,stimuli/objects/crosscountryski.jpg,left,old,283,,,,,,,,
,,,,,,,,8,2020-10-23_10h38.06.988,premce_ses-02_part-02_label-phase2,2020.1.2,Win32,60,right,2.451425,3,1.498165,0,5,5,24,1,stimuli/objects/stool01.jpg,left,old,185,,,,,,,,
,,,,,,,,8,2020-10-23_10h38.06.988,premce_ses-02_part-02_label-phase2,2020.1.2,Win32,60,right,1.900705,4,1.053805,0,6,6,62,1,stimuli/objects/sandbarshark.jpg,right,new,223,,,,,,,,
,,,,,,,,8,2020-10-23_10h38.06.988,premce_ses-02_part-02_label-phase2,2020.1.2,Win32,60,right,1.30315,4,0.33425,0,7,7,18,1,stimuli/objects/discoball.jpg,right,new,179,,,,,,,,
,,,,,,,,8,2020-10-23_10h38.06.988,premce_ses-02_part-02_label-phase2,2020.1.2,Win32,60,right,1.144535,4,0.566285,0,8,8,130,1,stimuli/objects/sausage.jpg,right,new,291,,,,,,,,
,,,,,,,,8,2020-10-23_10h38.06.988,premce_ses-02_part-02_label-phase2,2020.1.2,Win32,60,right,0.89488,4,0.644525,0,9,9,6,1,stimuli/objects/rollerblade.jpg,right,new,167,,,,,,,,
,,,,,,,,8,2020-10-23_10h38.06.988,premce_ses-02_part-02_label-phase2,2020.1.2,Win32,60,left,1.11218,4,0.308835,0,10,10,120,1,stimuli/objects/soccerball.jpg,left,old,281,,,,,,,,
,,,,,,,,8,2020-10-23_10h38.06.988,premce_ses-02_part-02_label-phase2,2020.1.2,Win32,60,right,3.3735,4,0.48592,0,11,11,93,1,stimuli/objects/moth.jpg,right,new,254,,,,,,,,
,,,,,,,,8,2020-10-23_10h38.06.988,premce_ses-02_part-02_label-phase2,2020.1.2,Win32,60,left,0.946875,4,0.30021,0,12,12,137,1,stimuli/objects/jackrabbit.jpg,left,old,298,,,,,,,,
,,,,,,,,8,2020-10-23_10h38.06.988,premce_ses-02_part-02_label-phase2,2020.1.2,Win32,60,right,0.874145,4,2.55386,0,13,13,132,1,stimuli/objects/duck01.jpg,right,new,293,,,,,,,,
,,,,,,,,8,2020-10-23_10h38.06.988,premce_ses-02_part-02_label-phase2,2020.1.2,Win32,60,left,1.09678,4,0.909525,0,14,14,29,1,stimuli/objects/showerhead01.jpg,left,old,190,,,,,,,,
,,,,,,,,8,2020-10-23_10h38.06.988,premce_ses-02_part-02_label-phase2,2020.1.2,Win32,60,right,0.960255,3,0.608125,0,15,15,44,1,stimuli/objects/canoepaddle02.jpg,left,old,205,,,,,,,,
,,,,,,,,8,2020-10-23_10h38.06.988,premce_ses-02_part-02_label-phase2,2020.1.2,Win32,60,right,0.980735,4,0.30907,0,16,16,30,1,stimuli/objects/waterfountain02.jpg,right,new,191,,,,,,,,
,,,,,,,,8,2020-10-23_10h38.06.988,premce_ses-02_part-02_label-phase2,2020.1.2,Win32,60,right,0.955035,4,0.484255,0,17,17,142,1,stimuli/objects/curtain.jpg,right,new,303,,,,,,,,
,,,,,,,,8,2020-10-23_10h38.06.988,premce_ses-02_part-02_label-phase2,2020.1.2,Win32,60,right,1.173205,3,0.960955,0,18,18,148,1,stimuli/objects/shield02.jpg,right,new,309,,,,,,,,
,,,,,,,,8,2020-10-23_10h38.06.988,premce_ses-02_part-02_label-phase2,2020.1.2,Win32,60,right,1.285115,4,0.50977,0,19,19,74,1,stimuli/objects/noparkingsign.jpg,right,new,235,,,,,,,,
,,,,,,,,8,2020-10-23_10h38.06.988,premce_ses-02_part-02_label-phase2,2020.1.2,Win32,60,right,1.218915,4,0.66071,0,20,20,128,1,stimuli/objects/tricornhat.jpg,right,new,289,,,,,,,,
,,,,,,,,8,2020-10-23_10h38.06.988,premce_ses-02_part-02_label-phase2,2020.1.2,Win32,60,left,1.13614,4,2.00955,0,21,21,96,1,stimuli/objects/jeans01.jpg,left,old,257,,,,,,,,
,,,,,,,,8,2020-10-23_10h38.06.988,premce_ses-02_part-02_label-phase2,2020.1.2,Win32,60,right,1.437905,3,1.221275,0,22,22,0,1,stimuli/objects/ostrich.jpg,right,new,161,,,,,,,,
,,,,,,,,8,2020-10-23_10h38.06.988,premce_ses-02_part-02_label-phase2,2020.1.2,Win32,60,right,1.095295,4,0.38475,0,23,23,55,1,stimuli/objects/chime.jpg,right,new,216,,,,,,,,
,,,,,,,,8,2020-10-23_10h38.06.988,premce_ses-02_part-02_label-phase2,2020.1.2,Win32,60,left,1.930195,3,1.024595,0,24,24,25,1,stimuli/objects/beehive.jpg,left,old,186,,,,,,,,
,,,,,,,,8,2020-10-23_10h38.06.988,premce_ses-02_part-02_label-phase2,2020.1.2,Win32,60,right,1.17367,3,0.597895,0,25,25,135,1,stimuli/objects/toiletbrush.jpg,right,new,296,,,,,,,,
,,,,,,,,8,2020-10-23_10h38.06.988,premce_ses-02_part-02_label-phase2,2020.1.2,Win32,60,right,1.361055,3,0.351895,0,26,26,85,1,stimuli/objects/gong.jpg,right,new,246,,,,,,,,
,,,,,,,,8,2020-10-23_10h38.06.988,premce_ses-02_part-02_label-phase2,2020.1.2,Win32,60,left,1.159855,4,0.69799,0,27,27,159,1,stimuli/objects/shovel01.jpg,left,old,320,,,,,,,,
,,,,,,,,8,2020-10-23_10h38.06.988,premce_ses-02_part-02_label-phase2,2020.1.2,Win32,60,right,2.46239,4,2.033805,0,28,28,31,1,stimuli/objects/swing.jpg,right,new,192,,,,,,,,
,,,,,,,,8,2020-10-23_10h38.06.988,premce_ses-02_part-02_label-phase2,2020.1.2,Win32,60,right,1.28798,4,0.830285,0,29,29,66,1,stimuli/objects/tulip02.jpg,right,new,227,,,,,,,,
,,,,,,,,8,2020-10-23_10h38.06.988,premce_ses-02_part-02_label-phase2,2020.1.2,Win32,60,left,0.9394,4,0.41237,0,30,30,117,1,stimuli/objects/cloud.jpg,left,old,278,,,,,,,,
,,,,,,,,8,2020-10-23_10h38.06.988,premce_ses-02_part-02_label-phase2,2020.1.2,Win32,60,left,1.15722,3,0.985825,0,31,31,151,1,stimuli/objects/gecko.jpg,left,old,312,,,,,,,,
,,,,,,,,8,2020-10-23_10h38.06.988,premce_ses-02_part-02_label-phase2,2020.1.2,Win32,60,right,2.832565,3,1.59183,0,32,32,52,1,stimuli/objects/drumstick.jpg,right,new,213,,,,,,,,
,,,,,,,,8,2020-10-23_10h38.06.988,premce_ses-02_part-02_label-phase2,2020.1.2,Win32,60,left,2.530375,2,1.387015,0,33,33,28,1,stimuli/objects/freezer02.jpg,right,new,189,,,,,,,,
,,,,,,,,8,2020-10-23_10h38.06.988,premce_ses-02_part-02_label-phase2,2020.1.2,Win32,60,right,3.45252,3,0.637325,0,34,34,89,1,stimuli/objects/bowlingpin.jpg,left,old,250,,,,,,,,
,,,,,,,,8,2020-10-23_10h38.06.988,premce_ses-02_part-02_label-phase2,2020.1.2,Win32,60,right,0.83714,4,0.467095,0,35,35,12,1,stimuli/objects/safe.jpg,right,new,173,,,,,,,,
,,,,,,,,8,2020-10-23_10h38.06.988,premce_ses-02_part-02_label-phase2,2020.1.2,Win32,60,right,1.294015,4,0.59464,0,36,36,138,1,stimuli/objects/wallclock.jpg,right,new,299,,,,,,,,
,,,,,,,,8,2020-10-23_10h38.06.988,premce_ses-02_part-02_label-phase2,2020.1.2,Win32,60,left,1.665475,4,0.33582,0,37,37,127,1,stimuli/objects/jaguar.jpg,left,old,288,,,,,,,,
,,,,,,,,8,2020-10-23_10h38.06.988,premce_ses-02_part-02_label-phase2,2020.1.2,Win32,60,right,0.79782,3,0.648855,0,38,38,150,1,stimuli/objects/urinal.jpg,left,old,311,,,,,,,,
,,,,,,,,8,2020-10-23_10h38.06.988,premce_ses-02_part-02_label-phase2,2020.1.2,Win32,60,right,1.075105,4,0.625145,0,39,39,64,1,stimuli/objects/cupcake.jpg,right,new,225,,,,,,,,
,,,,,,,,8,2020-10-23_10h38.06.988,premce_ses-02_part-02_label-phase2,2020.1.2,Win32,60,right,1.31697,4,2.016675,0,40,40,136,1,stimuli/objects/platypus.jpg,right,new,297,,,,,,,,
,,,,,,,,8,2020-10-23_10h38.06.988,premce_ses-02_part-02_label-phase2,2020.1.2,Win32,60,left,1.36963,3,5.5025,0,41,41,4,1,stimuli/objects/bowrake.jpg,right,new,165,,,,,,,,
,,,,,,,,8,2020-10-23_10h38.06.988,premce_ses-02_part-02_label-phase2,2020.1.2,Win32,60,right,1.50924,4,0.88328,0,42,42,126,1,stimuli/objects/entrancegate.jpg,left,old,287,,,,,,,,
,,,,,,,,8,2020-10-23_10h38.06.988,premce_ses-02_part-02_label-phase2,2020.1.2,Win32,60,right,0.89709,4,11.691435,0,43,43,90,1,stimuli/objects/vacuumcleaner01.jpg,right,new,251,,,,,,,,
,,,,,,,,8,2020-10-23_10h38.06.988,premce_ses-02_part-02_label-phase2,2020.1.2,Win32,60,right,1.53088,4,1.747715,0,44,44,3,1,stimuli/objects/pitchfork.jpg,right,new,164,,,,,,,,
,,,,,,,,8,2020-10-23_10h38.06.988,premce_ses-02_part-02_label-phase2,2020.1.2,Win32,60,right,0.978425,4,0.72081,0,45,45,152,1,stimuli/objects/waterfall.jpg,right,new,313,,,,,,,,
,,,,,,,,8,2020-10-23_10h38.06.988,premce_ses-02_part-02_label-phase2,2020.1.2,Win32,60,left,1.832445,4,3.2351,0,46,46,97,1,stimuli/objects/blackolive.jpg,left,old,258,,,,,,,,
,,,,,,,,8,2020-10-23_10h38.06.988,premce_ses-02_part-02_label-phase2,2020.1.2,Win32,60,left,1.200625,2,1.803625,0,47,47,43,1,stimuli/objects/tricycle.jpg,left,old,204,,,,,,,,
,,,,,,,,8,2020-10-23_10h38.06.988,premce_ses-02_part-02_label-phase2,2020.1.2,Win32,60,right,1.826075,3,6.42495,0,48,48,144,1,stimuli/objects/filingcabinet.jpg,right,new,305,,,,,,,,
,,,,,,,,8,2020-10-23_10h38.06.988,premce_ses-02_part-02_label-phase2,2020.1.2,Win32,60,right,0.960035,3,1.321575,0,49,49,91,1,stimuli/objects/lawnmower.jpg,right,new,252,,,,,,,,
,,,,,,,,8,2020-10-23_10h38.06.988,premce_ses-02_part-02_label-phase2,2020.1.2,Win32,60,right,1.78763,4,0.613305,0,50,50,129,1,stimuli/objects/treestump.jpg,right,new,290,,,,,,,,
,,,,,,,,8,2020-10-23_10h38.06.988,premce_ses-02_part-02_label-phase2,2020.1.2,Win32,60,left,1.18702,4,0.37953,0,51,51,42,1,stimuli/objects/electricguitar01.jpg,left,old,203,,,,,,,,
,,,,,,,,8,2020-10-23_10h38.06.988,premce_ses-02_part-02_label-phase2,2020.1.2,Win32,60,left,0.88315,4,0.332325,0,52,52,104,1,stimuli/objects/mirror02.jpg,left,old,265,,,,,,,,
,,,,,,,,8,2020-10-23_10h38.06.988,premce_ses-02_part-02_label-phase2,2020.1.2,Win32,60,right,1.699705,4,0.537995,0,53,53,100,1,stimuli/objects/gps.jpg,right,new,261,,,,,,,,
,,,,,,,,8,2020-10-23_10h38.06.988,premce_ses-02_part-02_label-phase2,2020.1.2,Win32,60,right,0.7387,4,0.929185,0,54,54,98,1,stimuli/objects/pig.jpg,right,new,259,,,,,,,,
,,,,,,,,8,2020-10-23_10h38.06.988,premce_ses-02_part-02_label-phase2,2020.1.2,Win32,60,right,1.446675,4,1.34667,0,55,55,41,1,stimuli/objects/salmon.jpg,right,new,202,,,,,,,,
,,,,,,,,8,2020-10-23_10h38.06.988,premce_ses-02_part-02_label-phase2,2020.1.2,Win32,60,right,1.758345,2,1.26185,0,56,56,106,1,stimuli/objects/nosmokingsign.jpg,right,new,267,,,,,,,,
,,,,,,,,8,2020-10-23_10h38.06.988,premce_ses-02_part-02_label-phase2,2020.1.2,Win32,60,right,1.533175,4,0.590475,0,57,57,15,1,stimuli/objects/tent.jpg,left,old,176,,,,,,,,
,,,,,,,,8,2020-10-23_10h38.06.988,premce_ses-02_part-02_label-phase2,2020.1.2,Win32,60,left,1.289135,4,0.342335,0,58,58,23,1,stimuli/objects/flugglehorn.jpg,left,old,184,,,,,,,,
,,,,,,,,8,2020-10-23_10h38.06.988,premce_ses-02_part-02_label-phase2,2020.1.2,Win32,60,left,1.295035,4,0.449135,0,59,59,34,1,stimuli/objects/sandcastle.jpg,left,old,195,,,,,,,,
,,,,,,,,8,2020-10-23_10h38.06.988,premce_ses-02_part-02_label-phase2,2020.1.2,Win32,60,right,1.471275,4,0.3927,0,60,60,147,1,stimuli/objects/hotdog.jpg,right,new,308,,,,,,,,
,,,,,,,,8,2020-10-23_10h38.06.988,premce_ses-02_part-02_label-phase2,2020.1.2,Win32,60,right,1.530625,4,0.321245,0,61,61,77,1,stimuli/objects/cowbell.jpg,right,new,238,,,,,,,,
,,,,,,,,8,2020-10-23_10h38.06.988,premce_ses-02_part-02_label-phase2,2020.1.2,Win32,60,right,1.51945,4,0.435255,0,62,62,63,1,stimuli/objects/witchhat.jpg,left,old,224,,,,,,,,
,,,,,,,,8,2020-10-23_10h38.06.988,premce_ses-02_part-02_label-phase2,2020.1.2,Win32,60,right,1.73357,4,1.03592,0,63,63,102,1,stimuli/objects/englishcucumber.jpg,right,new,263,,,,,,,,
,,,,,,,,8,2020-10-23_10h38.06.988,premce_ses-02_part-02_label-phase2,2020.1.2,Win32,60,left,1.150695,4,0.958645,0,64,64,87,1,stimuli/objects/gazebo.jpg,left,old,248,,,,,,,,
,,,,,,,,8,2020-10-23_10h38.06.988,premce_ses-02_part-02_label-phase2,2020.1.2,Win32,60,right,0.75033,3,0.99788,0,65,65,72,1,stimuli/objects/shoppingcart.jpg,left,old,233,,,,,,,,
,,,,,,,,8,2020-10-23_10h38.06.988,premce_ses-02_part-02_label-phase2,2020.1.2,Win32,60,left,1.022995,4,0.568365,0,66,66,146,1,stimuli/objects/chainsaw.jpg,left,old,307,,,,,,,,
,,,,,,,,8,2020-10-23_10h38.06.988,premce_ses-02_part-02_label-phase2,2020.1.2,Win32,60,right,0.69343,4,1.202525,0,67,67,103,1,stimuli/objects/beaver.jpg,left,old,264,,,,,,,,
,,,,,,,,8,2020-10-23_10h38.06.988,premce_ses-02_part-02_label-phase2,2020.1.2,Win32,60,right,0.84138,4,0.642015,0,68,68,65,1,stimuli/objects/armchair02.jpg,right,new,226,,,,,,,,
,,,,,,,,8,2020-10-23_10h38.06.988,premce_ses-02_part-02_label-phase2,2020.1.2,Win32,60,left,0.867765,4,1.17803,0,69,69,119,1,stimuli/objects/surfboard.jpg,left,old,280,,,,,,,,
,,,,,,,,8,2020-10-23_10h38.06.988,premce_ses-02_part-02_label-phase2,2020.1.2,Win32,60,right,5.77595,4,0.76514,0,70,70,11,1,stimuli/objects/nunchuk.jpg,right,new,172,,,,,,,,
,,,,,,,,8,2020-10-23_10h38.06.988,premce_ses-02_part-02_label-phase2,2020.1.2,Win32,60,right,1.3223,4,3.99197,0,71,71,19,1,stimuli/objects/chimney.jpg,right,new,180,,,,,,,,
,,,,,,,,8,2020-10-23_10h38.06.988,premce_ses-02_part-02_label-phase2,2020.1.2,Win32,60,right,1.283055,4,2.635105,0,72,72,71,1,stimuli/objects/cross01.jpg,right,new,232,,,,,,,,
,,,,,,,,8,2020-10-23_10h38.06.988,premce_ses-02_part-02_label-phase2,2020.1.2,Win32,60,left,0.94912,4,0.371955,0,73,73,109,1,stimuli/objects/spaghetti01.jpg,left,old,270,,,,,,,,
,,,,,,,,8,2020-10-23_10h38.06.988,premce_ses-02_part-02_label-phase2,2020.1.2,Win32,60,right,1.067395,4,0.735485,0,74,74,75,1,stimuli/objects/snowshoe.jpg,right,new,236,,,,,,,,
,,,,,,,,8,2020-10-23_10h38.06.988,premce_ses-02_part-02_label-phase2,2020.1.2,Win32,60,left,0.836695,3,0.697725,0,75,75,114,1,stimuli/objects/turkey.jpg,left,old,275,,,,,,,,
,,,,,,,,8,2020-10-23_10h38.06.988,premce_ses-02_part-02_label-phase2,2020.1.2,Win32,60,right,1.2574,4,1.35621,0,76,76,1,1,stimuli/objects/bridge.jpg,right,new,162,,,,,,,,
,,,,,,,,8,2020-10-23_10h38.06.988,premce_ses-02_part-02_label-phase2,2020.1.2,Win32,60,right,0.956835,4,0.334345,0,77,77,82,1,stimuli/objects/missile.jpg,right,new,243,,,,,,,,
,,,,,,,,8,2020-10-23_10h38.06.988,premce_ses-02_part-02_label-phase2,2020.1.2,Win32,60,right,0.73045,4,0.68481,0,78,78,81,1,stimuli/objects/painting.jpg,right,new,242,,,,,,,,
,,,,,,,,8,2020-10-23_10h38.06.988,premce_ses-02_part-02_label-phase2,2020.1.2,Win32,60,right,1.01366,4,0.4563,0,79,79,78,1,stimuli/objects/smartboard.jpg,right,new,239,,,,,,,,
,,,,,,,,8,2020-10-23_10h38.06.988,premce_ses-02_part-02_label-phase2,2020.1.2,Win32,60,left,1.472595,4,0.666385,0,80,80,123,1,stimuli/objects/zebra.jpg,left,old,284,,,,,,,,
,,,,,,,,8,2020-10-23_10h38.06.988,premce_ses-02_part-02_label-phase2,2020.1.2,Win32,60,left,4.63364,4,0.94327,0,81,81,2,1,stimuli/objects/shelves.jpg,left,old,163,,,,,,,,
,,,,,,,,8,2020-10-23_10h38.06.988,premce_ses-02_part-02_label-phase2,2020.1.2,Win32,60,left,4.342245,4,1.233185,0,82,82,133,1,stimuli/objects/kneepad01c.jpg,left,old,294,,,,,,,,
,,,,,,,,8,2020-10-23_10h38.06.988,premce_ses-02_part-02_label-phase2,2020.1.2,Win32,60,right,1.468545,2,0.78888,0,83,83,45,1,stimuli/objects/dolly01.jpg,right,new,206,,,,,,,,
,,,,,,,,8,2020-10-23_10h38.06.988,premce_ses-02_part-02_label-phase2,2020.1.2,Win32,60,left,6.478365,3,8.123515,0,84,84,60,1,stimuli/objects/dormer.jpg,left,old,221,,,,,,,,
,,,,,,,,8,2020-10-23_10h38.06.988,premce_ses-02_part-02_label-phase2,2020.1.2,Win32,60,right,10.0841,3,11.2412,0,85,85,140,1,stimuli/objects/hammerheadshark.jpg,right,new,301,,,,,,,,
,,,,,,,,8,2020-10-23_10h38.06.988,premce_ses-02_part-02_label-phase2,2020.1.2,Win32,60,right,1.79793,3,1.44904,0,86,86,68,1,stimuli/objects/sailboat.jpg,right,new,229,,,,,,,,
,,,,,,,,8,2020-10-23_10h38.06.988,premce_ses-02_part-02_label-phase2,2020.1.2,Win32,60,right,0.83047,4,0.34478,0,87,87,86,1,stimuli/objects/masquerademask01.jpg,right,new,247,,,,,,,,
,,,,,,,,8,2020-10-23_10h38.06.988,premce_ses-02_part-02_label-phase2,2020.1.2,Win32,60,right,0.844655,4,0.43685,0,88,88,141,1,stimuli/objects/parachute.jpg,right,new,302,,,,,,,,
,,,,,,,,8,2020-10-23_10h38.06.988,premce_ses-02_part-02_label-phase2,2020.1.2,Win32,60,right,7.96081,4,0.48937,0,89,89,70,1,stimuli/objects/fluorescentlightbulb.jpg,right,new,231,,,,,,,,
,,,,,,,,8,2020-10-23_10h38.06.988,premce_ses-02_part-02_label-phase2,2020.1.2,Win32,60,left,1.831455,3,0.484665,0,90,90,153,1,stimuli/objects/toysoldier01b.jpg,left,old,314,,,,,,,,
,,,,,,,,8,2020-10-23_10h38.06.988,premce_ses-02_part-02_label-phase2,2020.1.2,Win32,60,right,0.92351,3,0.86017,0,91,91,107,1,stimuli/objects/skipole.jpg,left,old,268,,,,,,,,
,,,,,,,,8,2020-10-23_10h38.06.988,premce_ses-02_part-02_label-phase2,2020.1.2,Win32,60,left,0.871975,4,1.14978,0,92,92,21,1,stimuli/objects/acorn.jpg,left,old,182,,,,,,,,
,,,,,,,,8,2020-10-23_10h38.06.988,premce_ses-02_part-02_label-phase2,2020.1.2,Win32,60,left,1.297645,4,0.66732,0,93,93,8,1,stimuli/objects/bluejay.jpg,left,old,169,,,,,,,,
,,,,,,,,8,2020-10-23_10h38.06.988,premce_ses-02_part-02_label-phase2,2020.1.2,Win32,60,left,1.62639,2,1.06462,0,94,94,32,1,stimuli/objects/seagull.jpg,left,old,193,,,,,,,,
,,,,,,,,8,2020-10-23_10h38.06.988,premce_ses-02_part-02_label-phase2,2020.1.2,Win32,60,left,3.92585,4,0.830135,0,95,95,155,1,stimuli/objects/popcorn.jpg,left,old,316,,,,,,,,
,,,,,,,,8,2020-10-23_10h38.06.988,premce_ses-02_part-02_label-phase2,2020.1.2,Win32,60,left,0.820145,4,0.80447,0,96,96,145,1,stimuli/objects/makiroll.jpg,left,old,306,,,,,,,,
,,,,,,,,8,2020-10-23_10h38.06.988,premce_ses-02_part-02_label-phase2,2020.1.2,Win32,60,right,1.664335,4,0.37046,0,97,97,17,1,stimuli/objects/mrpotatohead.jpg,right,new,178,,,,,,,,
,,,,,,,,8,2020-10-23_10h38.06.988,premce_ses-02_part-02_label-phase2,2020.1.2,Win32,60,right,1.90304,4,0.649895,0,98,98,16,1,stimuli/objects/cymbal.jpg,right,new,177,,,,,,,,
,,,,,,,,8,2020-10-23_10h38.06.988,premce_ses-02_part-02_label-phase2,2020.1.2,Win32,60,right,0.735495,4,0.37376,0,99,99,59,1,stimuli/objects/saltshaker03a.jpg,right,new,220,,,,,,,,
,,,,,,,,8,2020-10-23_10h38.06.988,premce_ses-02_part-02_label-phase2,2020.1.2,Win32,60,right,1.106625,4,0.31413,0,100,100,157,1,stimuli/objects/lip.jpg,right,new,318,,,,,,,,
,,,,,,,,8,2020-10-23_10h38.06.988,premce_ses-02_part-02_label-phase2,2020.1.2,Win32,60,left,0.97751,4,0.462115,0,101,101,33,1,stimuli/objects/doghouse.jpg,left,old,194,,,,,,,,
,,,,,,,,8,2020-10-23_10h38.06.988,premce_ses-02_part-02_label-phase2,2020.1.2,Win32,60,left,2.52797,4,0.34088,0,102,102,51,1,stimuli/objects/bus.jpg,left,old,212,,,,,,,,
,,,,,,,,8,2020-10-23_10h38.06.988,premce_ses-02_part-02_label-phase2,2020.1.2,Win32,60,right,1.849765,4,0.369205,0,103,103,58,1,stimuli/objects/shipinabottle.jpg,right,new,219,,,,,,,,
,,,,,,,,8,2020-10-23_10h38.06.988,premce_ses-02_part-02_label-phase2,2020.1.2,Win32,60,left,1.167575,4,0.43269,0,104,104,37,1,stimuli/objects/pigeon.jpg,left,old,198,,,,,,,,
,,,,,,,,8,2020-10-23_10h38.06.988,premce_ses-02_part-02_label-phase2,2020.1.2,Win32,60,left,1.108295,4,0.4116,0,105,105,113,1,stimuli/objects/dogsled.jpg,left,old,274,,,,,,,,
,,,,,,,,8,2020-10-23_10h38.06.988,premce_ses-02_part-02_label-phase2,2020.1.2,Win32,60,left,1.169745,4,0.64496,0,106,106,50,1,stimuli/objects/honeybee.jpg,left,old,211,,,,,,,,
,,,,,,,,8,2020-10-23_10h38.06.988,premce_ses-02_part-02_label-phase2,2020.1.2,Win32,60,right,0.96705,4,0.496465,0,107,107,124,1,stimuli/objects/kangaroo01.jpg,right,new,285,,,,,,,,
,,,,,,,,8,2020-10-23_10h38.06.988,premce_ses-02_part-02_label-phase2,2020.1.2,Win32,60,right,0.864625,4,0.61779,0,108,108,110,1,stimuli/objects/scalpel.jpg,left,old,271,,,,,,,,
,,,,,,,,8,2020-10-23_10h38.06.988,premce_ses-02_part-02_label-phase2,2020.1.2,Win32,60,right,6.127585,4,0.63911,0,109,109,92,1,stimuli/objects/buoy.jpg,left,old,253,,,,,,,,
,,,,,,,,8,2020-10-23_10h38.06.988,premce_ses-02_part-02_label-phase2,2020.1.2,Win32,60,right,1.248425,2,0.73676,0,110,110,9,1,stimuli/objects/dolphin01.jpg,left,old,170,,,,,,,,
,,,,,,,,8,2020-10-23_10h38.06.988,premce_ses-02_part-02_label-phase2,2020.1.2,Win32,60,left,1.06517,4,0.33224,0,111,111,101,1,stimuli/objects/stairs.jpg,left,old,262,,,,,,,,
,,,,,,,,8,2020-10-23_10h38.06.988,premce_ses-02_part-02_label-phase2,2020.1.2,Win32,60,right,0.884945,4,0.410125,0,112,112,95,1,stimuli/objects/mouse.jpg,right,new,256,,,,,,,,
,,,,,,,,8,2020-10-23_10h38.06.988,premce_ses-02_part-02_label-phase2,2020.1.2,Win32,60,right,1.053405,4,1.493675,0,113,113,111,1,stimuli/objects/trailer.jpg,right,new,272,,,,,,,,
,,,,,,,,8,2020-10-23_10h38.06.988,premce_ses-02_part-02_label-phase2,2020.1.2,Win32,60,left,1.25221,3,0.698815,0,114,114,134,1,stimuli/objects/windturbine.jpg,left,old,295,,,,,,,,
,,,,,,,,8,2020-10-23_10h38.06.988,premce_ses-02_part-02_label-phase2,2020.1.2,Win32,60,right,0.93285,4,1.317825,0,115,115,38,1,stimuli/objects/bull.jpg,right,new,199,,,,,,,,
,,,,,,,,8,2020-10-23_10h38.06.988,premce_ses-02_part-02_label-phase2,2020.1.2,Win32,60,left,0.94129,4,0.35588,0,116,116,80,1,stimuli/objects/parkfountain.jpg,left,old,241,,,,,,,,
,,,,,,,,8,2020-10-23_10h38.06.988,premce_ses-02_part-02_label-phase2,2020.1.2,Win32,60,left,2.152695,4,2.7947,0,117,117,13,1,stimuli/objects/monarchbutterfly.jpg,left,old,174,,,,,,,,
,,,,,,,,8,2020-10-23_10h38.06.988,premce_ses-02_part-02_label-phase2,2020.1.2,Win32,60,left,2.529835,2,0.38573,0,118,118,105,1,stimuli/objects/cuttlefish.jpg,left,old,266,,,,,,,,
,,,,,,,,8,2020-10-23_10h38.06.988,premce_ses-02_part-02_label-phase2,2020.1.2,Win32,60,left,1.44022,2,0.89477,0,119,119,40,1,stimuli/objects/porcupine.jpg,left,old,201,,,,,,,,
,,,,,,,,8,2020-10-23_10h38.06.988,premce_ses-02_part-02_label-phase2,2020.1.2,Win32,60,right,1.272065,4,0.34783,0,120,120,115,1,stimuli/objects/contactlens.jpg,right,new,276,,,,,,,,
,,,,,,,,8,2020-10-23_10h38.06.988,premce_ses-02_part-02_label-phase2,2020.1.2,Win32,60,right,0.78581,4,0.53234,0,121,121,108,1,stimuli/objects/boxingglove01.jpg,right,new,269,,,,,,,,
,,,,,,,,8,2020-10-23_10h38.06.988,premce_ses-02_part-02_label-phase2,2020.1.2,Win32,60,left,2.075135,4,0.351875,0,122,122,88,1,stimuli/objects/handbrush02.jpg,left,old,249,,,,,,,,
,,,,,,,,8,2020-10-23_10h38.06.988,premce_ses-02_part-02_label-phase2,2020.1.2,Win32,60,right,0.795865,4,4.089915,0,123,123,112,1,stimuli/objects/scorpion.jpg,right,new,273,,,,,,,,
,,,,,,,,8,2020-10-23_10h38.06.988,premce_ses-02_part-02_label-phase2,2020.1.2,Win32,60,right,0.826765,4,9.37497,0,124,124,83,1,stimuli/objects/redonion.jpg,left,old,244,,,,,,,,
,,,,,,,,8,2020-10-23_10h38.06.988,premce_ses-02_part-02_label-phase2,2020.1.2,Win32,60,right,1.36109,2,0.479415,0,125,125,76,1,stimuli/objects/snowshovel.jpg,right,new,237,,,,,,,,
,,,,,,,,8,2020-10-23_10h38.06.988,premce_ses-02_part-02_label-phase2,2020.1.2,Win32,60,right,0.78772,4,0.3203,0,126,126,10,1,stimuli/objects/locomotive.jpg,left,old,171,,,,,,,,
,,,,,,,,8,2020-10-23_10h38.06.988,premce_ses-02_part-02_label-phase2,2020.1.2,Win32,60,right,0.783145,4,0.632655,0,127,127,131,1,stimuli/objects/tablesaw.jpg,left,old,292,,,,,,,,
,,,,,,,,8,2020-10-23_10h38.06.988,premce_ses-02_part-02_label-phase2,2020.1.2,Win32,60,left,0.813195,4,0.414965,0,128,128,57,1,stimuli/objects/pumpkin.jpg,left,old,218,,,,,,,,
,,,,,,,,8,2020-10-23_10h38.06.988,premce_ses-02_part-02_label-phase2,2020.1.2,Win32,60,right,0.807755,1,2.98295,0,129,129,67,1,stimuli/objects/golfball.jpg,left,old,228,,,,,,,,
,,,,,,,,8,2020-10-23_10h38.06.988,premce_ses-02_part-02_label-phase2,2020.1.2,Win32,60,right,1.09979,4,2.325455,0,130,130,49,1,stimuli/objects/moon.jpg,right,new,210,,,,,,,,
,,,,,,,,8,2020-10-23_10h38.06.988,premce_ses-02_part-02_label-phase2,2020.1.2,Win32,60,right,1.492265,3,0.88505,0,131,131,22,1,stimuli/objects/schoolbus.jpg,right,new,183,,,,,,,,
,,,,,,,,8,2020-10-23_10h38.06.988,premce_ses-02_part-02_label-phase2,2020.1.2,Win32,60,right,5.406475,4,0.82371,0,132,132,94,1,stimuli/objects/cormorant.jpg,right,new,255,,,,,,,,
,,,,,,,,8,2020-10-23_10h38.06.988,premce_ses-02_part-02_label-phase2,2020.1.2,Win32,60,right,1.05069,4,0.31694,0,133,133,56,1,stimuli/objects/bumpercar.jpg,right,new,217,,,,,,,,
,,,,,,,,8,2020-10-23_10h38.06.988,premce_ses-02_part-02_label-phase2,2020.1.2,Win32,60,right,0.65296,4,24.15488,0,134,134,48,1,stimuli/objects/fishskeleton.jpg,right,new,209,,,,,,,,
,,,,,,,,8,2020-10-23_10h38.06.988,premce_ses-02_part-02_label-phase2,2020.1.2,Win32,60,right,3.492455,4,4.478865,0,135,135,46,1,stimuli/objects/kite.jpg,right,new,207,,,,,,,,
,,,,,,,,8,2020-10-23_10h38.06.988,premce_ses-02_part-02_label-phase2,2020.1.2,Win32,60,right,3.855685,4,9.71909,0,136,136,5,1,stimuli/objects/morningstar.jpg,right,new,166,,,,,,,,
,,,,,,,,8,2020-10-23_10h38.06.988,premce_ses-02_part-02_label-phase2,2020.1.2,Win32,60,left,0.776655,4,0.65984,0,137,137,53,1,stimuli/objects/ear.jpg,left,old,214,,,,,,,,
,,,,,,,,8,2020-10-23_10h38.06.988,premce_ses-02_part-02_label-phase2,2020.1.2,Win32,60,left,0.838445,4,0.57866,0,138,138,149,1,stimuli/objects/hulahoop.jpg,left,old,310,,,,,,,,
,,,,,,,,8,2020-10-23_10h38.06.988,premce_ses-02_part-02_label-phase2,2020.1.2,Win32,60,right,0.74998,4,0.403265,0,139,139,154,1,stimuli/objects/guitarcase.jpg,right,new,315,,,,,,,,
,,,,,,,,8,2020-10-23_10h38.06.988,premce_ses-02_part-02_label-phase2,2020.1.2,Win32,60,left,1.614965,4,0.551175,0,140,140,20,1,stimuli/objects/football.jpg,left,old,181,,,,,,,,
,,,,,,,,8,2020-10-23_10h38.06.988,premce_ses-02_part-02_label-phase2,2020.1.2,Win32,60,right,1.06325,4,0.596485,0,141,141,39,1,stimuli/objects/stroller.jpg,left,old,200,,,,,,,,
,,,,,,,,8,2020-10-23_10h38.06.988,premce_ses-02_part-02_label-phase2,2020.1.2,Win32,60,left,0.80545,4,0.406365,0,142,142,84,1,stimuli/objects/musicstand.jpg,left,old,245,,,,,,,,
,,,,,,,,8,2020-10-23_10h38.06.988,premce_ses-02_part-02_label-phase2,2020.1.2,Win32,60,left,1.130695,3,0.43674,0,143,143,158,1,stimuli/objects/bed.jpg,left,old,319,,,,,,,,
,,,,,,,,8,2020-10-23_10h38.06.988,premce_ses-02_part-02_label-phase2,2020.1.2,Win32,60,right,1.00298,4,0.6622,0,144,144,156,1,stimuli/objects/faxmachine.jpg,right,new,317,,,,,,,,
,,,,,,,,8,2020-10-23_10h38.06.988,premce_ses-02_part-02_label-phase2,2020.1.2,Win32,60,right,1.93043,4,8.175665,0,145,145,139,1,stimuli/objects/floortile02.jpg,right,new,300,,,,,,,,
,,,,,,,,8,2020-10-23_10h38.06.988,premce_ses-02_part-02_label-phase2,2020.1.2,Win32,60,right,2.656735,4,1.680715,0,146,146,14,1,stimuli/objects/hockeystick.jpg,left,old,175,,,,,,,,
,,,,,,,,8,2020-10-23_10h38.06.988,premce_ses-02_part-02_label-phase2,2020.1.2,Win32,60,right,12.912165,4,0.67417,0,147,147,7,1,stimuli/objects/sink.jpg,right,new,168,,,,,,,,
,,,,,,,,8,2020-10-23_10h38.06.988,premce_ses-02_part-02_label-phase2,2020.1.2,Win32,60,left,1.766465,4,1.78053,0,148,148,47,1,stimuli/objects/jellyfish.jpg,left,old,208,,,,,,,,
,,,,,,,,8,2020-10-23_10h38.06.988,premce_ses-02_part-02_label-phase2,2020.1.2,Win32,60,left,44.063245,4,1.13119,0,149,149,27,1,stimuli/objects/star.jpg,left,old,188,,,,,,,,
,,,,,,,,8,2020-10-23_10h38.06.988,premce_ses-02_part-02_label-phase2,2020.1.2,Win32,60,right,1.085565,4,0.7968,0,150,150,125,1,stimuli/objects/chipmunk.jpg,right,new,286,,,,,,,,
,,,,,,,,8,2020-10-23_10h38.06.988,premce_ses-02_part-02_label-phase2,2020.1.2,Win32,60,right,1.02319,4,1.06768,0,151,151,26,1,stimuli/objects/cookingpot.jpg,right,new,187,,,,,,,,
,,,,,,,,8,2020-10-23_10h38.06.988,premce_ses-02_part-02_label-phase2,2020.1.2,Win32,60,right,1.15987,4,1.756675,0,152,152,143,1,stimuli/objects/squirrel.jpg,right,new,304,,,,,,,,
,,,,,,,,8,2020-10-23_10h38.06.988,premce_ses-02_part-02_label-phase2,2020.1.2,Win32,60,left,1.619885,3,0.550735,0,153,153,54,1,stimuli/objects/stepladder.jpg,left,old,215,,,,,,,,
,,,,,,,,8,2020-10-23_10h38.06.988,premce_ses-02_part-02_label-phase2,2020.1.2,Win32,60,left,1.275405,3,0.43217,0,154,154,121,1,stimuli/objects/musicsheet.jpg,left,old,282,,,,,,,,
,,,,,,,,8,2020-10-23_10h38.06.988,premce_ses-02_part-02_label-phase2,2020.1.2,Win32,60,left,1.315165,4,2.37,0,155,155,99,1,stimuli/objects/basketball01.jpg,left,old,260,,,,,,,,
,,,,,,,,8,2020-10-23_10h38.06.988,premce_ses-02_part-02_label-phase2,2020.1.2,Win32,60,right,0.73006,4,1.081875,0,156,156,118,1,stimuli/objects/trophy01.jpg,left,old,279,,,,,,,,
,,,,,,,,8,2020-10-23_10h38.06.988,premce_ses-02_part-02_label-phase2,2020.1.2,Win32,60,right,3.30842,4,0.597365,0,157,157,35,1,stimuli/objects/eiffeltower.jpg,right,new,196,,,,,,,,
,,,,,,,,8,2020-10-23_10h38.06.988,premce_ses-02_part-02_label-phase2,2020.1.2,Win32,60,right,2.235715,4,0.50117,0,158,158,61,1,stimuli/objects/graduationcap.jpg,left,old,222,,,,,,,,
,,,,,,,,8,2020-10-23_10h38.06.988,premce_ses-02_part-02_label-phase2,2020.1.2,Win32,60,right,0.715015,4,0.485965,0,159,159,36,1,stimuli/objects/recyclingbin.jpg,right,new,197,,,,,,,,
,,,,,,,,8,2020-10-23_10h38.06.988,premce_ses-02_part-02_label-phase2,2020.1.2,Win32,60,,,,,,,,,,,,,,space,28.84069,0,0,0,1,1,ImagesforRecog2.csv
,,,,,,,,8,2020-10-23_10h38.06.988,premce_ses-02_part-02_label-phase2,2020.1.2,Win32,60,right,1.25821,1,0.687835,0,0,0,16,1,stimuli/objects/cashregister01.jpg,left,old,17,,,,,,,,
,,,,,,,,8,2020-10-23_10h38.06.988,premce_ses-02_part-02_label-phase2,2020.1.2,Win32,60,left,0.784295,4,1.098635,0,1,1,24,1,stimuli/objects/christmaslights.jpg,left,old,25,,,,,,,,
,,,,,,,,8,2020-10-23_10h38.06.988,premce_ses-02_part-02_label-phase2,2020.1.2,Win32,60,right,0.997895,4,0.62173,0,2,2,63,1,stimuli/objects/rose.jpg,right,new,64,,,,,,,,
,,,,,,,,8,2020-10-23_10h38.06.988,premce_ses-02_part-02_label-phase2,2020.1.2,Win32,60,right,0.9174,4,0.613675,0,3,3,125,1,stimuli/objects/horse.jpg,left,old,126,,,,,,,,
,,,,,,,,8,2020-10-23_10h38.06.988,premce_ses-02_part-02_label-phase2,2020.1.2,Win32,60,right,0.682585,4,0.420025,0,4,4,73,1,stimuli/objects/ladybug03.jpg,right,new,74,,,,,,,,
,,,,,,,,8,2020-10-23_10h38.06.988,premce_ses-02_part-02_label-phase2,2020.1.2,Win32,60,right,1.64171,4,0.32131,0,5,5,64,1,stimuli/objects/baseballglove.jpg,right,new,65,,,,,,,,
,,,,,,,,8,2020-10-23_10h38.06.988,premce_ses-02_part-02_label-phase2,2020.1.2,Win32,60,right,1.03137,4,2.46577,0,6,6,84,1,stimuli/objects/diploma02.jpg,left,old,85,,,,,,,,
,,,,,,,,8,2020-10-23_10h38.06.988,premce_ses-02_part-02_label-phase2,2020.1.2,Win32,60,right,67.614925,4,1.5652,0,7,7,46,1,stimuli/objects/coffeemachine.jpg,right,new,47,,,,,,,,
,,,,,,,,8,2020-10-23_10h38.06.988,premce_ses-02_part-02_label-phase2,2020.1.2,Win32,60,right,2.089085,4,0.286305,0,8,8,7,1,stimuli/objects/whiteout.jpg,right,new,8,,,,,,,,
,,,,,,,,8,2020-10-23_10h38.06.988,premce_ses-02_part-02_label-phase2,2020.1.2,Win32,60,right,1.13465,3,0.508915,0,9,9,101,1,stimuli/objects/wheelchair.jpg,left,old,102,,,,,,,,
,,,,,,,,8,2020-10-23_10h38.06.988,premce_ses-02_part-02_label-phase2,2020.1.2,Win32,60,left,1.77452,4,0.27952,0,10,10,57,1,stimuli/objects/weddingcake.jpg,left,old,58,,,,,,,,
,,,,,,,,8,2020-10-23_10h38.06.988,premce_ses-02_part-02_label-phase2,2020.1.2,Win32,60,right,0.63582,4,0.31943,0,11,11,139,1,stimuli/objects/callbell.jpg,right,new,140,,,,,,,,
,,,,,,,,8,2020-10-23_10h38.06.988,premce_ses-02_part-02_label-phase2,2020.1.2,Win32,60,right,0.80393,4,0.249025,0,12,12,13,1,stimuli/objects/lighthouse.jpg,right,new,14,,,,,,,,
,,,,,,,,8,2020-10-23_10h38.06.988,premce_ses-02_part-02_label-phase2,2020.1.2,Win32,60,right,1.239505,3,0.025035,0,13,13,55,1,stimuli/objects/cremebrulee.jpg,right,new,56,,,,,,,,
,,,,,,,,8,2020-10-23_10h38.06.988,premce_ses-02_part-02_label-phase2,2020.1.2,Win32,60,right,0.83462,2,0.64895,0,14,14,14,1,stimuli/objects/riverotter.jpg,right,new,15,,,,,,,,
,,,,,,,,8,2020-10-23_10h38.06.988,premce_ses-02_part-02_label-phase2,2020.1.2,Win32,60,left,0.765475,4,1.187585,0,15,15,148,1,stimuli/objects/skihelmet01.jpg,left,old,149,,,,,,,,
,,,,,,,,8,2020-10-23_10h38.06.988,premce_ses-02_part-02_label-phase2,2020.1.2,Win32,60,left,2.55477,4,0.689865,0,16,16,9,1,stimuli/objects/granolabar01.jpg,left,old,10,,,,,,,,
,,,,,,,,8,2020-10-23_10h38.06.988,premce_ses-02_part-02_label-phase2,2020.1.2,Win32,60,left,11.23344,4,0.44929,0,17,17,37,1,stimuli/objects/donut.jpg,left,old,38,,,,,,,,
,,,,,,,,8,2020-10-23_10h38.06.988,premce_ses-02_part-02_label-phase2,2020.1.2,Win32,60,left,0.726525,4,0.437935,0,18,18,5,1,stimuli/objects/winniethepooh.jpg,left,old,6,,,,,,,,
,,,,,,,,8,2020-10-23_10h38.06.988,premce_ses-02_part-02_label-phase2,2020.1.2,Win32,60,right,1.017095,4,0.36833,0,19,19,90,1,stimuli/objects/ducttape.jpg,right,new,91,,,,,,,,
,,,,,,,,8,2020-10-23_10h38.06.988,premce_ses-02_part-02_label-phase2,2020.1.2,Win32,60,left,9.880205,3,2.739985,0,20,20,146,1,stimuli/objects/martiniglass01b.jpg,left,old,147,,,,,,,,
,,,,,,,,8,2020-10-23_10h38.06.988,premce_ses-02_part-02_label-phase2,2020.1.2,Win32,60,left,4.370345,4,2.33288,0,21,21,60,1,stimuli/objects/worldmap.jpg,left,old,61,,,,,,,,
,,,,,,,,8,2020-10-23_10h38.06.988,premce_ses-02_part-02_label-phase2,2020.1.2,Win32,60,right,2.006245,3,1.067045,0,22,22,62,1,stimuli/objects/icecube02.jpg,left,old,63,,,,,,,,
,,,,,,,,8,2020-10-23_10h38.06.988,premce_ses-02_part-02_label-phase2,2020.1.2,Win32,60,right,0.804375,4,1.487605,0,23,23,33,1,stimuli/objects/helicopter.jpg,right,new,34,,,,,,,,
,,,,,,,,8,2020-10-23_10h38.06.988,premce_ses-02_part-02_label-phase2,2020.1.2,Win32,60,right,1.74985,4,0.726885,0,24,24,156,1,stimuli/objects/battleaxe.jpg,right,new,157,,,,,,,,
,,,,,,,,8,2020-10-23_10h38.06.988,premce_ses-02_part-02_label-phase2,2020.1.2,Win32,60,right,1.041555,4,9.261815,0,25,25,152,1,stimuli/objects/xylophone.jpg,left,old,153,,,,,,,,
,,,,,,,,8,2020-10-23_10h38.06.988,premce_ses-02_part-02_label-phase2,2020.1.2,Win32,60,right,0.91414,4,0.587835,0,26,26,38,1,stimuli/objects/coffeemaker.jpg,right,new,39,,,,,,,,
,,,,,,,,8,2020-10-23_10h38.06.988,premce_ses-02_part-02_label-phase2,2020.1.2,Win32,60,right,0.85901,4,0.359,0,27,27,118,1,stimuli/objects/cruiseship.jpg,left,old,119,,,,,,,,
,,,,,,,,8,2020-10-23_10h38.06.988,premce_ses-02_part-02_label-phase2,2020.1.2,Win32,60,right,0.73173,4,0.48005,0,28,28,87,1,stimuli/objects/parkingmeter.jpg,left,old,88,,,,,,,,
,,,,,,,,8,2020-10-23_10h38.06.988,premce_ses-02_part-02_label-phase2,2020.1.2,Win32,60,right,0.631985,4,0.729865,0,29,29,94,1,stimuli/objects/statue.jpg,right,new,95,,,,,,,,
,,,,,,,,8,2020-10-23_10h38.06.988,premce_ses-02_part-02_label-phase2,2020.1.2,Win32,60,right,1.099185,4,0.823065,0,30,30,109,1,stimuli/objects/bathtub.jpg,right,new,110,,,,,,,,
,,,,,,,,8,2020-10-23_10h38.06.988,premce_ses-02_part-02_label-phase2,2020.1.2,Win32,60,right,1.26466,4,12.903965,0,31,31,134,1,stimuli/objects/rubikcube.jpg,right,new,135,,,,,,,,
,,,,,,,,8,2020-10-23_10h38.06.988,premce_ses-02_part-02_label-phase2,2020.1.2,Win32,60,right,1.085265,4,0.72919,0,32,32,15,1,stimuli/objects/lantern03.jpg,right,new,16,,,,,,,,
,,,,,,,,8,2020-10-23_10h38.06.988,premce_ses-02_part-02_label-phase2,2020.1.2,Win32,60,left,14.286675,3,0.984415,0,33,33,19,1,stimuli/objects/peacock.jpg,right,new,20,,,,,,,,
,,,,,,,,8,2020-10-23_10h38.06.988,premce_ses-02_part-02_label-phase2,2020.1.2,Win32,60,right,0.908415,4,0.762485,0,34,34,41,1,stimuli/objects/spiderweb.jpg,right,new,42,,,,,,,,
,,,,,,,,8,2020-10-23_10h38.06.988,premce_ses-02_part-02_label-phase2,2020.1.2,Win32,60,right,2.19306,4,0.589595,0,35,35,98,1,stimuli/objects/well.jpg,left,old,99,,,,,,,,
,,,,,,,,8,2020-10-23_10h38.06.988,premce_ses-02_part-02_label-phase2,2020.1.2,Win32,60,right,0.744915,4,1.321495,0,36,36,6,1,stimuli/objects/trojanhorse.jpg,right,new,7,,,,,,,,
,,,,,,,,8,2020-10-23_10h38.06.988,premce_ses-02_part-02_label-phase2,2020.1.2,Win32,60,right,0.76366,4,0.47232,0,37,37,23,1,stimuli/objects/bat.jpg,right,new,24,,,,,,,,
,,,,,,,,8,2020-10-23_10h38.06.988,premce_ses-02_part-02_label-phase2,2020.1.2,Win32,60,right,0.77922,4,0.445515,0,38,38,52,1,stimuli/objects/tree.jpg,right,new,53,,,,,,,,
,,,,,,,,8,2020-10-23_10h38.06.988,premce_ses-02_part-02_label-phase2,2020.1.2,Win32,60,right,2.511055,4,0.70085,0,39,39,47,1,stimuli/objects/ant.jpg,right,new,48,,,,,,,,
,,,,,,,,8,2020-10-23_10h38.06.988,premce_ses-02_part-02_label-phase2,2020.1.2,Win32,60,right,0.763065,4,1.20107,0,40,40,43,1,stimuli/objects/slushiemachine.jpg,right,new,44,,,,,,,,
,,,,,,,,8,2020-10-23_10h38.06.988,premce_ses-02_part-02_label-phase2,2020.1.2,Win32,60,right,1.370525,4,0.29669,0,41,41,138,1,stimuli/objects/raccoon.jpg,right,new,139,,,,,,,,
,,,,,,,,8,2020-10-23_10h38.06.988,premce_ses-02_part-02_label-phase2,2020.1.2,Win32,60,left,0.78094,4,0.36197,0,42,42,121,1,stimuli/objects/triangle.jpg,left,old,122,,,,,,,,
,,,,,,,,8,2020-10-23_10h38.06.988,premce_ses-02_part-02_label-phase2,2020.1.2,Win32,60,right,1.23735,4,0.91312,0,43,43,0,1,stimuli/objects/fishingrod.jpg,right,new,1,,,,,,,,
,,,,,,,,8,2020-10-23_10h38.06.988,premce_ses-02_part-02_label-phase2,2020.1.2,Win32,60,left,0.90549,4,0.344195,0,44,44,100,1,stimuli/objects/baseballbat.jpg,left,old,101,,,,,,,,
,,,,,,,,8,2020-10-23_10h38.06.988,premce_ses-02_part-02_label-phase2,2020.1.2,Win32,60,right,0.7063,4,5.101985,0,45,45,76,1,stimuli/objects/dromedary.jpg,left,old,77,,,,,,,,
,,,,,,,,8,2020-10-23_10h38.06.988,premce_ses-02_part-02_label-phase2,2020.1.2,Win32,60,left,9.86616,4,2.703835,0,46,46,132,1,stimuli/objects/trafficlight.jpg,left,old,133,,,,,,,,
,,,,,,,,8,2020-10-23_10h38.06.988,premce_ses-02_part-02_label-phase2,2020.1.2,Win32,60,left,1.848235,4,3.229425,0,47,47,48,1,stimuli/objects/taxisign.jpg,left,old,49,,,,,,,,
,,,,,,,,8,2020-10-23_10h38.06.988,premce_ses-02_part-02_label-phase2,2020.1.2,Win32,60,left,1.01294,1,0.716825,0,48,48,112,1,stimuli/objects/webcam.jpg,right,new,113,,,,,,,,
,,,,,,,,8,2020-10-23_10h38.06.988,premce_ses-02_part-02_label-phase2,2020.1.2,Win32,60,left,1.005375,4,9.688185,0,49,49,40,1,stimuli/objects/bread.jpg,left,old,41,,,,,,,,
,,,,,,,,8,2020-10-23_10h38.06.988,premce_ses-02_part-02_label-phase2,2020.1.2,Win32,60,left,2.69703,4,3.311975,0,50,50,130,1,stimuli/objects/toyanimal05.jpg,left,old,131,,,,,,,,
,,,,,,,,8,2020-10-23_10h38.06.988,premce_ses-02_part-02_label-phase2,2020.1.2,Win32,60,right,1.853335,2,1.14893,0,51,51,106,1,stimuli/objects/brownsugar.jpg,left,old,107,,,,,,,,
,,,,,,,,8,2020-10-23_10h38.06.988,premce_ses-02_part-02_label-phase2,2020.1.2,Win32,60,left,2.55406,4,0.66226,0,52,52,70,1,stimuli/objects/apron.jpg,left,old,71,,,,,,,,
,,,,,,,,8,2020-10-23_10h38.06.988,premce_ses-02_part-02_label-phase2,2020.1.2,Win32,60,right,1.651665,4,2.447225,0,53,53,153,1,stimuli/objects/harmonica.jpg,right,new,154,,,,,,,,
,,,,,,,,8,2020-10-23_10h38.06.988,premce_ses-02_part-02_label-phase2,2020.1.2,Win32,60,left,1.08585,4,0.483475,0,54,54,10,1,stimuli/objects/americanwhitepelican.jpg,left,old,11,,,,,,,,
,,,,,,,,8,2020-10-23_10h38.06.988,premce_ses-02_part-02_label-phase2,2020.1.2,Win32,60,left,1.35505,4,0.26427,0,55,55,79,1,stimuli/objects/jellybean.jpg,left,old,80,,,,,,,,
,,,,,,,,8,2020-10-23_10h38.06.988,premce_ses-02_part-02_label-phase2,2020.1.2,Win32,60,right,0.969295,2,0.902915,0,56,56,102,1,stimuli/objects/sheriffhat.jpg,left,old,103,,,,,,,,
,,,,,,,,8,2020-10-23_10h38.06.988,premce_ses-02_part-02_label-phase2,2020.1.2,Win32,60,right,0.784845,4,0.83601,0,57,57,113,1,stimuli/objects/fortunecookie.jpg,right,new,114,,,,,,,,
,,,,,,,,8,2020-10-23_10h38.06.988,premce_ses-02_part-02_label-phase2,2020.1.2,Win32,60,right,0.63585,4,0.97651,0,58,58,103,1,stimuli/objects/skiboot01a.jpg,right,new,104,,,,,,,,
,,,,,,,,8,2020-10-23_10h38.06.988,premce_ses-02_part-02_label-phase2,2020.1.2,Win32,60,right,0.789695,4,0.39314,0,59,59,133,1,stimuli/objects/skateboard.jpg,left,old,134,,,,,,,,
,,,,,,,,8,2020-10-23_10h38.06.988,premce_ses-02_part-02_label-phase2,2020.1.2,Win32,60,right,1.215675,2,4.020045,0,60,60,56,1,stimuli/objects/cannon.jpg,left,old,57,,,,,,,,
,,,,,,,,8,2020-10-23_10h38.06.988,premce_ses-02_part-02_label-phase2,2020.1.2,Win32,60,right,0.88335,3,0.419645,0,61,61,12,1,stimuli/objects/pingpongtable.jpg,right,new,13,,,,,,,,
,,,,,,,,8,2020-10-23_10h38.06.988,premce_ses-02_part-02_label-phase2,2020.1.2,Win32,60,right,1.10965,4,0.379905,0,62,62,96,1,stimuli/objects/pin.jpg,right,new,97,,,,,,,,
,,,,,,,,8,2020-10-23_10h38.06.988,premce_ses-02_part-02_label-phase2,2020.1.2,Win32,60,right,4.04471,4,0.472435,0,63,63,50,1,stimuli/objects/windshieldwiper02.jpg,right,new,51,,,,,,,,
,,,,,,,,8,2020-10-23_10h38.06.988,premce_ses-02_part-02_label-phase2,2020.1.2,Win32,60,right,1.207185,4,0.396685,0,64,64,128,1,stimuli/objects/toilet.jpg,right,new,129,,,,,,,,
,,,,,,,,8,2020-10-23_10h38.06.988,premce_ses-02_part-02_label-phase2,2020.1.2,Win32,60,right,2.19514,4,0.6516,0,65,65,83,1,stimuli/objects/crab01.jpg,left,old,84,,,,,,,,
,,,,,,,,8,2020-10-23_10h38.06.988,premce_ses-02_part-02_label-phase2,2020.1.2,Win32,60,right,1.09195,4,0.487595,0,66,66,108,1,stimuli/objects/brassknuckle.jpg,left,old,109,,,,,,,,
,,,,,,,,8,2020-10-23_10h38.06.988,premce_ses-02_part-02_label-phase2,2020.1.2,Win32,60,left,1.247945,3,0.60262,0,67,67,20,1,stimuli/objects/escalator.jpg,left,old,21,,,,,,,,
,,,,,,,,8,2020-10-23_10h38.06.988,premce_ses-02_part-02_label-phase2,2020.1.2,Win32,60,left,1.115015,2,0.32951,0,68,68,154,1,stimuli/objects/dartboard.jpg,left,old,155,,,,,,,,
,,,,,,,,8,2020-10-23_10h38.06.988,premce_ses-02_part-02_label-phase2,2020.1.2,Win32,60,left,3.50952,4,0.51257,0,69,69,92,1,stimuli/objects/athleticsock.jpg,left,old,93,,,,,,,,
,,,,,,,,8,2020-10-23_10h38.06.988,premce_ses-02_part-02_label-phase2,2020.1.2,Win32,60,right,0.657965,4,0.779695,0,70,70,122,1,stimuli/objects/pickaxe02.jpg,left,old,123,,,,,,,,
,,,,,,,,8,2020-10-23_10h38.06.988,premce_ses-02_part-02_label-phase2,2020.1.2,Win32,60,right,0.76508,4,1.658415,0,71,71,111,1,stimuli/objects/honeycomb.jpg,right,new,112,,,,,,,,
,,,,,,,,8,2020-10-23_10h38.06.988,premce_ses-02_part-02_label-phase2,2020.1.2,Win32,60,right,1.08084,4,4.67616,0,72,72,149,1,stimuli/objects/electrictoothbrush01c.jpg,right,new,150,,,,,,,,
,,,,,,,,8,2020-10-23_10h38.06.988,premce_ses-02_part-02_label-phase2,2020.1.2,Win32,60,right,0.9092,4,1.354,0,73,73,74,1,stimuli/objects/road02.jpg,right,new,75,,,,,,,,
,,,,,,,,8,2020-10-23_10h38.06.988,premce_ses-02_part-02_label-phase2,2020.1.2,Win32,60,right,0.62011,4,0.43685,0,74,74,18,1,stimuli/objects/snowman.jpg,left,old,19,,,,,,,,
,,,,,,,,8,2020-10-23_10h38.06.988,premce_ses-02_part-02_label-phase2,2020.1.2,Win32,60,left,1.086075,3,0.57006,0,75,75,115,1,stimuli/objects/bleachers.jpg,left,old,116,,,,,,,,
,,,,,,,,8,2020-10-23_10h38.06.988,premce_ses-02_part-02_label-phase2,2020.1.2,Win32,60,right,0.61655,4,0.265185,0,76,76,65,1,stimuli/objects/blender.jpg,left,old,66,,,,,,,,
,,,,,,,,8,2020-10-23_10h38.06.988,premce_ses-02_part-02_label-phase2,2020.1.2,Win32,60,right,0.928705,4,1.205625,0,77,77,124,1,stimuli/objects/birdhouse.jpg,right,new,125,,,,,,,,
,,,,,,,,8,2020-10-23_10h38.06.988,premce_ses-02_part-02_label-phase2,2020.1.2,Win32,60,right,2.922775,4,0.003865,0,78,78,75,1,stimuli/objects/castle.jpg,right,new,76,,,,,,,,
,,,,,,,,8,2020-10-23_10h38.06.988,premce_ses-02_part-02_label-phase2,2020.1.2,Win32,60,right,1.025465,4,0.71964,0,79,79,131,1,stimuli/objects/funnel.jpg,right,new,132,,,,,,,,
,,,,,,,,8,2020-10-23_10h38.06.988,premce_ses-02_part-02_label-phase2,2020.1.2,Win32,60,right,0.986495,4,0.876535,0,80,80,44,1,stimuli/objects/calendar.jpg,right,new,45,,,,,,,,
,,,,,,,,8,2020-10-23_10h38.06.988,premce_ses-02_part-02_label-phase2,2020.1.2,Win32,60,right,0.963405,2,0.250935,0,81,81,4,1,stimuli/objects/zipper.jpg,right,new,5,,,,,,,,
,,,,,,,,8,2020-10-23_10h38.06.988,premce_ses-02_part-02_label-phase2,2020.1.2,Win32,60,left,3.782545,4,0.658795,0,82,82,85,1,stimuli/objects/frisbee.jpg,left,old,86,,,,,,,,
,,,,,,,,8,2020-10-23_10h38.06.988,premce_ses-02_part-02_label-phase2,2020.1.2,Win32,60,right,1.583175,2,0.237875,0,83,83,140,1,stimuli/objects/pooltable.jpg,right,new,141,,,,,,,,
,,,,,,,,8,2020-10-23_10h38.06.988,premce_ses-02_part-02_label-phase2,2020.1.2,Win32,60,right,0.78532,2,0.498675,0,84,84,11,1,stimuli/objects/footballhelmet.jpg,left,old,12,,,,,,,,
,,,,,,,,8,2020-10-23_10h38.06.988,premce_ses-02_part-02_label-phase2,2020.1.2,Win32,60,right,2.05071,4,0.751265,0,85,85,151,1,stimuli/objects/bolt01a.jpg,right,new,152,,,,,,,,
,,,,,,,,8,2020-10-23_10h38.06.988,premce_ses-02_part-02_label-phase2,2020.1.2,Win32,60,left,1.260685,4,0.407125,0,86,86,120,1,stimuli/objects/mortarandpestle.jpg,left,old,121,,,,,,,,
,,,,,,,,8,2020-10-23_10h38.06.988,premce_ses-02_part-02_label-phase2,2020.1.2,Win32,60,right,1.39999,3,0.33117,0,87,87,142,1,stimuli/objects/cow.jpg,right,new,143,,,,,,,,
,,,,,,,,8,2020-10-23_10h38.06.988,premce_ses-02_part-02_label-phase2,2020.1.2,Win32,60,right,1.11628,4,0.26535,0,88,88,53,1,stimuli/objects/rooster.jpg,right,new,54,,,,,,,,
,,,,,,,,8,2020-10-23_10h38.06.988,premce_ses-02_part-02_label-phase2,2020.1.2,Win32,60,left,6.198375,4,7.655475,0,89,89,69,1,stimuli/objects/lightswitch01.jpg,left,old,70,,,,,,,,
,,,,,,,,8,2020-10-23_10h38.06.988,premce_ses-02_part-02_label-phase2,2020.1.2,Win32,60,right,1.874125,4,0.43182,0,90,90,158,1,stimuli/objects/vulture.jpg,right,new,159,,,,,,,,
,,,,,,,,8,2020-10-23_10h38.06.988,premce_ses-02_part-02_label-phase2,2020.1.2,Win32,60,right,8.234015,2,1.00662,0,91,91,61,1,stimuli/objects/birdnest.jpg,left,old,62,,,,,,,,
,,,,,,,,8,2020-10-23_10h38.06.988,premce_ses-02_part-02_label-phase2,2020.1.2,Win32,60,right,1.19,3,0.507235,0,92,92,117,1,stimuli/objects/lollipop04.jpg,right,new,118,,,,,,,,
,,,,,,,,8,2020-10-23_10h38.06.988,premce_ses-02_part-02_label-phase2,2020.1.2,Win32,60,right,2.025915,4,0.36811,0,93,93,141,1,stimuli/objects/lintroller.jpg,left,old,142,,,,,,,,
,,,,,,,,8,2020-10-23_10h38.06.988,premce_ses-02_part-02_label-phase2,2020.1.2,Win32,60,left,0.83178,4,0.311615,0,94,94,107,1,stimuli/objects/candycane01a.jpg,left,old,108,,,,,,,,
,,,,,,,,8,2020-10-23_10h38.06.988,premce_ses-02_part-02_label-phase2,2020.1.2,Win32,60,right,1.23889,4,0.519295,0,95,95,30,1,stimuli/objects/siamesecat.jpg,right,new,31,,,,,,,,
,,,,,,,,8,2020-10-23_10h38.06.988,premce_ses-02_part-02_label-phase2,2020.1.2,Win32,60,right,0.752255,4,0.774005,0,96,96,123,1,stimuli/objects/scooter.jpg,right,new,124,,,,,,,,
,,,,,,,,8,2020-10-23_10h38.06.988,premce_ses-02_part-02_label-phase2,2020.1.2,Win32,60,right,1.229785,4,0.439685,0,97,97,45,1,stimuli/objects/horseshoe.jpg,right,new,46,,,,,,,,
,,,,,,,,8,2020-10-23_10h38.06.988,premce_ses-02_part-02_label-phase2,2020.1.2,Win32,60,right,1.018055,4,0.756425,0,98,98,17,1,stimuli/objects/car.jpg,right,new,18,,,,,,,,
,,,,,,,,8,2020-10-23_10h38.06.988,premce_ses-02_part-02_label-phase2,2020.1.2,Win32,60,right,0.855455,4,0.418405,0,99,99,68,1,stimuli/objects/ipad02.jpg,right,new,69,,,,,,,,
,,,,,,,,8,2020-10-23_10h38.06.988,premce_ses-02_part-02_label-phase2,2020.1.2,Win32,60,right,0.989275,4,0.34836,0,100,100,80,1,stimuli/objects/church.jpg,left,old,81,,,,,,,,
,,,,,,,,8,2020-10-23_10h38.06.988,premce_ses-02_part-02_label-phase2,2020.1.2,Win32,60,right,1.174385,4,0.29023,0,101,101,159,1,stimuli/objects/parrot01.jpg,left,old,160,,,,,,,,
,,,,,,,,8,2020-10-23_10h38.06.988,premce_ses-02_part-02_label-phase2,2020.1.2,Win32,60,right,0.79094,4,0.398945,0,102,102,86,1,stimuli/objects/gorilla.jpg,right,new,87,,,,,,,,
,,,,,,,,8,2020-10-23_10h38.06.988,premce_ses-02_part-02_label-phase2,2020.1.2,Win32,60,left,0.712245,4,0.006545,0,103,103,27,1,stimuli/objects/fingerprint.jpg,left,old,28,,,,,,,,
,,,,,,,,8,2020-10-23_10h38.06.988,premce_ses-02_part-02_label-phase2,2020.1.2,Win32,60,right,0.8205,4,0.297775,0,104,104,32,1,stimuli/objects/paperairplane.jpg,right,new,33,,,,,,,,
,,,,,,,,8,2020-10-23_10h38.06.988,premce_ses-02_part-02_label-phase2,2020.1.2,Win32,60,right,0.639255,4,11.199415,0,105,105,93,1,stimuli/objects/pirateflag.jpg,right,new,94,,,,,,,,
,,,,,,,,8,2020-10-23_10h38.06.988,premce_ses-02_part-02_label-phase2,2020.1.2,Win32,60,right,0.93778,4,0.32027,0,106,106,81,1,stimuli/objects/artichoke01b.jpg,right,new,82,,,,,,,,
,,,,,,,,8,2020-10-23_10h38.06.988,premce_ses-02_part-02_label-phase2,2020.1.2,Win32,60,left,1.77864,4,0.47669,0,107,107,95,1,stimuli/objects/spicerack.jpg,left,old,96,,,,,,,,
,,,,,,,,8,2020-10-23_10h38.06.988,premce_ses-02_part-02_label-phase2,2020.1.2,Win32,60,right,0.56159,4,0.34199,0,108,108,145,1,stimuli/objects/ironingboard01.jpg,right,new,146,,,,,,,,
,,,,,,,,8,2020-10-23_10h38.06.988,premce_ses-02_part-02_label-phase2,2020.1.2,Win32,60,right,0.58384,2,12.61202,0,109,109,59,1,stimuli/objects/forklift.jpg,left,old,60,,,,,,,,
,,,,,,,,8,2020-10-23_10h38.06.988,premce_ses-02_part-02_label-phase2,2020.1.2,Win32,60,right,0.754935,4,2.13256,0,110,110,126,1,stimuli/objects/toynutcracker.jpg,right,new,127,,,,,,,,
,,,,,,,,8,2020-10-23_10h38.06.988,premce_ses-02_part-02_label-phase2,2020.1.2,Win32,60,right,0.60081,4,0.9802,0,111,111,34,1,stimuli/objects/ceilingfan01.jpg,right,new,35,,,,,,,,
,,,,,,,,8,2020-10-23_10h38.06.988,premce_ses-02_part-02_label-phase2,2020.1.2,Win32,60,right,1.06169,4,0.46945,0,112,112,71,1,stimuli/objects/bikelock.jpg,left,old,72,,,,,,,,
,,,,,,,,8,2020-10-23_10h38.06.988,premce_ses-02_part-02_label-phase2,2020.1.2,Win32,60,right,4.53257,4,0.47682,0,113,113,39,1,stimuli/objects/fridge.jpg,left,old,40,,,,,,,,
,,,,,,,,8,2020-10-23_10h38.06.988,premce_ses-02_part-02_label-phase2,2020.1.2,Win32,60,right,0.822655,4,0.45012,0,114,114,66,1,stimuli/objects/desktopcomputer.jpg,left,old,67,,,,,,,,
,,,,,,,,8,2020-10-23_10h38.06.988,premce_ses-02_part-02_label-phase2,2020.1.2,Win32,60,right,1.511455,4,0.56967,0,115,115,1,1,stimuli/objects/key07.jpg,right,new,2,,,,,,,,
,,,,,,,,8,2020-10-23_10h38.06.988,premce_ses-02_part-02_label-phase2,2020.1.2,Win32,60,right,0.967255,4,0.587485,0,116,116,110,1,stimuli/objects/leafblower01.jpg,left,old,111,,,,,,,,
,,,,,,,,8,2020-10-23_10h38.06.988,premce_ses-02_part-02_label-phase2,2020.1.2,Win32,60,right,0.85798,4,0.71916,0,117,117,77,1,stimuli/objects/aquarium.jpg,right,new,78,,,,,,,,
,,,,,,,,8,2020-10-23_10h38.06.988,premce_ses-02_part-02_label-phase2,2020.1.2,Win32,60,right,0.708375,1,0.575535,0,118,118,144,1,stimuli/objects/eyepatch.jpg,left,old,145,,,,,,,,
,,,,,,,,8,2020-10-23_10h38.06.988,premce_ses-02_part-02_label-phase2,2020.1.2,Win32,60,right,0.931055,3,0.26205,0,119,119,2,1,stimuli/objects/accordion01.jpg,right,new,3,,,,,,,,
,,,,,,,,8,2020-10-23_10h38.06.988,premce_ses-02_part-02_label-phase2,2020.1.2,Win32,60,right,0.65009,4,0.007685,0,120,120,31,1,stimuli/objects/faucet.jpg,right,new,32,,,,,,,,
,,,,,,,,8,2020-10-23_10h38.06.988,premce_ses-02_part-02_label-phase2,2020.1.2,Win32,60,right,0.976895,3,0.386435,0,121,121,28,1,stimuli/objects/seaturtle.jpg,left,old,29,,,,,,,,
,,,,,,,,8,2020-10-23_10h38.06.988,premce_ses-02_part-02_label-phase2,2020.1.2,Win32,60,right,1.663585,3,1.16499,0,122,122,3,1,stimuli/objects/sealion.jpg,left,old,4,,,,,,,,
,,,,,,,,8,2020-10-23_10h38.06.988,premce_ses-02_part-02_label-phase2,2020.1.2,Win32,60,right,14.036795,4,0.5404,0,123,123,147,1,stimuli/objects/panda.jpg,left,old,148,,,,,,,,
,,,,,,,,8,2020-10-23_10h38.06.988,premce_ses-02_part-02_label-phase2,2020.1.2,Win32,60,left,0.947905,4,0.51731,0,124,124,25,1,stimuli/objects/kiwi03.jpg,left,old,26,,,,,,,,
,,,,,,,,8,2020-10-23_10h38.06.988,premce_ses-02_part-02_label-phase2,2020.1.2,Win32,60,right,0.8661,4,0.37361,0,125,125,150,1,stimuli/objects/asianelephant.jpg,left,old,151,,,,,,,,
,,,,,,,,8,2020-10-23_10h38.06.988,premce_ses-02_part-02_label-phase2,2020.1.2,Win32,60,right,1.855235,2,0.28429,0,126,126,29,1,stimuli/objects/tombstone.jpg,left,old,30,,,,,,,,
,,,,,,,,8,2020-10-23_10h38.06.988,premce_ses-02_part-02_label-phase2,2020.1.2,Win32,60,right,0.630725,1,0.22843,0,127,127,97,1,stimuli/objects/watercooler.jpg,left,old,98,,,,,,,,
,,,,,,,,8,2020-10-23_10h38.06.988,premce_ses-02_part-02_label-phase2,2020.1.2,Win32,60,right,1.423555,3,0.772095,0,128,128,137,1,stimuli/objects/handheldtelescope.jpg,right,new,138,,,,,,,,
,,,,,,,,8,2020-10-23_10h38.06.988,premce_ses-02_part-02_label-phase2,2020.1.2,Win32,60,right,1.08438,4,0.613285,0,129,129,22,1,stimuli/objects/toasteroven.jpg,right,new,23,,,,,,,,
,,,,,,,,8,2020-10-23_10h38.06.988,premce_ses-02_part-02_label-phase2,2020.1.2,Win32,60,right,1.433075,4,0.48849,0,130,130,54,1,stimuli/objects/floorlamp.jpg,right,new,55,,,,,,,,
,,,,,,,,8,2020-10-23_10h38.06.988,premce_ses-02_part-02_label-phase2,2020.1.2,Win32,60,right,2.672155,4,0.816685,0,131,131,51,1,stimuli/objects/cork02.jpg,right,new,52,,,,,,,,
,,,,,,,,8,2020-10-23_10h38.06.988,premce_ses-02_part-02_label-phase2,2020.1.2,Win32,60,right,0.836605,4,0.507865,0,132,132,42,1,stimuli/objects/bowlingball.jpg,right,new,43,,,,,,,,
,,,,,,,,8,2020-10-23_10h38.06.988,premce_ses-02_part-02_label-phase2,2020.1.2,Win32,60,right,1.99431,4,0.69595,0,133,133,119,1,stimuli/objects/polarbear.jpg,left,old,120,,,,,,,,
,,,,,,,,8,2020-10-23_10h38.06.988,premce_ses-02_part-02_label-phase2,2020.1.2,Win32,60,right,0.82152,4,0.385005,0,134,134,89,1,stimuli/objects/carbattery.jpg,left,old,90,,,,,,,,
,,,,,,,,8,2020-10-23_10h38.06.988,premce_ses-02_part-02_label-phase2,2020.1.2,Win32,60,right,1.70904,4,0.64021,0,135,135,91,1,stimuli/objects/airhockeytable.jpg,right,new,92,,,,,,,,
,,,,,,,,8,2020-10-23_10h38.06.988,premce_ses-02_part-02_label-phase2,2020.1.2,Win32,60,right,0.83273,4,3.55034,0,136,136,21,1,stimuli/objects/hockeypuck.jpg,left,old,22,,,,,,,,
,,,,,,,,8,2020-10-23_10h38.06.988,premce_ses-02_part-02_label-phase2,2020.1.2,Win32,60,right,0.833975,4,0.52362,0,137,137,58,1,stimuli/objects/file.jpg,right,new,59,,,,,,,,
,,,,,,,,8,2020-10-23_10h38.06.988,premce_ses-02_part-02_label-phase2,2020.1.2,Win32,60,left,6.30318,3,1.301135,0,138,138,135,1,stimuli/objects/dalmatian.jpg,left,old,136,,,,,,,,
,,,,,,,,8,2020-10-23_10h38.06.988,premce_ses-02_part-02_label-phase2,2020.1.2,Win32,60,right,0.8664,4,0.599825,0,139,139,8,1,stimuli/objects/treadmill.jpg,left,old,9,,,,,,,,
,,,,,,,,8,2020-10-23_10h38.06.988,premce_ses-02_part-02_label-phase2,2020.1.2,Win32,60,right,7.206175,4,1.46405,0,140,140,105,1,stimuli/objects/penguin.jpg,right,new,106,,,,,,,,
,,,,,,,,8,2020-10-23_10h38.06.988,premce_ses-02_part-02_label-phase2,2020.1.2,Win32,60,left,0.99078,4,0.36375,0,141,141,72,1,stimuli/objects/crown.jpg,left,old,73,,,,,,,,
,,,,,,,,8,2020-10-23_10h38.06.988,premce_ses-02_part-02_label-phase2,2020.1.2,Win32,60,right,0.574625,1,0.501515,0,142,142,129,1,stimuli/objects/walkietalkie.jpg,left,old,130,,,,,,,,
,,,,,,,,8,2020-10-23_10h38.06.988,premce_ses-02_part-02_label-phase2,2020.1.2,Win32,60,left,1.365385,4,0.295425,0,143,143,114,1,stimuli/objects/tie02.jpg,left,old,115,,,,,,,,
,,,,,,,,8,2020-10-23_10h38.06.988,premce_ses-02_part-02_label-phase2,2020.1.2,Win32,60,right,1.00276,2,3.61828,0,144,144,78,1,stimuli/objects/exitsign.jpg,left,old,79,,,,,,,,
,,,,,,,,8,2020-10-23_10h38.06.988,premce_ses-02_part-02_label-phase2,2020.1.2,Win32,60,right,0.850415,4,1.224425,0,145,145,67,1,stimuli/objects/steeringwheel.jpg,right,new,68,,,,,,,,
,,,,,,,,8,2020-10-23_10h38.06.988,premce_ses-02_part-02_label-phase2,2020.1.2,Win32,60,right,0.76553,4,0.363345,0,146,146,157,1,stimuli/objects/volleyball.jpg,left,old,158,,,,,,,,
,,,,,,,,8,2020-10-23_10h38.06.988,premce_ses-02_part-02_label-phase2,2020.1.2,Win32,60,right,2.253425,3,4.283765,0,147,147,104,1,stimuli/objects/sledgehammer.jpg,right,new,105,,,,,,,,
,,,,,,,,8,2020-10-23_10h38.06.988,premce_ses-02_part-02_label-phase2,2020.1.2,Win32,60,left,0.93549,4,22.18441,0,148,148,136,1,stimuli/objects/dreamcatcher.jpg,left,old,137,,,,,,,,
,,,,,,,,8,2020-10-23_10h38.06.988,premce_ses-02_part-02_label-phase2,2020.1.2,Win32,60,right,0.923905,1,0.712435,0,149,149,143,1,stimuli/objects/turnstile.jpg,left,old,144,,,,,,,,
,,,,,,,,8,2020-10-23_10h38.06.988,premce_ses-02_part-02_label-phase2,2020.1.2,Win32,60,left,1.339525,4,0.01705,0,150,150,116,1,stimuli/objects/gavel.jpg,left,old,117,,,,,,,,
,,,,,,,,8,2020-10-23_10h38.06.988,premce_ses-02_part-02_label-phase2,2020.1.2,Win32,60,right,2.72112,2,0.377695,0,151,151,99,1,stimuli/objects/cactus.jpg,left,old,100,,,,,,,,
,,,,,,,,8,2020-10-23_10h38.06.988,premce_ses-02_part-02_label-phase2,2020.1.2,Win32,60,left,1.13742,4,0.321855,0,152,152,82,1,stimuli/objects/giraffe.jpg,left,old,83,,,,,,,,
,,,,,,,,8,2020-10-23_10h38.06.988,premce_ses-02_part-02_label-phase2,2020.1.2,Win32,60,right,1.51654,4,5.82852,0,153,153,26,1,stimuli/objects/snowglobe.jpg,right,new,27,,,,,,,,
,,,,,,,,8,2020-10-23_10h38.06.988,premce_ses-02_part-02_label-phase2,2020.1.2,Win32,60,left,1.29079,2,1.049625,0,154,154,88,1,stimuli/objects/bison.jpg,left,old,89,,,,,,,,
,,,,,,,,8,2020-10-23_10h38.06.988,premce_ses-02_part-02_label-phase2,2020.1.2,Win32,60,right,1.020685,4,0.31545,0,155,155,127,1,stimuli/objects/macaroni01.jpg,right,new,128,,,,,,,,
,,,,,,,,8,2020-10-23_10h38.06.988,premce_ses-02_part-02_label-phase2,2020.1.2,Win32,60,right,0.91124,4,0.328325,0,156,156,155,1,stimuli/objects/trombone.jpg,right,new,156,,,,,,,,
,,,,,,,,8,2020-10-23_10h38.06.988,premce_ses-02_part-02_label-phase2,2020.1.2,Win32,60,right,1.367665,4,0.570815,0,157,157,35,1,stimuli/objects/flag.jpg,left,old,36,,,,,,,,
,,,,,,,,8,2020-10-23_10h38.06.988,premce_ses-02_part-02_label-phase2,2020.1.2,Win32,60,right,3.606605,4,2.343165,0,158,158,36,1,stimuli/objects/cutlass.jpg,left,old,37,,,,,,,,
,,,,,,,,8,2020-10-23_10h38.06.988,premce_ses-02_part-02_label-phase2,2020.1.2,Win32,60,right,1.651805,4,0.424575,0,159,159,49,1,stimuli/objects/microphone01.jpg,right,new,50,,,,,,,,
,,,,,,,,8,2020-10-23_10h38.06.988,premce_ses-02_part-02_label-phase2,2020.1.2,Win32,60,,,,,,,,,,,,,,space,9.870045,0,1,1,0,1,ImagesforRecog1.csv
