instructions_loop.thisRepN,instructions_loop.thisTrialN,instructions_loop.thisN,instructions_loop.thisIndex,instructions_loop.ran,text1,text2,text3,participant,date,expName,psychopyVersion,OS,frameRate,recog_resp.keys,recog_resp.rt,conf_resp.keys,conf_resp.rt,recog_loop.thisRepN,recog_loop.thisTrialN,recog_loop.thisN,recog_loop.thisIndex,recog_loop.ran,images,corr_ans,type,order,key_resp_break.keys,key_resp_break.rt,list_loop.thisRepN,list_loop.thisTrialN,list_loop.thisN,list_loop.thisIndex,list_loop.ran,recog_list
0,0,0,0,1,Welcome to the last phase of this experiment!,,Please press the space bar to continue,9,2020-10-27_12h47.09.701,premce_ses-02_part-02_label-phase2,2020.1.2,Win32,60,,,,,,,,,,,,,,,,,,,,,
0,1,1,1,1,,"In this phase, you will see some objects. 

For each object, you should indicate whether you have seen it before during the experiment.

Press LEFT ARROW for YES
Press RIGHT ARROW for NO

",Please press the space bar to continue ,9,2020-10-27_12h47.09.701,premce_ses-02_part-02_label-phase2,2020.1.2,Win32,60,,,,,,,,,,,,,,,,,,,,,
0,2,2,2,1,,"After that, you will be asked how confident you are of your choice.

Please rate the confidence in your choce with the numbers from 1 to 4 of your keyboard. 

The numbers correspond to:

1 = Very unsure
2 = Unsure
3 = Sure
4 = Very Sure",Please press the space bar to continue,9,2020-10-27_12h47.09.701,premce_ses-02_part-02_label-phase2,2020.1.2,Win32,60,,,,,,,,,,,,,,,,,,,,,
,,,,,,,,9,2020-10-27_12h47.09.701,premce_ses-02_part-02_label-phase2,2020.1.2,Win32,60,right,2.200975,3,1.851885,0,0,0,78,1,stimuli/objects/smartboard.jpg,right,new,239,,,,,,,,
,,,,,,,,9,2020-10-27_12h47.09.701,premce_ses-02_part-02_label-phase2,2020.1.2,Win32,60,right,1.96716,4,1.565445,0,1,1,36,1,stimuli/objects/recyclingbin.jpg,right,new,197,,,,,,,,
,,,,,,,,9,2020-10-27_12h47.09.701,premce_ses-02_part-02_label-phase2,2020.1.2,Win32,60,right,2.45482,2,1.58009,0,2,2,51,1,stimuli/objects/bus.jpg,left,old,212,,,,,,,,
,,,,,,,,9,2020-10-27_12h47.09.701,premce_ses-02_part-02_label-phase2,2020.1.2,Win32,60,right,1.44259,3,1.556615,0,3,3,48,1,stimuli/objects/fishskeleton.jpg,right,new,209,,,,,,,,
,,,,,,,,9,2020-10-27_12h47.09.701,premce_ses-02_part-02_label-phase2,2020.1.2,Win32,60,right,2.16045,3,1.868465,0,4,4,94,1,stimuli/objects/cormorant.jpg,right,new,255,,,,,,,,
,,,,,,,,9,2020-10-27_12h47.09.701,premce_ses-02_part-02_label-phase2,2020.1.2,Win32,60,right,2.95279,2,2.2133,0,5,5,104,1,stimuli/objects/mirror02.jpg,left,old,265,,,,,,,,
,,,,,,,,9,2020-10-27_12h47.09.701,premce_ses-02_part-02_label-phase2,2020.1.2,Win32,60,left,1.89535,4,0.927235,0,6,6,105,1,stimuli/objects/cuttlefish.jpg,left,old,266,,,,,,,,
,,,,,,,,9,2020-10-27_12h47.09.701,premce_ses-02_part-02_label-phase2,2020.1.2,Win32,60,right,3.41715,3,2.171805,0,7,7,16,1,stimuli/objects/cymbal.jpg,right,new,177,,,,,,,,
,,,,,,,,9,2020-10-27_12h47.09.701,premce_ses-02_part-02_label-phase2,2020.1.2,Win32,60,left,2.227825,2,1.832615,0,8,8,119,1,stimuli/objects/surfboard.jpg,left,old,280,,,,,,,,
,,,,,,,,9,2020-10-27_12h47.09.701,premce_ses-02_part-02_label-phase2,2020.1.2,Win32,60,right,2.220055,3,1.0383,0,9,9,28,1,stimuli/objects/freezer02.jpg,right,new,189,,,,,,,,
,,,,,,,,9,2020-10-27_12h47.09.701,premce_ses-02_part-02_label-phase2,2020.1.2,Win32,60,left,1.37434,2,0.757455,0,10,10,2,1,stimuli/objects/shelves.jpg,left,old,163,,,,,,,,
,,,,,,,,9,2020-10-27_12h47.09.701,premce_ses-02_part-02_label-phase2,2020.1.2,Win32,60,left,2.75729,2,2.32339,0,11,11,55,1,stimuli/objects/chime.jpg,right,new,216,,,,,,,,
,,,,,,,,9,2020-10-27_12h47.09.701,premce_ses-02_part-02_label-phase2,2020.1.2,Win32,60,left,2.595595,3,1.960465,0,12,12,122,1,stimuli/objects/crosscountryski.jpg,left,old,283,,,,,,,,
,,,,,,,,9,2020-10-27_12h47.09.701,premce_ses-02_part-02_label-phase2,2020.1.2,Win32,60,right,3.388625,3,3.55188,0,13,13,71,1,stimuli/objects/cross01.jpg,right,new,232,,,,,,,,
,,,,,,,,9,2020-10-27_12h47.09.701,premce_ses-02_part-02_label-phase2,2020.1.2,Win32,60,right,2.001605,3,0.444515,0,14,14,46,1,stimuli/objects/kite.jpg,right,new,207,,,,,,,,
,,,,,,,,9,2020-10-27_12h47.09.701,premce_ses-02_part-02_label-phase2,2020.1.2,Win32,60,left,6.20349,2,0.910265,0,15,15,106,1,stimuli/objects/nosmokingsign.jpg,right,new,267,,,,,,,,
,,,,,,,,9,2020-10-27_12h47.09.701,premce_ses-02_part-02_label-phase2,2020.1.2,Win32,60,right,6.213465,3,0.5217,0,16,16,124,1,stimuli/objects/kangaroo01.jpg,right,new,285,,,,,,,,
,,,,,,,,9,2020-10-27_12h47.09.701,premce_ses-02_part-02_label-phase2,2020.1.2,Win32,60,right,1.711795,4,0.705875,0,17,17,86,1,stimuli/objects/masquerademask01.jpg,right,new,247,,,,,,,,
,,,,,,,,9,2020-10-27_12h47.09.701,premce_ses-02_part-02_label-phase2,2020.1.2,Win32,60,left,2.834765,2,0.703965,0,18,18,143,1,stimuli/objects/squirrel.jpg,right,new,304,,,,,,,,
,,,,,,,,9,2020-10-27_12h47.09.701,premce_ses-02_part-02_label-phase2,2020.1.2,Win32,60,right,3.434355,2,3.51187,0,19,19,140,1,stimuli/objects/hammerheadshark.jpg,right,new,301,,,,,,,,
,,,,,,,,9,2020-10-27_12h47.09.701,premce_ses-02_part-02_label-phase2,2020.1.2,Win32,60,left,1.84153,4,0.61266,0,20,20,61,1,stimuli/objects/graduationcap.jpg,left,old,222,,,,,,,,
,,,,,,,,9,2020-10-27_12h47.09.701,premce_ses-02_part-02_label-phase2,2020.1.2,Win32,60,right,1.296285,2,1.80035,0,21,21,112,1,stimuli/objects/scorpion.jpg,right,new,273,,,,,,,,
,,,,,,,,9,2020-10-27_12h47.09.701,premce_ses-02_part-02_label-phase2,2020.1.2,Win32,60,right,1.328005,4,0.637125,0,22,22,58,1,stimuli/objects/shipinabottle.jpg,right,new,219,,,,,,,,
,,,,,,,,9,2020-10-27_12h47.09.701,premce_ses-02_part-02_label-phase2,2020.1.2,Win32,60,right,1.16212,4,0.43057,0,23,23,147,1,stimuli/objects/hotdog.jpg,right,new,308,,,,,,,,
,,,,,,,,9,2020-10-27_12h47.09.701,premce_ses-02_part-02_label-phase2,2020.1.2,Win32,60,left,1.255465,4,0.54049,0,24,24,79,1,stimuli/objects/beerbottle.jpg,left,old,240,,,,,,,,
,,,,,,,,9,2020-10-27_12h47.09.701,premce_ses-02_part-02_label-phase2,2020.1.2,Win32,60,left,0.886525,4,0.40401,0,25,25,57,1,stimuli/objects/pumpkin.jpg,left,old,218,,,,,,,,
,,,,,,,,9,2020-10-27_12h47.09.701,premce_ses-02_part-02_label-phase2,2020.1.2,Win32,60,left,1.387425,3,0.517205,0,26,26,103,1,stimuli/objects/beaver.jpg,left,old,264,,,,,,,,
,,,,,,,,9,2020-10-27_12h47.09.701,premce_ses-02_part-02_label-phase2,2020.1.2,Win32,60,right,3.32633,2,1.528495,0,27,27,52,1,stimuli/objects/drumstick.jpg,right,new,213,,,,,,,,
,,,,,,,,9,2020-10-27_12h47.09.701,premce_ses-02_part-02_label-phase2,2020.1.2,Win32,60,left,2.36531,3,0.41121,0,28,28,32,1,stimuli/objects/seagull.jpg,left,old,193,,,,,,,,
,,,,,,,,9,2020-10-27_12h47.09.701,premce_ses-02_part-02_label-phase2,2020.1.2,Win32,60,right,1.648745,3,0.33745,0,29,29,31,1,stimuli/objects/swing.jpg,right,new,192,,,,,,,,
,,,,,,,,9,2020-10-27_12h47.09.701,premce_ses-02_part-02_label-phase2,2020.1.2,Win32,60,left,2.55923,2,0.28001,0,30,30,116,1,stimuli/objects/greywolf.jpg,left,old,277,,,,,,,,
,,,,,,,,9,2020-10-27_12h47.09.701,premce_ses-02_part-02_label-phase2,2020.1.2,Win32,60,right,3.82756,2,0.466715,0,31,31,155,1,stimuli/objects/popcorn.jpg,left,old,316,,,,,,,,
,,,,,,,,9,2020-10-27_12h47.09.701,premce_ses-02_part-02_label-phase2,2020.1.2,Win32,60,right,1.433255,1,1.033675,0,32,32,4,1,stimuli/objects/bowrake.jpg,right,new,165,,,,,,,,
,,,,,,,,9,2020-10-27_12h47.09.701,premce_ses-02_part-02_label-phase2,2020.1.2,Win32,60,left,0.876445,4,0.329395,0,33,33,97,1,stimuli/objects/blackolive.jpg,left,old,258,,,,,,,,
,,,,,,,,9,2020-10-27_12h47.09.701,premce_ses-02_part-02_label-phase2,2020.1.2,Win32,60,right,1.66726,4,1.58244,0,34,34,93,1,stimuli/objects/moth.jpg,right,new,254,,,,,,,,
,,,,,,,,9,2020-10-27_12h47.09.701,premce_ses-02_part-02_label-phase2,2020.1.2,Win32,60,left,0.921765,4,0.43392,0,35,35,27,1,stimuli/objects/star.jpg,left,old,188,,,,,,,,
,,,,,,,,9,2020-10-27_12h47.09.701,premce_ses-02_part-02_label-phase2,2020.1.2,Win32,60,right,2.18274,3,1.477015,0,36,36,11,1,stimuli/objects/nunchuk.jpg,right,new,172,,,,,,,,
,,,,,,,,9,2020-10-27_12h47.09.701,premce_ses-02_part-02_label-phase2,2020.1.2,Win32,60,left,0.863445,4,0.32986,0,37,37,117,1,stimuli/objects/cloud.jpg,left,old,278,,,,,,,,
,,,,,,,,9,2020-10-27_12h47.09.701,premce_ses-02_part-02_label-phase2,2020.1.2,Win32,60,right,2.614295,2,0.905385,0,38,38,0,1,stimuli/objects/ostrich.jpg,right,new,161,,,,,,,,
,,,,,,,,9,2020-10-27_12h47.09.701,premce_ses-02_part-02_label-phase2,2020.1.2,Win32,60,right,2.33985,2,0.56758,0,39,39,159,1,stimuli/objects/shovel01.jpg,left,old,320,,,,,,,,
,,,,,,,,9,2020-10-27_12h47.09.701,premce_ses-02_part-02_label-phase2,2020.1.2,Win32,60,right,1.995635,3,0.57793,0,40,40,59,1,stimuli/objects/saltshaker03a.jpg,right,new,220,,,,,,,,
,,,,,,,,9,2020-10-27_12h47.09.701,premce_ses-02_part-02_label-phase2,2020.1.2,Win32,60,right,1.080145,4,0.41227,0,41,41,18,1,stimuli/objects/discoball.jpg,right,new,179,,,,,,,,
,,,,,,,,9,2020-10-27_12h47.09.701,premce_ses-02_part-02_label-phase2,2020.1.2,Win32,60,right,3.45817,3,0.281265,0,42,42,129,1,stimuli/objects/treestump.jpg,right,new,290,,,,,,,,
,,,,,,,,9,2020-10-27_12h47.09.701,premce_ses-02_part-02_label-phase2,2020.1.2,Win32,60,left,2.696065,2,1.052695,0,43,43,151,1,stimuli/objects/gecko.jpg,left,old,312,,,,,,,,
,,,,,,,,9,2020-10-27_12h47.09.701,premce_ses-02_part-02_label-phase2,2020.1.2,Win32,60,right,1.79996,2,0.72457,0,44,44,69,1,stimuli/objects/banjo.jpg,right,new,230,,,,,,,,
,,,,,,,,9,2020-10-27_12h47.09.701,premce_ses-02_part-02_label-phase2,2020.1.2,Win32,60,left,2.476835,2,0.30698,0,45,45,98,1,stimuli/objects/pig.jpg,right,new,259,,,,,,,,
,,,,,,,,9,2020-10-27_12h47.09.701,premce_ses-02_part-02_label-phase2,2020.1.2,Win32,60,right,3.027865,2,0.33182,0,46,46,89,1,stimuli/objects/bowlingpin.jpg,left,old,250,,,,,,,,
,,,,,,,,9,2020-10-27_12h47.09.701,premce_ses-02_part-02_label-phase2,2020.1.2,Win32,60,right,1.053715,3,0.651415,0,47,47,115,1,stimuli/objects/contactlens.jpg,right,new,276,,,,,,,,
,,,,,,,,9,2020-10-27_12h47.09.701,premce_ses-02_part-02_label-phase2,2020.1.2,Win32,60,left,1.07871,4,0.61084,0,48,48,137,1,stimuli/objects/jackrabbit.jpg,left,old,298,,,,,,,,
,,,,,,,,9,2020-10-27_12h47.09.701,premce_ses-02_part-02_label-phase2,2020.1.2,Win32,60,left,1.579355,4,2.368195,0,49,49,13,1,stimuli/objects/monarchbutterfly.jpg,left,old,174,,,,,,,,
,,,,,,,,9,2020-10-27_12h47.09.701,premce_ses-02_part-02_label-phase2,2020.1.2,Win32,60,right,1.175635,3,0.32147,0,50,50,144,1,stimuli/objects/filingcabinet.jpg,right,new,305,,,,,,,,
,,,,,,,,9,2020-10-27_12h47.09.701,premce_ses-02_part-02_label-phase2,2020.1.2,Win32,60,left,2.036455,2,1.278065,0,51,51,35,1,stimuli/objects/eiffeltower.jpg,right,new,196,,,,,,,,
,,,,,,,,9,2020-10-27_12h47.09.701,premce_ses-02_part-02_label-phase2,2020.1.2,Win32,60,right,4.976345,2,0.77443,0,52,52,45,1,stimuli/objects/dolly01.jpg,right,new,206,,,,,,,,
,,,,,,,,9,2020-10-27_12h47.09.701,premce_ses-02_part-02_label-phase2,2020.1.2,Win32,60,left,2.30465,3,0.270645,0,53,53,62,1,stimuli/objects/sandbarshark.jpg,right,new,223,,,,,,,,
,,,,,,,,9,2020-10-27_12h47.09.701,premce_ses-02_part-02_label-phase2,2020.1.2,Win32,60,right,1.12082,4,1.84738,0,54,54,154,1,stimuli/objects/guitarcase.jpg,right,new,315,,,,,,,,
,,,,,,,,9,2020-10-27_12h47.09.701,premce_ses-02_part-02_label-phase2,2020.1.2,Win32,60,right,1.501605,3,0.291405,0,55,55,3,1,stimuli/objects/pitchfork.jpg,right,new,164,,,,,,,,
,,,,,,,,9,2020-10-27_12h47.09.701,premce_ses-02_part-02_label-phase2,2020.1.2,Win32,60,left,1.152845,3,0.302965,0,56,56,14,1,stimuli/objects/hockeystick.jpg,left,old,175,,,,,,,,
,,,,,,,,9,2020-10-27_12h47.09.701,premce_ses-02_part-02_label-phase2,2020.1.2,Win32,60,right,0.99499,3,0.321785,0,57,57,5,1,stimuli/objects/morningstar.jpg,right,new,166,,,,,,,,
,,,,,,,,9,2020-10-27_12h47.09.701,premce_ses-02_part-02_label-phase2,2020.1.2,Win32,60,left,2.772185,2,0.562045,0,58,58,20,1,stimuli/objects/football.jpg,left,old,181,,,,,,,,
,,,,,,,,9,2020-10-27_12h47.09.701,premce_ses-02_part-02_label-phase2,2020.1.2,Win32,60,right,1.08255,2,0.317415,0,59,59,110,1,stimuli/objects/scalpel.jpg,left,old,271,,,,,,,,
,,,,,,,,9,2020-10-27_12h47.09.701,premce_ses-02_part-02_label-phase2,2020.1.2,Win32,60,right,1.26294,3,0.2817,0,60,60,8,1,stimuli/objects/bluejay.jpg,left,old,169,,,,,,,,
,,,,,,,,9,2020-10-27_12h47.09.701,premce_ses-02_part-02_label-phase2,2020.1.2,Win32,60,left,1.477995,3,0.80206,0,61,61,67,1,stimuli/objects/golfball.jpg,left,old,228,,,,,,,,
,,,,,,,,9,2020-10-27_12h47.09.701,premce_ses-02_part-02_label-phase2,2020.1.2,Win32,60,left,1.43884,4,0.33004,0,62,62,96,1,stimuli/objects/jeans01.jpg,left,old,257,,,,,,,,
,,,,,,,,9,2020-10-27_12h47.09.701,premce_ses-02_part-02_label-phase2,2020.1.2,Win32,60,left,1.96838,2,0.284695,0,63,63,39,1,stimuli/objects/stroller.jpg,left,old,200,,,,,,,,
,,,,,,,,9,2020-10-27_12h47.09.701,premce_ses-02_part-02_label-phase2,2020.1.2,Win32,60,left,0.90487,4,0.311365,0,64,64,134,1,stimuli/objects/windturbine.jpg,left,old,295,,,,,,,,
,,,,,,,,9,2020-10-27_12h47.09.701,premce_ses-02_part-02_label-phase2,2020.1.2,Win32,60,left,0.79813,4,0.29443,0,65,65,47,1,stimuli/objects/jellyfish.jpg,left,old,208,,,,,,,,
,,,,,,,,9,2020-10-27_12h47.09.701,premce_ses-02_part-02_label-phase2,2020.1.2,Win32,60,right,2.119705,2,0.31253,0,66,66,34,1,stimuli/objects/sandcastle.jpg,left,old,195,,,,,,,,
,,,,,,,,9,2020-10-27_12h47.09.701,premce_ses-02_part-02_label-phase2,2020.1.2,Win32,60,left,1.06384,4,0.351715,0,67,67,21,1,stimuli/objects/acorn.jpg,left,old,182,,,,,,,,
,,,,,,,,9,2020-10-27_12h47.09.701,premce_ses-02_part-02_label-phase2,2020.1.2,Win32,60,left,0.67601,4,0.28073,0,68,68,99,1,stimuli/objects/basketball01.jpg,left,old,260,,,,,,,,
,,,,,,,,9,2020-10-27_12h47.09.701,premce_ses-02_part-02_label-phase2,2020.1.2,Win32,60,right,1.202965,4,0.29822,0,69,69,100,1,stimuli/objects/gps.jpg,right,new,261,,,,,,,,
,,,,,,,,9,2020-10-27_12h47.09.701,premce_ses-02_part-02_label-phase2,2020.1.2,Win32,60,left,4.501045,2,1.087905,0,70,70,149,1,stimuli/objects/hulahoop.jpg,left,old,310,,,,,,,,
,,,,,,,,9,2020-10-27_12h47.09.701,premce_ses-02_part-02_label-phase2,2020.1.2,Win32,60,left,2.9067,2,0.314645,0,71,71,133,1,stimuli/objects/kneepad01c.jpg,left,old,294,,,,,,,,
,,,,,,,,9,2020-10-27_12h47.09.701,premce_ses-02_part-02_label-phase2,2020.1.2,Win32,60,left,0.94642,4,0.266305,0,72,72,158,1,stimuli/objects/bed.jpg,left,old,319,,,,,,,,
,,,,,,,,9,2020-10-27_12h47.09.701,premce_ses-02_part-02_label-phase2,2020.1.2,Win32,60,right,1.795145,2,0.25731,0,73,73,88,1,stimuli/objects/handbrush02.jpg,left,old,249,,,,,,,,
,,,,,,,,9,2020-10-27_12h47.09.701,premce_ses-02_part-02_label-phase2,2020.1.2,Win32,60,right,2.32555,2,0.39033,0,74,74,80,1,stimuli/objects/parkfountain.jpg,left,old,241,,,,,,,,
,,,,,,,,9,2020-10-27_12h47.09.701,premce_ses-02_part-02_label-phase2,2020.1.2,Win32,60,right,3.32499,2,1.303515,0,75,75,60,1,stimuli/objects/dormer.jpg,left,old,221,,,,,,,,
,,,,,,,,9,2020-10-27_12h47.09.701,premce_ses-02_part-02_label-phase2,2020.1.2,Win32,60,left,0.90153,4,0.388815,0,76,76,53,1,stimuli/objects/ear.jpg,left,old,214,,,,,,,,
,,,,,,,,9,2020-10-27_12h47.09.701,premce_ses-02_part-02_label-phase2,2020.1.2,Win32,60,right,0.953055,3,0.49853,0,77,77,138,1,stimuli/objects/wallclock.jpg,right,new,299,,,,,,,,
,,,,,,,,9,2020-10-27_12h47.09.701,premce_ses-02_part-02_label-phase2,2020.1.2,Win32,60,left,4.966365,2,0.284435,0,78,78,113,1,stimuli/objects/dogsled.jpg,left,old,274,,,,,,,,
,,,,,,,,9,2020-10-27_12h47.09.701,premce_ses-02_part-02_label-phase2,2020.1.2,Win32,60,left,0.841855,4,0.00349,0,79,79,153,1,stimuli/objects/toysoldier01b.jpg,left,old,314,,,,,,,,
,,,,,,,,9,2020-10-27_12h47.09.701,premce_ses-02_part-02_label-phase2,2020.1.2,Win32,60,left,2.18935,3,0.987375,0,80,80,127,1,stimuli/objects/jaguar.jpg,left,old,288,,,,,,,,
,,,,,,,,9,2020-10-27_12h47.09.701,premce_ses-02_part-02_label-phase2,2020.1.2,Win32,60,left,1.405185,3,0.337165,0,81,81,25,1,stimuli/objects/beehive.jpg,left,old,186,,,,,,,,
,,,,,,,,9,2020-10-27_12h47.09.701,premce_ses-02_part-02_label-phase2,2020.1.2,Win32,60,right,1.61616,2,0.286595,0,82,82,95,1,stimuli/objects/mouse.jpg,right,new,256,,,,,,,,
,,,,,,,,9,2020-10-27_12h47.09.701,premce_ses-02_part-02_label-phase2,2020.1.2,Win32,60,right,1.45706,3,0.515445,0,83,83,30,1,stimuli/objects/waterfountain02.jpg,right,new,191,,,,,,,,
,,,,,,,,9,2020-10-27_12h47.09.701,premce_ses-02_part-02_label-phase2,2020.1.2,Win32,60,right,2.139355,3,0.33122,0,84,84,102,1,stimuli/objects/englishcucumber.jpg,right,new,263,,,,,,,,
,,,,,,,,9,2020-10-27_12h47.09.701,premce_ses-02_part-02_label-phase2,2020.1.2,Win32,60,right,1.15296,4,0.33397,0,85,85,26,1,stimuli/objects/cookingpot.jpg,right,new,187,,,,,,,,
,,,,,,,,9,2020-10-27_12h47.09.701,premce_ses-02_part-02_label-phase2,2020.1.2,Win32,60,right,1.17948,3,0.2941,0,86,86,74,1,stimuli/objects/noparkingsign.jpg,right,new,235,,,,,,,,
,,,,,,,,9,2020-10-27_12h47.09.701,premce_ses-02_part-02_label-phase2,2020.1.2,Win32,60,right,2.94543,2,1.56307,0,87,87,92,1,stimuli/objects/buoy.jpg,left,old,253,,,,,,,,
,,,,,,,,9,2020-10-27_12h47.09.701,premce_ses-02_part-02_label-phase2,2020.1.2,Win32,60,right,1.943225,2,1.11977,0,88,88,148,1,stimuli/objects/shield02.jpg,right,new,309,,,,,,,,
,,,,,,,,9,2020-10-27_12h47.09.701,premce_ses-02_part-02_label-phase2,2020.1.2,Win32,60,left,2.59725,2,0.351915,0,89,89,9,1,stimuli/objects/dolphin01.jpg,left,old,170,,,,,,,,
,,,,,,,,9,2020-10-27_12h47.09.701,premce_ses-02_part-02_label-phase2,2020.1.2,Win32,60,left,1.28593,4,0.27002,0,90,90,109,1,stimuli/objects/spaghetti01.jpg,left,old,270,,,,,,,,
,,,,,,,,9,2020-10-27_12h47.09.701,premce_ses-02_part-02_label-phase2,2020.1.2,Win32,60,right,1.54804,2,0.34765,0,91,91,84,1,stimuli/objects/musicstand.jpg,left,old,245,,,,,,,,
,,,,,,,,9,2020-10-27_12h47.09.701,premce_ses-02_part-02_label-phase2,2020.1.2,Win32,60,left,3.202955,2,0.3201,0,92,92,42,1,stimuli/objects/electricguitar01.jpg,left,old,203,,,,,,,,
,,,,,,,,9,2020-10-27_12h47.09.701,premce_ses-02_part-02_label-phase2,2020.1.2,Win32,60,left,1.16043,4,0.28483,0,93,93,107,1,stimuli/objects/skipole.jpg,left,old,268,,,,,,,,
,,,,,,,,9,2020-10-27_12h47.09.701,premce_ses-02_part-02_label-phase2,2020.1.2,Win32,60,right,1.155835,2,0.233795,0,94,94,76,1,stimuli/objects/snowshovel.jpg,right,new,237,,,,,,,,
,,,,,,,,9,2020-10-27_12h47.09.701,premce_ses-02_part-02_label-phase2,2020.1.2,Win32,60,left,0.894525,4,0.00217,0,95,95,145,1,stimuli/objects/makiroll.jpg,left,old,306,,,,,,,,
,,,,,,,,9,2020-10-27_12h47.09.701,premce_ses-02_part-02_label-phase2,2020.1.2,Win32,60,left,0.803285,4,0.002205,0,96,96,101,1,stimuli/objects/stairs.jpg,left,old,262,,,,,,,,
,,,,,,,,9,2020-10-27_12h47.09.701,premce_ses-02_part-02_label-phase2,2020.1.2,Win32,60,right,0.966045,4,0.037775,0,97,97,22,1,stimuli/objects/schoolbus.jpg,right,new,183,,,,,,,,
,,,,,,,,9,2020-10-27_12h47.09.701,premce_ses-02_part-02_label-phase2,2020.1.2,Win32,60,left,0.834765,4,0.00363,0,98,98,121,1,stimuli/objects/musicsheet.jpg,left,old,282,,,,,,,,
,,,,,,,,9,2020-10-27_12h47.09.701,premce_ses-02_part-02_label-phase2,2020.1.2,Win32,60,right,1.007835,4,0.00338,0,99,99,141,1,stimuli/objects/parachute.jpg,right,new,302,,,,,,,,
,,,,,,,,9,2020-10-27_12h47.09.701,premce_ses-02_part-02_label-phase2,2020.1.2,Win32,60,right,0.909225,4,0.71469,0,100,100,152,1,stimuli/objects/waterfall.jpg,right,new,313,,,,,,,,
,,,,,,,,9,2020-10-27_12h47.09.701,premce_ses-02_part-02_label-phase2,2020.1.2,Win32,60,right,0.91483,4,0.27556,0,101,101,150,1,stimuli/objects/urinal.jpg,left,old,311,,,,,,,,
,,,,,,,,9,2020-10-27_12h47.09.701,premce_ses-02_part-02_label-phase2,2020.1.2,Win32,60,left,1.882195,2,0.52669,0,102,102,40,1,stimuli/objects/porcupine.jpg,left,old,201,,,,,,,,
,,,,,,,,9,2020-10-27_12h47.09.701,premce_ses-02_part-02_label-phase2,2020.1.2,Win32,60,left,1.060775,3,0.242655,0,103,103,54,1,stimuli/objects/stepladder.jpg,left,old,215,,,,,,,,
,,,,,,,,9,2020-10-27_12h47.09.701,premce_ses-02_part-02_label-phase2,2020.1.2,Win32,60,left,0.84579,4,0.003545,0,104,104,29,1,stimuli/objects/showerhead01.jpg,left,old,190,,,,,,,,
,,,,,,,,9,2020-10-27_12h47.09.701,premce_ses-02_part-02_label-phase2,2020.1.2,Win32,60,right,2.079725,2,0.191145,0,105,105,7,1,stimuli/objects/sink.jpg,right,new,168,,,,,,,,
,,,,,,,,9,2020-10-27_12h47.09.701,premce_ses-02_part-02_label-phase2,2020.1.2,Win32,60,left,0.890195,4,0.835735,0,106,106,123,1,stimuli/objects/zebra.jpg,left,old,284,,,,,,,,
,,,,,,,,9,2020-10-27_12h47.09.701,premce_ses-02_part-02_label-phase2,2020.1.2,Win32,60,left,2.969445,3,0.45552,0,107,107,63,1,stimuli/objects/witchhat.jpg,left,old,224,,,,,,,,
,,,,,,,,9,2020-10-27_12h47.09.701,premce_ses-02_part-02_label-phase2,2020.1.2,Win32,60,left,0.88633,3,0.276225,0,108,108,132,1,stimuli/objects/duck01.jpg,right,new,293,,,,,,,,
,,,,,,,,9,2020-10-27_12h47.09.701,premce_ses-02_part-02_label-phase2,2020.1.2,Win32,60,left,3.08619,2,0.002,0,109,109,87,1,stimuli/objects/gazebo.jpg,left,old,248,,,,,,,,
,,,,,,,,9,2020-10-27_12h47.09.701,premce_ses-02_part-02_label-phase2,2020.1.2,Win32,60,left,0.930845,3,0.004095,0,110,110,37,1,stimuli/objects/pigeon.jpg,left,old,198,,,,,,,,
,,,,,,,,9,2020-10-27_12h47.09.701,premce_ses-02_part-02_label-phase2,2020.1.2,Win32,60,left,1.08918,2,0.162945,0,111,111,43,1,stimuli/objects/tricycle.jpg,left,old,204,,,,,,,,
,,,,,,,,9,2020-10-27_12h47.09.701,premce_ses-02_part-02_label-phase2,2020.1.2,Win32,60,right,1.8003,2,0.360775,0,112,112,157,1,stimuli/objects/lip.jpg,right,new,318,,,,,,,,
,,,,,,,,9,2020-10-27_12h47.09.701,premce_ses-02_part-02_label-phase2,2020.1.2,Win32,60,right,2.261295,3,0.90766,0,113,113,65,1,stimuli/objects/armchair02.jpg,right,new,226,,,,,,,,
,,,,,,,,9,2020-10-27_12h47.09.701,premce_ses-02_part-02_label-phase2,2020.1.2,Win32,60,right,2.81801,4,0.76907,0,114,114,66,1,stimuli/objects/tulip02.jpg,right,new,227,,,,,,,,
,,,,,,,,9,2020-10-27_12h47.09.701,premce_ses-02_part-02_label-phase2,2020.1.2,Win32,60,right,2.345615,1,0.419405,0,115,115,136,1,stimuli/objects/platypus.jpg,right,new,297,,,,,,,,
,,,,,,,,9,2020-10-27_12h47.09.701,premce_ses-02_part-02_label-phase2,2020.1.2,Win32,60,left,1.46848,2,1.45369,0,116,116,73,1,stimuli/objects/barrel01.jpg,left,old,234,,,,,,,,
,,,,,,,,9,2020-10-27_12h47.09.701,premce_ses-02_part-02_label-phase2,2020.1.2,Win32,60,left,2.1331,2,0.23443,0,117,117,156,1,stimuli/objects/faxmachine.jpg,right,new,317,,,,,,,,
,,,,,,,,9,2020-10-27_12h47.09.701,premce_ses-02_part-02_label-phase2,2020.1.2,Win32,60,right,1.55423,3,0.601205,0,118,118,130,1,stimuli/objects/sausage.jpg,right,new,291,,,,,,,,
,,,,,,,,9,2020-10-27_12h47.09.701,premce_ses-02_part-02_label-phase2,2020.1.2,Win32,60,right,1.794495,2,0.680675,0,119,119,68,1,stimuli/objects/sailboat.jpg,right,new,229,,,,,,,,
,,,,,,,,9,2020-10-27_12h47.09.701,premce_ses-02_part-02_label-phase2,2020.1.2,Win32,60,right,1.620435,2,0.434075,0,120,120,12,1,stimuli/objects/safe.jpg,right,new,173,,,,,,,,
,,,,,,,,9,2020-10-27_12h47.09.701,premce_ses-02_part-02_label-phase2,2020.1.2,Win32,60,right,0.931125,4,0.340455,0,121,121,17,1,stimuli/objects/mrpotatohead.jpg,right,new,178,,,,,,,,
,,,,,,,,9,2020-10-27_12h47.09.701,premce_ses-02_part-02_label-phase2,2020.1.2,Win32,60,right,1.34707,3,0.28652,0,122,122,108,1,stimuli/objects/boxingglove01.jpg,right,new,269,,,,,,,,
,,,,,,,,9,2020-10-27_12h47.09.701,premce_ses-02_part-02_label-phase2,2020.1.2,Win32,60,right,1.946535,2,0.321855,0,123,123,70,1,stimuli/objects/fluorescentlightbulb.jpg,right,new,231,,,,,,,,
,,,,,,,,9,2020-10-27_12h47.09.701,premce_ses-02_part-02_label-phase2,2020.1.2,Win32,60,left,2.021805,2,0.35312,0,124,124,114,1,stimuli/objects/turkey.jpg,left,old,275,,,,,,,,
,,,,,,,,9,2020-10-27_12h47.09.701,premce_ses-02_part-02_label-phase2,2020.1.2,Win32,60,right,1.67845,2,0.378395,0,125,125,72,1,stimuli/objects/shoppingcart.jpg,left,old,233,,,,,,,,
,,,,,,,,9,2020-10-27_12h47.09.701,premce_ses-02_part-02_label-phase2,2020.1.2,Win32,60,right,0.987845,3,0.359235,0,126,126,135,1,stimuli/objects/toiletbrush.jpg,right,new,296,,,,,,,,
,,,,,,,,9,2020-10-27_12h47.09.701,premce_ses-02_part-02_label-phase2,2020.1.2,Win32,60,right,0.839265,2,1.612725,0,127,127,56,1,stimuli/objects/bumpercar.jpg,right,new,217,,,,,,,,
,,,,,,,,9,2020-10-27_12h47.09.701,premce_ses-02_part-02_label-phase2,2020.1.2,Win32,60,left,1.122675,4,0.544415,0,128,128,146,1,stimuli/objects/chainsaw.jpg,left,old,307,,,,,,,,
,,,,,,,,9,2020-10-27_12h47.09.701,premce_ses-02_part-02_label-phase2,2020.1.2,Win32,60,right,1.949525,2,0.259855,0,129,129,118,1,stimuli/objects/trophy01.jpg,left,old,279,,,,,,,,
,,,,,,,,9,2020-10-27_12h47.09.701,premce_ses-02_part-02_label-phase2,2020.1.2,Win32,60,right,1.13759,2,0.243235,0,130,130,38,1,stimuli/objects/bull.jpg,right,new,199,,,,,,,,
,,,,,,,,9,2020-10-27_12h47.09.701,premce_ses-02_part-02_label-phase2,2020.1.2,Win32,60,right,1.75689,2,0.02731,0,131,131,75,1,stimuli/objects/snowshoe.jpg,right,new,236,,,,,,,,
,,,,,,,,9,2020-10-27_12h47.09.701,premce_ses-02_part-02_label-phase2,2020.1.2,Win32,60,right,1.283025,3,0.515615,0,132,132,128,1,stimuli/objects/tricornhat.jpg,right,new,289,,,,,,,,
,,,,,,,,9,2020-10-27_12h47.09.701,premce_ses-02_part-02_label-phase2,2020.1.2,Win32,60,right,1.48001,2,0.263165,0,133,133,6,1,stimuli/objects/rollerblade.jpg,right,new,167,,,,,,,,
,,,,,,,,9,2020-10-27_12h47.09.701,premce_ses-02_part-02_label-phase2,2020.1.2,Win32,60,right,3.962865,1,0.40854,0,134,134,33,1,stimuli/objects/doghouse.jpg,left,old,194,,,,,,,,
,,,,,,,,9,2020-10-27_12h47.09.701,premce_ses-02_part-02_label-phase2,2020.1.2,Win32,60,right,3.667595,2,0.315825,0,135,135,131,1,stimuli/objects/tablesaw.jpg,left,old,292,,,,,,,,
,,,,,,,,9,2020-10-27_12h47.09.701,premce_ses-02_part-02_label-phase2,2020.1.2,Win32,60,right,1.17725,2,0.372805,0,136,136,142,1,stimuli/objects/curtain.jpg,right,new,303,,,,,,,,
,,,,,,,,9,2020-10-27_12h47.09.701,premce_ses-02_part-02_label-phase2,2020.1.2,Win32,60,right,1.236375,4,2.11068,0,137,137,64,1,stimuli/objects/cupcake.jpg,right,new,225,,,,,,,,
,,,,,,,,9,2020-10-27_12h47.09.701,premce_ses-02_part-02_label-phase2,2020.1.2,Win32,60,right,2.48526,1,0.830375,0,138,138,41,1,stimuli/objects/salmon.jpg,right,new,202,,,,,,,,
,,,,,,,,9,2020-10-27_12h47.09.701,premce_ses-02_part-02_label-phase2,2020.1.2,Win32,60,right,1.161395,2,0.408125,0,139,139,90,1,stimuli/objects/vacuumcleaner01.jpg,right,new,251,,,,,,,,
,,,,,,,,9,2020-10-27_12h47.09.701,premce_ses-02_part-02_label-phase2,2020.1.2,Win32,60,right,0.956335,3,0.22948,0,140,140,82,1,stimuli/objects/missile.jpg,right,new,243,,,,,,,,
,,,,,,,,9,2020-10-27_12h47.09.701,premce_ses-02_part-02_label-phase2,2020.1.2,Win32,60,left,1.91897,3,0.38377,0,141,141,120,1,stimuli/objects/soccerball.jpg,left,old,281,,,,,,,,
,,,,,,,,9,2020-10-27_12h47.09.701,premce_ses-02_part-02_label-phase2,2020.1.2,Win32,60,right,1.05923,2,0.760935,0,142,142,24,1,stimuli/objects/stool01.jpg,left,old,185,,,,,,,,
,,,,,,,,9,2020-10-27_12h47.09.701,premce_ses-02_part-02_label-phase2,2020.1.2,Win32,60,right,1.450725,3,0.83184,0,143,143,49,1,stimuli/objects/moon.jpg,right,new,210,,,,,,,,
,,,,,,,,9,2020-10-27_12h47.09.701,premce_ses-02_part-02_label-phase2,2020.1.2,Win32,60,left,2.164425,2,0.34614,0,144,144,91,1,stimuli/objects/lawnmower.jpg,right,new,252,,,,,,,,
,,,,,,,,9,2020-10-27_12h47.09.701,premce_ses-02_part-02_label-phase2,2020.1.2,Win32,60,right,1.277405,2,1.78287,0,145,145,10,1,stimuli/objects/locomotive.jpg,left,old,171,,,,,,,,
,,,,,,,,9,2020-10-27_12h47.09.701,premce_ses-02_part-02_label-phase2,2020.1.2,Win32,60,right,1.262455,3,0.614405,0,146,146,1,1,stimuli/objects/bridge.jpg,right,new,162,,,,,,,,
,,,,,,,,9,2020-10-27_12h47.09.701,premce_ses-02_part-02_label-phase2,2020.1.2,Win32,60,right,2.561485,2,1.786075,0,147,147,15,1,stimuli/objects/tent.jpg,left,old,176,,,,,,,,
,,,,,,,,9,2020-10-27_12h47.09.701,premce_ses-02_part-02_label-phase2,2020.1.2,Win32,60,right,1.73331,2,0.2833,0,148,148,19,1,stimuli/objects/chimney.jpg,right,new,180,,,,,,,,
,,,,,,,,9,2020-10-27_12h47.09.701,premce_ses-02_part-02_label-phase2,2020.1.2,Win32,60,right,1.884515,4,0.32111,0,149,149,139,1,stimuli/objects/floortile02.jpg,right,new,300,,,,,,,,
,,,,,,,,9,2020-10-27_12h47.09.701,premce_ses-02_part-02_label-phase2,2020.1.2,Win32,60,right,1.504915,3,0.24524,0,150,150,111,1,stimuli/objects/trailer.jpg,right,new,272,,,,,,,,
,,,,,,,,9,2020-10-27_12h47.09.701,premce_ses-02_part-02_label-phase2,2020.1.2,Win32,60,right,2.30185,3,0.507545,0,151,151,77,1,stimuli/objects/cowbell.jpg,right,new,238,,,,,,,,
,,,,,,,,9,2020-10-27_12h47.09.701,premce_ses-02_part-02_label-phase2,2020.1.2,Win32,60,left,1.40064,3,0.21971,0,152,152,126,1,stimuli/objects/entrancegate.jpg,left,old,287,,,,,,,,
,,,,,,,,9,2020-10-27_12h47.09.701,premce_ses-02_part-02_label-phase2,2020.1.2,Win32,60,right,1.969765,2,0.368635,0,153,153,81,1,stimuli/objects/painting.jpg,right,new,242,,,,,,,,
,,,,,,,,9,2020-10-27_12h47.09.701,premce_ses-02_part-02_label-phase2,2020.1.2,Win32,60,left,3.096355,3,0.35907,0,154,154,125,1,stimuli/objects/chipmunk.jpg,right,new,286,,,,,,,,
,,,,,,,,9,2020-10-27_12h47.09.701,premce_ses-02_part-02_label-phase2,2020.1.2,Win32,60,left,2.237855,2,0.331585,0,155,155,23,1,stimuli/objects/flugglehorn.jpg,left,old,184,,,,,,,,
,,,,,,,,9,2020-10-27_12h47.09.701,premce_ses-02_part-02_label-phase2,2020.1.2,Win32,60,left,0.97302,4,0.215085,0,156,156,50,1,stimuli/objects/honeybee.jpg,left,old,211,,,,,,,,
,,,,,,,,9,2020-10-27_12h47.09.701,premce_ses-02_part-02_label-phase2,2020.1.2,Win32,60,left,0.672355,4,0.53678,0,157,157,83,1,stimuli/objects/redonion.jpg,left,old,244,,,,,,,,
,,,,,,,,9,2020-10-27_12h47.09.701,premce_ses-02_part-02_label-phase2,2020.1.2,Win32,60,right,3.34508,2,0.33209,0,158,158,44,1,stimuli/objects/canoepaddle02.jpg,left,old,205,,,,,,,,
,,,,,,,,9,2020-10-27_12h47.09.701,premce_ses-02_part-02_label-phase2,2020.1.2,Win32,60,left,2.345975,2,0.36232,0,159,159,85,1,stimuli/objects/gong.jpg,right,new,246,,,,,,,,
,,,,,,,,9,2020-10-27_12h47.09.701,premce_ses-02_part-02_label-phase2,2020.1.2,Win32,60,,,,,,,,,,,,,,space,6.884085,0,0,0,1,1,ImagesforRecog2.csv
,,,,,,,,9,2020-10-27_12h47.09.701,premce_ses-02_part-02_label-phase2,2020.1.2,Win32,60,right,1.35314,3,1.200015,0,0,0,143,1,stimuli/objects/turnstile.jpg,left,old,144,,,,,,,,
,,,,,,,,9,2020-10-27_12h47.09.701,premce_ses-02_part-02_label-phase2,2020.1.2,Win32,60,right,1.19383,3,1.121305,0,1,1,140,1,stimuli/objects/pooltable.jpg,right,new,141,,,,,,,,
,,,,,,,,9,2020-10-27_12h47.09.701,premce_ses-02_part-02_label-phase2,2020.1.2,Win32,60,left,2.792405,3,0.3532,0,2,2,159,1,stimuli/objects/parrot01.jpg,left,old,160,,,,,,,,
,,,,,,,,9,2020-10-27_12h47.09.701,premce_ses-02_part-02_label-phase2,2020.1.2,Win32,60,right,1.507715,2,0.306665,0,3,3,122,1,stimuli/objects/pickaxe02.jpg,left,old,123,,,,,,,,
,,,,,,,,9,2020-10-27_12h47.09.701,premce_ses-02_part-02_label-phase2,2020.1.2,Win32,60,left,1.60322,4,0.20171,0,4,4,132,1,stimuli/objects/trafficlight.jpg,left,old,133,,,,,,,,
,,,,,,,,9,2020-10-27_12h47.09.701,premce_ses-02_part-02_label-phase2,2020.1.2,Win32,60,left,0.81444,4,0.2955,0,5,5,102,1,stimuli/objects/sheriffhat.jpg,left,old,103,,,,,,,,
,,,,,,,,9,2020-10-27_12h47.09.701,premce_ses-02_part-02_label-phase2,2020.1.2,Win32,60,right,1.5557,1,1.26509,0,6,6,63,1,stimuli/objects/rose.jpg,right,new,64,,,,,,,,
,,,,,,,,9,2020-10-27_12h47.09.701,premce_ses-02_part-02_label-phase2,2020.1.2,Win32,60,right,2.61109,3,0.605925,0,7,7,47,1,stimuli/objects/ant.jpg,right,new,48,,,,,,,,
,,,,,,,,9,2020-10-27_12h47.09.701,premce_ses-02_part-02_label-phase2,2020.1.2,Win32,60,left,1.568505,3,0.365585,0,8,8,65,1,stimuli/objects/blender.jpg,left,old,66,,,,,,,,
,,,,,,,,9,2020-10-27_12h47.09.701,premce_ses-02_part-02_label-phase2,2020.1.2,Win32,60,right,2.677845,3,0.289145,0,9,9,1,1,stimuli/objects/key07.jpg,right,new,2,,,,,,,,
,,,,,,,,9,2020-10-27_12h47.09.701,premce_ses-02_part-02_label-phase2,2020.1.2,Win32,60,right,2.12201,3,0.609975,0,10,10,98,1,stimuli/objects/well.jpg,left,old,99,,,,,,,,
,,,,,,,,9,2020-10-27_12h47.09.701,premce_ses-02_part-02_label-phase2,2020.1.2,Win32,60,left,3.1429,2,0.352345,0,11,11,127,1,stimuli/objects/macaroni01.jpg,right,new,128,,,,,,,,
,,,,,,,,9,2020-10-27_12h47.09.701,premce_ses-02_part-02_label-phase2,2020.1.2,Win32,60,left,0.97753,4,0.319155,0,12,12,62,1,stimuli/objects/icecube02.jpg,left,old,63,,,,,,,,
,,,,,,,,9,2020-10-27_12h47.09.701,premce_ses-02_part-02_label-phase2,2020.1.2,Win32,60,right,2.04851,2,0.310695,0,13,13,33,1,stimuli/objects/helicopter.jpg,right,new,34,,,,,,,,
,,,,,,,,9,2020-10-27_12h47.09.701,premce_ses-02_part-02_label-phase2,2020.1.2,Win32,60,right,3.2416,2,0.29224,0,14,14,154,1,stimuli/objects/dartboard.jpg,left,old,155,,,,,,,,
,,,,,,,,9,2020-10-27_12h47.09.701,premce_ses-02_part-02_label-phase2,2020.1.2,Win32,60,left,0.89029,4,0.335305,0,15,15,35,1,stimuli/objects/flag.jpg,left,old,36,,,,,,,,
,,,,,,,,9,2020-10-27_12h47.09.701,premce_ses-02_part-02_label-phase2,2020.1.2,Win32,60,right,3.745105,2,0.342345,0,16,16,117,1,stimuli/objects/lollipop04.jpg,right,new,118,,,,,,,,
,,,,,,,,9,2020-10-27_12h47.09.701,premce_ses-02_part-02_label-phase2,2020.1.2,Win32,60,right,0.897005,1,3.335895,0,17,17,66,1,stimuli/objects/desktopcomputer.jpg,left,old,67,,,,,,,,
,,,,,,,,9,2020-10-27_12h47.09.701,premce_ses-02_part-02_label-phase2,2020.1.2,Win32,60,left,1.18232,3,0.319455,0,18,18,58,1,stimuli/objects/file.jpg,right,new,59,,,,,,,,
,,,,,,,,9,2020-10-27_12h47.09.701,premce_ses-02_part-02_label-phase2,2020.1.2,Win32,60,right,1.101095,2,0.44843,0,19,19,73,1,stimuli/objects/ladybug03.jpg,right,new,74,,,,,,,,
,,,,,,,,9,2020-10-27_12h47.09.701,premce_ses-02_part-02_label-phase2,2020.1.2,Win32,60,left,1.46949,3,0.272405,0,20,20,72,1,stimuli/objects/crown.jpg,left,old,73,,,,,,,,
,,,,,,,,9,2020-10-27_12h47.09.701,premce_ses-02_part-02_label-phase2,2020.1.2,Win32,60,left,0.765215,4,0.330135,0,21,21,60,1,stimuli/objects/worldmap.jpg,left,old,61,,,,,,,,
,,,,,,,,9,2020-10-27_12h47.09.701,premce_ses-02_part-02_label-phase2,2020.1.2,Win32,60,left,0.726805,4,0.444555,0,22,22,9,1,stimuli/objects/granolabar01.jpg,left,old,10,,,,,,,,
,,,,,,,,9,2020-10-27_12h47.09.701,premce_ses-02_part-02_label-phase2,2020.1.2,Win32,60,right,2.745265,2,0.290535,0,23,23,95,1,stimuli/objects/spicerack.jpg,left,old,96,,,,,,,,
,,,,,,,,9,2020-10-27_12h47.09.701,premce_ses-02_part-02_label-phase2,2020.1.2,Win32,60,left,1.733555,4,0.46081,0,24,24,18,1,stimuli/objects/snowman.jpg,left,old,19,,,,,,,,
,,,,,,,,9,2020-10-27_12h47.09.701,premce_ses-02_part-02_label-phase2,2020.1.2,Win32,60,right,3.21997,2,0.29628,0,25,25,87,1,stimuli/objects/parkingmeter.jpg,left,old,88,,,,,,,,
,,,,,,,,9,2020-10-27_12h47.09.701,premce_ses-02_part-02_label-phase2,2020.1.2,Win32,60,right,4.586815,1,0.46002,0,26,26,109,1,stimuli/objects/bathtub.jpg,right,new,110,,,,,,,,
,,,,,,,,9,2020-10-27_12h47.09.701,premce_ses-02_part-02_label-phase2,2020.1.2,Win32,60,left,1.053595,4,0.718935,0,27,27,120,1,stimuli/objects/mortarandpestle.jpg,left,old,121,,,,,,,,
,,,,,,,,9,2020-10-27_12h47.09.701,premce_ses-02_part-02_label-phase2,2020.1.2,Win32,60,left,1.141195,4,0.71704,0,28,28,118,1,stimuli/objects/cruiseship.jpg,left,old,119,,,,,,,,
,,,,,,,,9,2020-10-27_12h47.09.701,premce_ses-02_part-02_label-phase2,2020.1.2,Win32,60,right,2.11949,3,1.165935,0,29,29,12,1,stimuli/objects/pingpongtable.jpg,right,new,13,,,,,,,,
,,,,,,,,9,2020-10-27_12h47.09.701,premce_ses-02_part-02_label-phase2,2020.1.2,Win32,60,left,0.897415,4,0.690765,0,30,30,130,1,stimuli/objects/toyanimal05.jpg,left,old,131,,,,,,,,
,,,,,,,,9,2020-10-27_12h47.09.701,premce_ses-02_part-02_label-phase2,2020.1.2,Win32,60,right,1.248965,2,0.579465,0,31,31,6,1,stimuli/objects/trojanhorse.jpg,right,new,7,,,,,,,,
,,,,,,,,9,2020-10-27_12h47.09.701,premce_ses-02_part-02_label-phase2,2020.1.2,Win32,60,left,0.770445,4,1.054685,0,32,32,76,1,stimuli/objects/dromedary.jpg,left,old,77,,,,,,,,
,,,,,,,,9,2020-10-27_12h47.09.701,premce_ses-02_part-02_label-phase2,2020.1.2,Win32,60,left,1.178255,3,0.378705,0,33,33,40,1,stimuli/objects/bread.jpg,left,old,41,,,,,,,,
,,,,,,,,9,2020-10-27_12h47.09.701,premce_ses-02_part-02_label-phase2,2020.1.2,Win32,60,left,1.12106,3,0.37224,0,34,34,115,1,stimuli/objects/bleachers.jpg,left,old,116,,,,,,,,
,,,,,,,,9,2020-10-27_12h47.09.701,premce_ses-02_part-02_label-phase2,2020.1.2,Win32,60,left,0.78103,4,0.570985,0,35,35,147,1,stimuli/objects/panda.jpg,left,old,148,,,,,,,,
,,,,,,,,9,2020-10-27_12h47.09.701,premce_ses-02_part-02_label-phase2,2020.1.2,Win32,60,left,2.44685,2,0.445495,0,36,36,96,1,stimuli/objects/pin.jpg,right,new,97,,,,,,,,
,,,,,,,,9,2020-10-27_12h47.09.701,premce_ses-02_part-02_label-phase2,2020.1.2,Win32,60,right,2.281815,2,0.395185,0,37,37,22,1,stimuli/objects/toasteroven.jpg,right,new,23,,,,,,,,
,,,,,,,,9,2020-10-27_12h47.09.701,premce_ses-02_part-02_label-phase2,2020.1.2,Win32,60,left,1.986855,4,0.40112,0,38,38,136,1,stimuli/objects/dreamcatcher.jpg,left,old,137,,,,,,,,
,,,,,,,,9,2020-10-27_12h47.09.701,premce_ses-02_part-02_label-phase2,2020.1.2,Win32,60,right,1.211575,2,0.378325,0,39,39,51,1,stimuli/objects/cork02.jpg,right,new,52,,,,,,,,
,,,,,,,,9,2020-10-27_12h47.09.701,premce_ses-02_part-02_label-phase2,2020.1.2,Win32,60,right,1.34254,2,0.406145,0,40,40,156,1,stimuli/objects/battleaxe.jpg,right,new,157,,,,,,,,
,,,,,,,,9,2020-10-27_12h47.09.701,premce_ses-02_part-02_label-phase2,2020.1.2,Win32,60,left,0.932275,3,0.36414,0,41,41,142,1,stimuli/objects/cow.jpg,right,new,143,,,,,,,,
,,,,,,,,9,2020-10-27_12h47.09.701,premce_ses-02_part-02_label-phase2,2020.1.2,Win32,60,right,0.905105,2,0.33438,0,42,42,121,1,stimuli/objects/triangle.jpg,left,old,122,,,,,,,,
,,,,,,,,9,2020-10-27_12h47.09.701,premce_ses-02_part-02_label-phase2,2020.1.2,Win32,60,left,1.22094,3,0.417845,0,43,43,155,1,stimuli/objects/trombone.jpg,right,new,156,,,,,,,,
,,,,,,,,9,2020-10-27_12h47.09.701,premce_ses-02_part-02_label-phase2,2020.1.2,Win32,60,right,1.520525,2,0.283695,0,44,44,13,1,stimuli/objects/lighthouse.jpg,right,new,14,,,,,,,,
,,,,,,,,9,2020-10-27_12h47.09.701,premce_ses-02_part-02_label-phase2,2020.1.2,Win32,60,left,0.970905,4,0.383445,0,45,45,70,1,stimuli/objects/apron.jpg,left,old,71,,,,,,,,
,,,,,,,,9,2020-10-27_12h47.09.701,premce_ses-02_part-02_label-phase2,2020.1.2,Win32,60,left,1.139225,4,0.337215,0,46,46,69,1,stimuli/objects/lightswitch01.jpg,left,old,70,,,,,,,,
,,,,,,,,9,2020-10-27_12h47.09.701,premce_ses-02_part-02_label-phase2,2020.1.2,Win32,60,right,0.99311,2,0.405395,0,47,47,131,1,stimuli/objects/funnel.jpg,right,new,132,,,,,,,,
,,,,,,,,9,2020-10-27_12h47.09.701,premce_ses-02_part-02_label-phase2,2020.1.2,Win32,60,left,0.81697,2,0.39272,0,48,48,10,1,stimuli/objects/americanwhitepelican.jpg,left,old,11,,,,,,,,
,,,,,,,,9,2020-10-27_12h47.09.701,premce_ses-02_part-02_label-phase2,2020.1.2,Win32,60,left,0.9886,3,0.34452,0,49,49,64,1,stimuli/objects/baseballglove.jpg,right,new,65,,,,,,,,
,,,,,,,,9,2020-10-27_12h47.09.701,premce_ses-02_part-02_label-phase2,2020.1.2,Win32,60,left,0.732155,4,0.306755,0,50,50,20,1,stimuli/objects/escalator.jpg,left,old,21,,,,,,,,
,,,,,,,,9,2020-10-27_12h47.09.701,premce_ses-02_part-02_label-phase2,2020.1.2,Win32,60,right,0.844295,2,0.4097,0,51,51,11,1,stimuli/objects/footballhelmet.jpg,left,old,12,,,,,,,,
,,,,,,,,9,2020-10-27_12h47.09.701,premce_ses-02_part-02_label-phase2,2020.1.2,Win32,60,right,1.19414,3,0.302175,0,52,52,46,1,stimuli/objects/coffeemachine.jpg,right,new,47,,,,,,,,
,,,,,,,,9,2020-10-27_12h47.09.701,premce_ses-02_part-02_label-phase2,2020.1.2,Win32,60,left,0.771395,4,0.30339,0,53,53,85,1,stimuli/objects/frisbee.jpg,left,old,86,,,,,,,,
,,,,,,,,9,2020-10-27_12h47.09.701,premce_ses-02_part-02_label-phase2,2020.1.2,Win32,60,right,0.844135,2,0.23887,0,54,54,153,1,stimuli/objects/harmonica.jpg,right,new,154,,,,,,,,
,,,,,,,,9,2020-10-27_12h47.09.701,premce_ses-02_part-02_label-phase2,2020.1.2,Win32,60,right,1.03972,2,0.355625,0,55,55,158,1,stimuli/objects/vulture.jpg,right,new,159,,,,,,,,
,,,,,,,,9,2020-10-27_12h47.09.701,premce_ses-02_part-02_label-phase2,2020.1.2,Win32,60,left,0.79011,4,0.298375,0,56,56,21,1,stimuli/objects/hockeypuck.jpg,left,old,22,,,,,,,,
,,,,,,,,9,2020-10-27_12h47.09.701,premce_ses-02_part-02_label-phase2,2020.1.2,Win32,60,right,0.80522,2,0.36765,0,57,57,31,1,stimuli/objects/faucet.jpg,right,new,32,,,,,,,,
,,,,,,,,9,2020-10-27_12h47.09.701,premce_ses-02_part-02_label-phase2,2020.1.2,Win32,60,right,0.939915,2,0.279675,0,58,58,110,1,stimuli/objects/leafblower01.jpg,left,old,111,,,,,,,,
,,,,,,,,9,2020-10-27_12h47.09.701,premce_ses-02_part-02_label-phase2,2020.1.2,Win32,60,right,1.02516,2,1.12301,0,59,59,94,1,stimuli/objects/statue.jpg,right,new,95,,,,,,,,
,,,,,,,,9,2020-10-27_12h47.09.701,premce_ses-02_part-02_label-phase2,2020.1.2,Win32,60,right,0.954125,3,0.287085,0,60,60,126,1,stimuli/objects/toynutcracker.jpg,right,new,127,,,,,,,,
,,,,,,,,9,2020-10-27_12h47.09.701,premce_ses-02_part-02_label-phase2,2020.1.2,Win32,60,right,1.04426,2,0.31057,0,61,61,67,1,stimuli/objects/steeringwheel.jpg,right,new,68,,,,,,,,
,,,,,,,,9,2020-10-27_12h47.09.701,premce_ses-02_part-02_label-phase2,2020.1.2,Win32,60,left,0.90751,3,0.32132,0,62,62,101,1,stimuli/objects/wheelchair.jpg,left,old,102,,,,,,,,
,,,,,,,,9,2020-10-27_12h47.09.701,premce_ses-02_part-02_label-phase2,2020.1.2,Win32,60,left,1.223175,3,0.001865,0,63,63,3,1,stimuli/objects/sealion.jpg,left,old,4,,,,,,,,
,,,,,,,,9,2020-10-27_12h47.09.701,premce_ses-02_part-02_label-phase2,2020.1.2,Win32,60,right,0.86159,3,0.40873,0,64,64,7,1,stimuli/objects/whiteout.jpg,right,new,8,,,,,,,,
,,,,,,,,9,2020-10-27_12h47.09.701,premce_ses-02_part-02_label-phase2,2020.1.2,Win32,60,left,1.514365,2,0.243335,0,65,65,30,1,stimuli/objects/siamesecat.jpg,right,new,31,,,,,,,,
,,,,,,,,9,2020-10-27_12h47.09.701,premce_ses-02_part-02_label-phase2,2020.1.2,Win32,60,right,0.81736,3,0.470845,0,66,66,129,1,stimuli/objects/walkietalkie.jpg,left,old,130,,,,,,,,
,,,,,,,,9,2020-10-27_12h47.09.701,premce_ses-02_part-02_label-phase2,2020.1.2,Win32,60,right,1.06821,3,0.47855,0,67,67,4,1,stimuli/objects/zipper.jpg,right,new,5,,,,,,,,
,,,,,,,,9,2020-10-27_12h47.09.701,premce_ses-02_part-02_label-phase2,2020.1.2,Win32,60,right,1.028265,3,0.277545,0,68,68,42,1,stimuli/objects/bowlingball.jpg,right,new,43,,,,,,,,
,,,,,,,,9,2020-10-27_12h47.09.701,premce_ses-02_part-02_label-phase2,2020.1.2,Win32,60,right,0.645725,1,1.32284,0,69,69,92,1,stimuli/objects/athleticsock.jpg,left,old,93,,,,,,,,
,,,,,,,,9,2020-10-27_12h47.09.701,premce_ses-02_part-02_label-phase2,2020.1.2,Win32,60,right,0.90826,3,0.752335,0,70,70,68,1,stimuli/objects/ipad02.jpg,right,new,69,,,,,,,,
,,,,,,,,9,2020-10-27_12h47.09.701,premce_ses-02_part-02_label-phase2,2020.1.2,Win32,60,left,1.196535,3,0.22623,0,71,71,0,1,stimuli/objects/fishingrod.jpg,right,new,1,,,,,,,,
,,,,,,,,9,2020-10-27_12h47.09.701,premce_ses-02_part-02_label-phase2,2020.1.2,Win32,60,right,0.73546,2,0.314925,0,72,72,112,1,stimuli/objects/webcam.jpg,right,new,113,,,,,,,,
,,,,,,,,9,2020-10-27_12h47.09.701,premce_ses-02_part-02_label-phase2,2020.1.2,Win32,60,right,1.471725,1,0.72363,0,73,73,138,1,stimuli/objects/raccoon.jpg,right,new,139,,,,,,,,
,,,,,,,,9,2020-10-27_12h47.09.701,premce_ses-02_part-02_label-phase2,2020.1.2,Win32,60,left,0.993425,3,0.2557,0,74,74,144,1,stimuli/objects/eyepatch.jpg,left,old,145,,,,,,,,
,,,,,,,,9,2020-10-27_12h47.09.701,premce_ses-02_part-02_label-phase2,2020.1.2,Win32,60,right,0.90014,2,0.310195,0,75,75,124,1,stimuli/objects/birdhouse.jpg,right,new,125,,,,,,,,
,,,,,,,,9,2020-10-27_12h47.09.701,premce_ses-02_part-02_label-phase2,2020.1.2,Win32,60,right,0.80165,2,0.400135,0,76,76,75,1,stimuli/objects/castle.jpg,right,new,76,,,,,,,,
,,,,,,,,9,2020-10-27_12h47.09.701,premce_ses-02_part-02_label-phase2,2020.1.2,Win32,60,left,1.95359,2,0.277105,0,77,77,90,1,stimuli/objects/ducttape.jpg,right,new,91,,,,,,,,
,,,,,,,,9,2020-10-27_12h47.09.701,premce_ses-02_part-02_label-phase2,2020.1.2,Win32,60,right,1.048895,4,0.25954,0,78,78,26,1,stimuli/objects/snowglobe.jpg,right,new,27,,,,,,,,
,,,,,,,,9,2020-10-27_12h47.09.701,premce_ses-02_part-02_label-phase2,2020.1.2,Win32,60,right,1.293755,2,0.299845,0,79,79,49,1,stimuli/objects/microphone01.jpg,right,new,50,,,,,,,,
,,,,,,,,9,2020-10-27_12h47.09.701,premce_ses-02_part-02_label-phase2,2020.1.2,Win32,60,left,0.727045,3,0.00365,0,80,80,14,1,stimuli/objects/riverotter.jpg,right,new,15,,,,,,,,
,,,,,,,,9,2020-10-27_12h47.09.701,premce_ses-02_part-02_label-phase2,2020.1.2,Win32,60,right,1.025905,4,0.355435,0,81,81,41,1,stimuli/objects/spiderweb.jpg,right,new,42,,,,,,,,
,,,,,,,,9,2020-10-27_12h47.09.701,premce_ses-02_part-02_label-phase2,2020.1.2,Win32,60,left,0.843475,4,0.399815,0,82,82,28,1,stimuli/objects/seaturtle.jpg,left,old,29,,,,,,,,
,,,,,,,,9,2020-10-27_12h47.09.701,premce_ses-02_part-02_label-phase2,2020.1.2,Win32,60,left,0.995655,4,0.874945,0,83,83,61,1,stimuli/objects/birdnest.jpg,left,old,62,,,,,,,,
,,,,,,,,9,2020-10-27_12h47.09.701,premce_ses-02_part-02_label-phase2,2020.1.2,Win32,60,right,1.10638,1,0.488145,0,84,84,103,1,stimuli/objects/skiboot01a.jpg,right,new,104,,,,,,,,
,,,,,,,,9,2020-10-27_12h47.09.701,premce_ses-02_part-02_label-phase2,2020.1.2,Win32,60,right,0.829105,2,0.58257,0,85,85,107,1,stimuli/objects/candycane01a.jpg,left,old,108,,,,,,,,
,,,,,,,,9,2020-10-27_12h47.09.701,premce_ses-02_part-02_label-phase2,2020.1.2,Win32,60,left,1.190605,3,0.27287,0,86,86,57,1,stimuli/objects/weddingcake.jpg,left,old,58,,,,,,,,
,,,,,,,,9,2020-10-27_12h47.09.701,premce_ses-02_part-02_label-phase2,2020.1.2,Win32,60,left,0.90914,3,0.418835,0,87,87,99,1,stimuli/objects/cactus.jpg,left,old,100,,,,,,,,
,,,,,,,,9,2020-10-27_12h47.09.701,premce_ses-02_part-02_label-phase2,2020.1.2,Win32,60,left,0.667445,4,0.301015,0,88,88,79,1,stimuli/objects/jellybean.jpg,left,old,80,,,,,,,,
,,,,,,,,9,2020-10-27_12h47.09.701,premce_ses-02_part-02_label-phase2,2020.1.2,Win32,60,right,0.8318,4,0.34038,0,89,89,17,1,stimuli/objects/car.jpg,right,new,18,,,,,,,,
,,,,,,,,9,2020-10-27_12h47.09.701,premce_ses-02_part-02_label-phase2,2020.1.2,Win32,60,right,1.35868,3,0.24263,0,90,90,141,1,stimuli/objects/lintroller.jpg,left,old,142,,,,,,,,
,,,,,,,,9,2020-10-27_12h47.09.701,premce_ses-02_part-02_label-phase2,2020.1.2,Win32,60,right,1.587525,2,0.273495,0,91,91,55,1,stimuli/objects/cremebrulee.jpg,right,new,56,,,,,,,,
,,,,,,,,9,2020-10-27_12h47.09.701,premce_ses-02_part-02_label-phase2,2020.1.2,Win32,60,right,1.190595,2,0.2564,0,92,92,139,1,stimuli/objects/callbell.jpg,right,new,140,,,,,,,,
,,,,,,,,9,2020-10-27_12h47.09.701,premce_ses-02_part-02_label-phase2,2020.1.2,Win32,60,right,0.69204,1,1.24807,0,93,93,71,1,stimuli/objects/bikelock.jpg,left,old,72,,,,,,,,
,,,,,,,,9,2020-10-27_12h47.09.701,premce_ses-02_part-02_label-phase2,2020.1.2,Win32,60,left,1.08117,4,0.313385,0,94,94,16,1,stimuli/objects/cashregister01.jpg,left,old,17,,,,,,,,
,,,,,,,,9,2020-10-27_12h47.09.701,premce_ses-02_part-02_label-phase2,2020.1.2,Win32,60,left,1.99964,2,0.416025,0,95,95,78,1,stimuli/objects/exitsign.jpg,left,old,79,,,,,,,,
,,,,,,,,9,2020-10-27_12h47.09.701,premce_ses-02_part-02_label-phase2,2020.1.2,Win32,60,left,0.92779,3,0.30411,0,96,96,133,1,stimuli/objects/skateboard.jpg,left,old,134,,,,,,,,
,,,,,,,,9,2020-10-27_12h47.09.701,premce_ses-02_part-02_label-phase2,2020.1.2,Win32,60,right,0.87308,3,0.660015,0,97,97,149,1,stimuli/objects/electrictoothbrush01c.jpg,right,new,150,,,,,,,,
,,,,,,,,9,2020-10-27_12h47.09.701,premce_ses-02_part-02_label-phase2,2020.1.2,Win32,60,right,0.91152,2,0.62329,0,98,98,157,1,stimuli/objects/volleyball.jpg,left,old,158,,,,,,,,
,,,,,,,,9,2020-10-27_12h47.09.701,premce_ses-02_part-02_label-phase2,2020.1.2,Win32,60,left,0.77403,3,0.306995,0,99,99,119,1,stimuli/objects/polarbear.jpg,left,old,120,,,,,,,,
,,,,,,,,9,2020-10-27_12h47.09.701,premce_ses-02_part-02_label-phase2,2020.1.2,Win32,60,right,1.379365,2,0.30544,0,100,100,135,1,stimuli/objects/dalmatian.jpg,left,old,136,,,,,,,,
,,,,,,,,9,2020-10-27_12h47.09.701,premce_ses-02_part-02_label-phase2,2020.1.2,Win32,60,left,1.02841,3,0.294155,0,101,101,145,1,stimuli/objects/ironingboard01.jpg,right,new,146,,,,,,,,
,,,,,,,,9,2020-10-27_12h47.09.701,premce_ses-02_part-02_label-phase2,2020.1.2,Win32,60,left,1.00307,3,0.272235,0,102,102,8,1,stimuli/objects/treadmill.jpg,left,old,9,,,,,,,,
,,,,,,,,9,2020-10-27_12h47.09.701,premce_ses-02_part-02_label-phase2,2020.1.2,Win32,60,right,0.84802,1,0.960845,0,103,103,128,1,stimuli/objects/toilet.jpg,right,new,129,,,,,,,,
,,,,,,,,9,2020-10-27_12h47.09.701,premce_ses-02_part-02_label-phase2,2020.1.2,Win32,60,right,1.35033,2,0.103015,0,104,104,53,1,stimuli/objects/rooster.jpg,right,new,54,,,,,,,,
,,,,,,,,9,2020-10-27_12h47.09.701,premce_ses-02_part-02_label-phase2,2020.1.2,Win32,60,right,1.24678,3,0.442915,0,105,105,15,1,stimuli/objects/lantern03.jpg,right,new,16,,,,,,,,
,,,,,,,,9,2020-10-27_12h47.09.701,premce_ses-02_part-02_label-phase2,2020.1.2,Win32,60,left,0.78281,4,0.31148,0,106,106,83,1,stimuli/objects/crab01.jpg,left,old,84,,,,,,,,
,,,,,,,,9,2020-10-27_12h47.09.701,premce_ses-02_part-02_label-phase2,2020.1.2,Win32,60,right,0.76588,1,0.26341,0,107,107,123,1,stimuli/objects/scooter.jpg,right,new,124,,,,,,,,
,,,,,,,,9,2020-10-27_12h47.09.701,premce_ses-02_part-02_label-phase2,2020.1.2,Win32,60,left,0.955185,4,0.271475,0,108,108,114,1,stimuli/objects/tie02.jpg,left,old,115,,,,,,,,
,,,,,,,,9,2020-10-27_12h47.09.701,premce_ses-02_part-02_label-phase2,2020.1.2,Win32,60,right,1.12199,2,0.26428,0,109,109,104,1,stimuli/objects/sledgehammer.jpg,right,new,105,,,,,,,,
,,,,,,,,9,2020-10-27_12h47.09.701,premce_ses-02_part-02_label-phase2,2020.1.2,Win32,60,right,1.286285,2,0.47083,0,110,110,34,1,stimuli/objects/ceilingfan01.jpg,right,new,35,,,,,,,,
,,,,,,,,9,2020-10-27_12h47.09.701,premce_ses-02_part-02_label-phase2,2020.1.2,Win32,60,left,0.72192,4,0.313045,0,111,111,27,1,stimuli/objects/fingerprint.jpg,left,old,28,,,,,,,,
,,,,,,,,9,2020-10-27_12h47.09.701,premce_ses-02_part-02_label-phase2,2020.1.2,Win32,60,right,0.808475,4,0.30047,0,112,112,74,1,stimuli/objects/road02.jpg,right,new,75,,,,,,,,
,,,,,,,,9,2020-10-27_12h47.09.701,premce_ses-02_part-02_label-phase2,2020.1.2,Win32,60,right,0.988495,2,0.25654,0,113,113,45,1,stimuli/objects/horseshoe.jpg,right,new,46,,,,,,,,
,,,,,,,,9,2020-10-27_12h47.09.701,premce_ses-02_part-02_label-phase2,2020.1.2,Win32,60,right,0.775835,2,0.451405,0,114,114,116,1,stimuli/objects/gavel.jpg,left,old,117,,,,,,,,
,,,,,,,,9,2020-10-27_12h47.09.701,premce_ses-02_part-02_label-phase2,2020.1.2,Win32,60,right,0.75609,2,0.776575,0,115,115,89,1,stimuli/objects/carbattery.jpg,left,old,90,,,,,,,,
,,,,,,,,9,2020-10-27_12h47.09.701,premce_ses-02_part-02_label-phase2,2020.1.2,Win32,60,left,0.787905,3,0.406925,0,116,116,148,1,stimuli/objects/skihelmet01.jpg,left,old,149,,,,,,,,
,,,,,,,,9,2020-10-27_12h47.09.701,premce_ses-02_part-02_label-phase2,2020.1.2,Win32,60,left,0.777425,3,0.30905,0,117,117,91,1,stimuli/objects/airhockeytable.jpg,right,new,92,,,,,,,,
,,,,,,,,9,2020-10-27_12h47.09.701,premce_ses-02_part-02_label-phase2,2020.1.2,Win32,60,left,0.89815,4,0.334585,0,118,118,56,1,stimuli/objects/cannon.jpg,left,old,57,,,,,,,,
,,,,,,,,9,2020-10-27_12h47.09.701,premce_ses-02_part-02_label-phase2,2020.1.2,Win32,60,right,0.65616,2,0.27219,0,119,119,43,1,stimuli/objects/slushiemachine.jpg,right,new,44,,,,,,,,
,,,,,,,,9,2020-10-27_12h47.09.701,premce_ses-02_part-02_label-phase2,2020.1.2,Win32,60,right,0.818335,2,0.40995,0,120,120,134,1,stimuli/objects/rubikcube.jpg,right,new,135,,,,,,,,
,,,,,,,,9,2020-10-27_12h47.09.701,premce_ses-02_part-02_label-phase2,2020.1.2,Win32,60,right,0.989785,2,0.26694,0,121,121,80,1,stimuli/objects/church.jpg,left,old,81,,,,,,,,
,,,,,,,,9,2020-10-27_12h47.09.701,premce_ses-02_part-02_label-phase2,2020.1.2,Win32,60,left,0.91559,4,0.28726,0,122,122,36,1,stimuli/objects/cutlass.jpg,left,old,37,,,,,,,,
,,,,,,,,9,2020-10-27_12h47.09.701,premce_ses-02_part-02_label-phase2,2020.1.2,Win32,60,left,0.81894,4,0.305285,0,123,123,84,1,stimuli/objects/diploma02.jpg,left,old,85,,,,,,,,
,,,,,,,,9,2020-10-27_12h47.09.701,premce_ses-02_part-02_label-phase2,2020.1.2,Win32,60,right,0.928285,2,0.309595,0,124,124,32,1,stimuli/objects/paperairplane.jpg,right,new,33,,,,,,,,
,,,,,,,,9,2020-10-27_12h47.09.701,premce_ses-02_part-02_label-phase2,2020.1.2,Win32,60,right,1.256795,3,1.812405,0,125,125,23,1,stimuli/objects/bat.jpg,right,new,24,,,,,,,,
,,,,,,,,9,2020-10-27_12h47.09.701,premce_ses-02_part-02_label-phase2,2020.1.2,Win32,60,right,1.047035,2,0.32207,0,126,126,137,1,stimuli/objects/handheldtelescope.jpg,right,new,138,,,,,,,,
,,,,,,,,9,2020-10-27_12h47.09.701,premce_ses-02_part-02_label-phase2,2020.1.2,Win32,60,right,0.83611,4,0.27999,0,127,127,52,1,stimuli/objects/tree.jpg,right,new,53,,,,,,,,
,,,,,,,,9,2020-10-27_12h47.09.701,premce_ses-02_part-02_label-phase2,2020.1.2,Win32,60,right,1.162355,3,0.481615,0,128,128,19,1,stimuli/objects/peacock.jpg,right,new,20,,,,,,,,
,,,,,,,,9,2020-10-27_12h47.09.701,premce_ses-02_part-02_label-phase2,2020.1.2,Win32,60,right,1.61101,2,0.24181,0,129,129,105,1,stimuli/objects/penguin.jpg,right,new,106,,,,,,,,
,,,,,,,,9,2020-10-27_12h47.09.701,premce_ses-02_part-02_label-phase2,2020.1.2,Win32,60,left,1.31316,4,0.24834,0,130,130,106,1,stimuli/objects/brownsugar.jpg,left,old,107,,,,,,,,
,,,,,,,,9,2020-10-27_12h47.09.701,premce_ses-02_part-02_label-phase2,2020.1.2,Win32,60,left,1.071065,3,0.101985,0,131,131,152,1,stimuli/objects/xylophone.jpg,left,old,153,,,,,,,,
,,,,,,,,9,2020-10-27_12h47.09.701,premce_ses-02_part-02_label-phase2,2020.1.2,Win32,60,left,1.41079,2,0.22534,0,132,132,5,1,stimuli/objects/winniethepooh.jpg,left,old,6,,,,,,,,
,,,,,,,,9,2020-10-27_12h47.09.701,premce_ses-02_part-02_label-phase2,2020.1.2,Win32,60,right,1.22113,2,0.40761,0,133,133,2,1,stimuli/objects/accordion01.jpg,right,new,3,,,,,,,,
,,,,,,,,9,2020-10-27_12h47.09.701,premce_ses-02_part-02_label-phase2,2020.1.2,Win32,60,left,0.83592,3,0.28985,0,134,134,48,1,stimuli/objects/taxisign.jpg,left,old,49,,,,,,,,
,,,,,,,,9,2020-10-27_12h47.09.701,premce_ses-02_part-02_label-phase2,2020.1.2,Win32,60,left,0.98391,3,0.50396,0,135,135,39,1,stimuli/objects/fridge.jpg,left,old,40,,,,,,,,
,,,,,,,,9,2020-10-27_12h47.09.701,premce_ses-02_part-02_label-phase2,2020.1.2,Win32,60,right,0.923255,2,0.22829,0,136,136,113,1,stimuli/objects/fortunecookie.jpg,right,new,114,,,,,,,,
,,,,,,,,9,2020-10-27_12h47.09.701,premce_ses-02_part-02_label-phase2,2020.1.2,Win32,60,left,1.095005,4,0.230325,0,137,137,24,1,stimuli/objects/christmaslights.jpg,left,old,25,,,,,,,,
,,,,,,,,9,2020-10-27_12h47.09.701,premce_ses-02_part-02_label-phase2,2020.1.2,Win32,60,left,0.91828,3,0.269005,0,138,138,59,1,stimuli/objects/forklift.jpg,left,old,60,,,,,,,,
,,,,,,,,9,2020-10-27_12h47.09.701,premce_ses-02_part-02_label-phase2,2020.1.2,Win32,60,left,0.97438,2,0.266185,0,139,139,50,1,stimuli/objects/windshieldwiper02.jpg,right,new,51,,,,,,,,
,,,,,,,,9,2020-10-27_12h47.09.701,premce_ses-02_part-02_label-phase2,2020.1.2,Win32,60,left,0.85925,4,0.326445,0,140,140,97,1,stimuli/objects/watercooler.jpg,left,old,98,,,,,,,,
,,,,,,,,9,2020-10-27_12h47.09.701,premce_ses-02_part-02_label-phase2,2020.1.2,Win32,60,left,0.802165,4,0.295905,0,141,141,150,1,stimuli/objects/asianelephant.jpg,left,old,151,,,,,,,,
,,,,,,,,9,2020-10-27_12h47.09.701,premce_ses-02_part-02_label-phase2,2020.1.2,Win32,60,right,0.887795,2,0.31439,0,142,142,86,1,stimuli/objects/gorilla.jpg,right,new,87,,,,,,,,
,,,,,,,,9,2020-10-27_12h47.09.701,premce_ses-02_part-02_label-phase2,2020.1.2,Win32,60,left,1.102125,2,0.25209,0,143,143,100,1,stimuli/objects/baseballbat.jpg,left,old,101,,,,,,,,
,,,,,,,,9,2020-10-27_12h47.09.701,premce_ses-02_part-02_label-phase2,2020.1.2,Win32,60,right,1.003515,2,0.634735,0,144,144,125,1,stimuli/objects/horse.jpg,left,old,126,,,,,,,,
,,,,,,,,9,2020-10-27_12h47.09.701,premce_ses-02_part-02_label-phase2,2020.1.2,Win32,60,left,1.218815,3,0.39975,0,145,145,38,1,stimuli/objects/coffeemaker.jpg,right,new,39,,,,,,,,
,,,,,,,,9,2020-10-27_12h47.09.701,premce_ses-02_part-02_label-phase2,2020.1.2,Win32,60,right,0.97331,4,0.281645,0,146,146,44,1,stimuli/objects/calendar.jpg,right,new,45,,,,,,,,
,,,,,,,,9,2020-10-27_12h47.09.701,premce_ses-02_part-02_label-phase2,2020.1.2,Win32,60,right,1.104605,2,0.35631,0,147,147,93,1,stimuli/objects/pirateflag.jpg,right,new,94,,,,,,,,
,,,,,,,,9,2020-10-27_12h47.09.701,premce_ses-02_part-02_label-phase2,2020.1.2,Win32,60,left,0.65534,4,0.294145,0,148,148,82,1,stimuli/objects/giraffe.jpg,left,old,83,,,,,,,,
,,,,,,,,9,2020-10-27_12h47.09.701,premce_ses-02_part-02_label-phase2,2020.1.2,Win32,60,left,1.221975,3,0.29572,0,149,149,88,1,stimuli/objects/bison.jpg,left,old,89,,,,,,,,
,,,,,,,,9,2020-10-27_12h47.09.701,premce_ses-02_part-02_label-phase2,2020.1.2,Win32,60,right,0.96733,2,0.45084,0,150,150,54,1,stimuli/objects/floorlamp.jpg,right,new,55,,,,,,,,
,,,,,,,,9,2020-10-27_12h47.09.701,premce_ses-02_part-02_label-phase2,2020.1.2,Win32,60,right,0.8576,3,2.106425,0,151,151,81,1,stimuli/objects/artichoke01b.jpg,right,new,82,,,,,,,,
,,,,,,,,9,2020-10-27_12h47.09.701,premce_ses-02_part-02_label-phase2,2020.1.2,Win32,60,left,0.903755,4,0.34121,0,152,152,37,1,stimuli/objects/donut.jpg,left,old,38,,,,,,,,
,,,,,,,,9,2020-10-27_12h47.09.701,premce_ses-02_part-02_label-phase2,2020.1.2,Win32,60,left,1.236635,3,0.365165,0,153,153,146,1,stimuli/objects/martiniglass01b.jpg,left,old,147,,,,,,,,
,,,,,,,,9,2020-10-27_12h47.09.701,premce_ses-02_part-02_label-phase2,2020.1.2,Win32,60,right,1.026335,3,0.33825,0,154,154,151,1,stimuli/objects/bolt01a.jpg,right,new,152,,,,,,,,
,,,,,,,,9,2020-10-27_12h47.09.701,premce_ses-02_part-02_label-phase2,2020.1.2,Win32,60,right,1.372795,2,0.678535,0,155,155,108,1,stimuli/objects/brassknuckle.jpg,left,old,109,,,,,,,,
,,,,,,,,9,2020-10-27_12h47.09.701,premce_ses-02_part-02_label-phase2,2020.1.2,Win32,60,right,0.831595,3,0.28941,0,156,156,77,1,stimuli/objects/aquarium.jpg,right,new,78,,,,,,,,
,,,,,,,,9,2020-10-27_12h47.09.701,premce_ses-02_part-02_label-phase2,2020.1.2,Win32,60,right,1.1813,2,0.33115,0,157,157,111,1,stimuli/objects/honeycomb.jpg,right,new,112,,,,,,,,
,,,,,,,,9,2020-10-27_12h47.09.701,premce_ses-02_part-02_label-phase2,2020.1.2,Win32,60,left,0.748715,4,0.28455,0,158,158,25,1,stimuli/objects/kiwi03.jpg,left,old,26,,,,,,,,
,,,,,,,,9,2020-10-27_12h47.09.701,premce_ses-02_part-02_label-phase2,2020.1.2,Win32,60,left,1.10945,4,0.25372,0,159,159,29,1,stimuli/objects/tombstone.jpg,left,old,30,,,,,,,,
,,,,,,,,9,2020-10-27_12h47.09.701,premce_ses-02_part-02_label-phase2,2020.1.2,Win32,60,,,,,,,,,,,,,,space,3.891105,0,1,1,0,1,ImagesforRecog1.csv
